,Date,compound,negative,neutral,positive,likes,retweets
0,2020-12-31,0,0.05888235294117646,0.8343529411764705,0.10676470588235294,3.3823529411764706,0.4117647058823529
1,2021-01-01,0,0.0728,0.8355777777777778,0.09166666666666666,7.933333333333334,0.6
2,2021-01-02,0,0.08594285714285714,0.8311428571428572,0.0828857142857143,6.3428571428571425,0.3142857142857143
3,2021-01-03,0,0.0617,0.8707,0.0676,4.325,0.925
4,2021-01-04,0,0.06428947368421052,0.835578947368421,0.10013157894736842,17.263157894736842,1.4736842105263157
5,2021-01-05,0,0.053476190476190476,0.8605238095238096,0.08595238095238095,6.880952380952381,0.5952380952380952
6,2021-01-06,0,0.04453658536585366,0.8360243902439025,0.11948780487804878,22.365853658536587,1.7560975609756098
7,2021-01-07,0,0.06168181818181818,0.8389545454545455,0.09938636363636365,2.477272727272727,0.18181818181818182
8,2021-01-08,0,0.05384210526315789,0.8647368421052631,0.08139473684210526,3.8421052631578947,0.5526315789473685
9,2021-01-09,0,0.04547368421052631,0.8572368421052632,0.0973157894736842,11.81578947368421,0.8157894736842105
10,2021-01-10,0,0.0484054054054054,0.8829729729729731,0.06864864864864866,2.2162162162162162,0.13513513513513514
11,2021-01-11,0,0.05342222222222222,0.8412888888888889,0.1053111111111111,32.31111111111111,15.4
12,2021-01-12,0,0.07244736842105264,0.8193947368421053,0.10807894736842105,5.078947368421052,0.18421052631578946
13,2021-01-13,0,0.05028571428571429,0.8512571428571428,0.09845714285714287,6.057142857142857,1.1714285714285715
14,2021-01-14,0,0.039384615384615386,0.8672051282051282,0.09343589743589743,3.7435897435897436,0.717948717948718
15,2021-01-15,0,0.05646341463414634,0.8687560975609756,0.0747560975609756,8.439024390243903,0.36585365853658536
16,2021-01-16,0,0.04684090909090909,0.8503181818181819,0.10279545454545454,6.25,0.5681818181818182
17,2021-01-17,0,0.0568,0.87668,0.06648,3.28,0.28
18,2021-01-18,1,0.03371794871794872,0.8673076923076923,0.09897435897435897,11.615384615384615,0.6923076923076923
19,2021-01-19,0,0.0911578947368421,0.8238157894736842,0.08513157894736842,3.0789473684210527,0.47368421052631576
20,2021-01-20,0,0.0722,0.8267142857142856,0.10105714285714286,1.4857142857142858,0.37142857142857144
21,2021-01-21,0,0.07161538461538462,0.8351794871794872,0.09315384615384616,6.256410256410256,0.8717948717948718
22,2021-01-22,0,0.060275,0.846575,0.0931,1.425,0.125
23,2021-01-23,0,0.04435714285714286,0.8767857142857144,0.07888095238095238,16.0,3.0476190476190474
24,2021-01-24,0,0.046425,0.8739750000000001,0.079625,3.525,0.5
25,2021-01-25,0,0.04694594594594595,0.8708918918918919,0.08213513513513514,4.918918918918919,0.24324324324324326
26,2021-01-26,0,0.06332499999999999,0.833075,0.1036,6.575,0.375
27,2021-01-27,0,0.05458974358974359,0.861,0.08438461538461538,2.3333333333333335,0.20512820512820512
28,2021-01-28,0,0.0693939393939394,0.8656969696969697,0.06493939393939394,3.6666666666666665,0.5757575757575758
29,2021-01-29,0,0.04268181818181818,0.8782954545454547,0.07902272727272727,6.7727272727272725,0.5681818181818182
30,2021-01-30,0,0.031785714285714285,0.8918571428571428,0.07638095238095238,8.80952380952381,0.6428571428571429
31,2021-01-31,0,0.06025641025641026,0.861923076923077,0.07787179487179487,9.923076923076923,1.8974358974358974
32,2021-02-01,0,0.04569444444444445,0.8601666666666667,0.09416666666666668,3.111111111111111,0.19444444444444445
33,2021-02-02,0,0.04811764705882353,0.8292647058823529,0.12261764705882351,9.735294117647058,0.8529411764705882
34,2021-02-03,0,0.04635135135135136,0.8554054054054053,0.0982162162162162,8.567567567567568,2.7837837837837838
35,2021-02-04,0,0.06804,0.84312,0.08884,16.42,2.14
36,2021-02-05,0,0.04802173913043478,0.8350869565217391,0.11689130434782609,5.217391304347826,0.8043478260869565
37,2021-02-06,0,0.03995238095238095,0.8680952380952381,0.092,7.928571428571429,1.3571428571428572
38,2021-02-07,0,0.050055555555555555,0.8540833333333333,0.09588888888888888,16.666666666666668,1.6388888888888888
39,2021-02-08,0,0.046365853658536585,0.8612439024390244,0.09239024390243904,11.21951219512195,0.8536585365853658
40,2021-02-09,0,0.052809523809523806,0.8332142857142857,0.11395238095238094,7.9523809523809526,1.880952380952381
41,2021-02-10,0,0.04721212121212121,0.8498787878787879,0.10293939393939393,5.9393939393939394,0.3333333333333333
42,2021-02-11,0,0.03223636363636364,0.8777999999999999,0.08994545454545455,49.63636363636363,8.690909090909091
43,2021-02-12,1,0.03285714285714286,0.8606190476190476,0.10661904761904761,14.428571428571429,1.3333333333333333
44,2021-02-13,0,0.04325,0.868825,0.087975,12.75,1.175
45,2021-02-14,0,0.04621875,0.8390625,0.11471875,45.1875,10.375
46,2021-02-15,0,0.06355555555555556,0.8544666666666667,0.08195555555555556,18.177777777777777,1.9777777777777779
47,2021-02-16,0,0.042025641025641026,0.8703589743589745,0.08761538461538461,4.358974358974359,0.6153846153846154
48,2021-02-17,0,0.037611111111111116,0.8915833333333334,0.07080555555555555,5.277777777777778,0.3888888888888889
49,2021-02-18,0,0.03084615384615385,0.8620769230769232,0.1071025641025641,8.256410256410257,0.5128205128205128
50,2021-02-19,0,0.06890697674418605,0.8562790697674418,0.07486046511627907,22.627906976744185,1.3488372093023255
51,2021-02-20,0,0.03872727272727273,0.8564242424242424,0.10481818181818182,10.090909090909092,0.5151515151515151
52,2021-02-21,0,0.05575,0.82645,0.117825,20.525,4.825
53,2021-02-22,0,0.07832432432432433,0.8181621621621621,0.10356756756756756,9.243243243243244,1.054054054054054
54,2021-02-23,0,0.05976315789473684,0.8332894736842105,0.10694736842105264,5.868421052631579,1.1578947368421053
55,2021-02-24,0,0.061307692307692306,0.8295384615384614,0.1091025641025641,5.435897435897436,0.46153846153846156
56,2021-02-25,0,0.04346153846153846,0.8665384615384616,0.08997435897435897,7.82051282051282,1.1538461538461537
57,2021-02-26,0,0.0535,0.8391578947368421,0.1074736842105263,13.921052631578947,3.1315789473684212
58,2021-02-27,0,0.0485625,0.84046875,0.11096875,5.65625,0.6875
59,2021-02-28,0,0.04228947368421052,0.8727105263157894,0.08502631578947369,17.57894736842105,2.1052631578947367
60,2021-03-01,0,0.042263157894736836,0.8837894736842106,0.07402631578947369,13.052631578947368,1.7105263157894737
61,2021-03-02,0,0.03221212121212121,0.8971818181818182,0.07066666666666666,15.93939393939394,2.1515151515151514
62,2021-03-03,0,0.07119047619047619,0.8671428571428572,0.0615952380952381,7.309523809523809,1.119047619047619
63,2021-03-04,0,0.03948780487804878,0.8718292682926828,0.0886829268292683,9.707317073170731,0.975609756097561
64,2021-03-05,0,0.04334375,0.8603125,0.09625,5.4375,0.90625
65,2021-03-06,0,0.04931914893617021,0.8758085106382978,0.07485106382978723,2.3617021276595747,0.3829787234042553
66,2021-03-07,0,0.04005555555555555,0.8459444444444445,0.11394444444444446,7.972222222222222,1.3055555555555556
67,2021-03-08,0,0.06781818181818182,0.8542500000000001,0.07790909090909091,6.25,0.9318181818181818
68,2021-03-09,0,0.053925,0.8670249999999999,0.07907499999999999,13.125,2.85
69,2021-03-10,0,0.04630434782608695,0.8783478260869565,0.07534782608695653,9.804347826086957,0.8913043478260869
70,2021-03-11,0,0.046,0.8652,0.08877777777777777,8.71111111111111,1.3777777777777778
71,2021-03-12,0,0.05863888888888889,0.8580277777777777,0.08336111111111111,8.055555555555555,1.0
72,2021-03-13,0,0.02605263157894737,0.8991052631578946,0.07481578947368421,10.5,1.0789473684210527
73,2021-03-14,0,0.05028571428571429,0.8591836734693877,0.09055102040816328,6.6938775510204085,0.7142857142857143
74,2021-03-15,0,0.031971428571428574,0.8922,0.07582857142857143,4.914285714285715,0.34285714285714286
75,2021-03-16,0,0.056025000000000005,0.8363250000000001,0.107625,5.25,1.075
76,2021-03-17,0,0.04947619047619047,0.8488809523809524,0.10157142857142858,4.619047619047619,0.35714285714285715
77,2021-03-18,0,0.03591176470588235,0.845764705882353,0.11826470588235294,43.029411764705884,4.205882352941177
78,2021-03-19,0,0.05358695652173913,0.8650434782608696,0.08141304347826087,9.304347826086957,0.782608695652174
79,2021-03-20,0,0.054818181818181815,0.849939393939394,0.09524242424242425,21.424242424242426,1.5151515151515151
80,2021-03-21,0,0.04707317073170732,0.8613170731707317,0.09160975609756097,14.097560975609756,1.0731707317073171
81,2021-03-22,0,0.04926086956521739,0.8568260869565217,0.09389130434782608,7.3478260869565215,0.5869565217391305
82,2021-03-23,0,0.03765714285714286,0.8652571428571428,0.097,10.742857142857142,2.057142857142857
83,2021-03-24,0,0.04697619047619048,0.8811428571428572,0.07178571428571429,12.023809523809524,1.2857142857142858
84,2021-03-25,0,0.0459375,0.85190625,0.1021875,5.9375,0.71875
85,2021-03-26,0,0.0631875,0.8725,0.06433333333333334,15.854166666666666,2.7291666666666665
86,2021-03-27,0,0.027522727272727275,0.8774318181818181,0.0950909090909091,10.545454545454545,2.25
87,2021-03-28,1,0.03557142857142857,0.8469761904761904,0.11745238095238095,17.023809523809526,2.6904761904761907
88,2021-03-29,1,0.044717948717948715,0.8329743589743589,0.12233333333333334,19.564102564102566,4.230769230769231
89,2021-03-30,1,0.03804878048780488,0.8361707317073171,0.12573170731707317,9.75609756097561,1.1219512195121952
90,2021-03-31,0,0.03673684210526316,0.8456842105263158,0.11760526315789474,22.236842105263158,3.263157894736842
91,2021-04-01,0,0.0656829268292683,0.8435853658536586,0.09068292682926829,12.78048780487805,1.4878048780487805
92,2021-04-02,0,0.054978723404255324,0.8258297872340425,0.11917021276595745,3.74468085106383,0.40425531914893614
93,2021-04-03,0,0.04487878787878788,0.8674242424242424,0.0876969696969697,5.545454545454546,0.9696969696969697
94,2021-04-04,1,0.04275862068965517,0.8522758620689656,0.10489655172413792,9.448275862068966,1.4137931034482758
95,2021-04-05,0,0.04591836734693878,0.8595510204081633,0.09455102040816327,10.877551020408163,1.469387755102041
96,2021-04-06,0,0.06071428571428571,0.8514761904761905,0.08780952380952381,4.642857142857143,0.8571428571428571
97,2021-04-07,0,0.05758139534883721,0.8401860465116279,0.10216279069767441,7.6976744186046515,0.9767441860465116
98,2021-04-08,0,0.037125000000000005,0.879175,0.0837,10.8,2.075
99,2021-04-09,0,0.041666666666666664,0.8835277777777778,0.07480555555555556,11.88888888888889,1.25
100,2021-04-10,0,0.06262790697674418,0.8268372093023256,0.11048837209302326,17.46511627906977,1.5116279069767442
101,2021-04-11,0,0.03754285714285714,0.8844285714285715,0.07802857142857142,13.2,3.342857142857143
102,2021-04-12,1,0.0272,0.8533333333333333,0.11942222222222222,16.31111111111111,1.8
103,2021-04-13,0,0.05697297297297298,0.8797297297297296,0.0632972972972973,51.86486486486486,5.4324324324324325
104,2021-04-14,0,0.05905769230769231,0.8335384615384616,0.10744230769230768,11.961538461538462,0.9423076923076923
105,2021-04-15,0,0.04644444444444445,0.8476666666666666,0.10586111111111111,25.583333333333332,3.2777777777777777
106,2021-04-16,0,0.0353,0.86992,0.09474,25.48,4.1
107,2021-04-17,0,0.0725,0.80653125,0.1209375,40.03125,5.0
108,2021-04-18,0,0.04569767441860465,0.839953488372093,0.11434883720930232,12.023255813953488,2.7209302325581395
109,2021-04-19,0,0.05623076923076923,0.8484102564102565,0.09525641025641025,36.717948717948715,2.7435897435897436
110,2021-04-20,0,0.03907692307692308,0.8492820512820513,0.11164102564102564,140.4102564102564,41.15384615384615
111,2021-04-21,0,0.035627906976744186,0.8710232558139535,0.0933720930232558,5.5813953488372094,0.6976744186046512
112,2021-04-22,0,0.04995348837209303,0.8400232558139535,0.11004651162790698,6.8604651162790695,0.8604651162790697
113,2021-04-23,0,0.04305263157894737,0.8709210526315789,0.08605263157894737,52.81578947368421,3.973684210526316
114,2021-04-24,0,0.0359,0.8838250000000001,0.080275,3.45,0.875
115,2021-04-25,0,0.05677777777777778,0.8448222222222223,0.0984,9.222222222222221,1.6888888888888889
116,2021-04-26,0,0.04517073170731708,0.8522439024390244,0.10265853658536585,254.0,74.46341463414635
117,2021-04-27,0,0.03866666666666666,0.8878333333333334,0.07347222222222222,12.305555555555555,1.2222222222222223
118,2021-04-28,0,0.04237837837837838,0.8742432432432433,0.08329729729729729,51.08108108108108,6.648648648648648
119,2021-04-29,0,0.043,0.8827209302325582,0.07420930232558139,22.53488372093023,4.116279069767442
120,2021-04-30,0,0.051512195121951224,0.863731707317073,0.08475609756097562,5.487804878048781,0.2926829268292683
121,2021-05-01,0,0.053794871794871794,0.8231794871794872,0.12297435897435897,8.846153846153847,1.2820512820512822
122,2021-05-02,0,0.056325,0.85925,0.0844,6.05,0.9
123,2021-05-03,0,0.04355,0.8605499999999999,0.0959,21.225,2.225
124,2021-05-04,0,0.04245238095238095,0.8742380952380954,0.0832857142857143,67.66666666666667,9.571428571428571
125,2021-05-05,0,0.04851111111111111,0.8606222222222223,0.09084444444444445,23.044444444444444,1.711111111111111
126,2021-05-06,0,0.07482222222222222,0.8427777777777777,0.08244444444444445,12.88888888888889,2.088888888888889
127,2021-05-07,0,0.047047619047619046,0.8366904761904761,0.11638095238095238,16.0,1.2857142857142858
128,2021-05-08,0,0.03502325581395349,0.8442093023255814,0.12074418604651163,31.209302325581394,4.348837209302325
129,2021-05-09,0,0.05402777777777778,0.8293055555555555,0.11669444444444446,13.166666666666666,1.6111111111111112
130,2021-05-10,0,0.051254545454545455,0.8462181818181819,0.10252727272727273,48.92727272727273,8.763636363636364
131,2021-05-11,0,0.07,0.829625,0.1003125,9.5625,0.75
132,2021-05-12,0,0.04636842105263158,0.8576315789473685,0.096,15.236842105263158,2.6842105263157894
133,2021-05-13,0,0.06265909090909091,0.8534772727272727,0.08384090909090909,9.977272727272727,1.5454545454545454
134,2021-05-14,0,0.06972222222222221,0.8323611111111111,0.09794444444444445,13.61111111111111,3.5277777777777777
135,2021-05-15,0,0.05169767441860465,0.8390697674418605,0.10925581395348838,17.441860465116278,4.0
136,2021-05-16,0,0.05097826086956521,0.8641739130434783,0.08486956521739131,38.23913043478261,4.956521739130435
137,2021-05-17,0,0.05064864864864865,0.8345135135135134,0.11478378378378377,11.08108108108108,1.1891891891891893
138,2021-05-18,0,0.0712,0.8629600000000001,0.06588,13.5,2.56
139,2021-05-19,1,0.04223333333333333,0.8371666666666666,0.1206,18.833333333333332,2.1666666666666665
140,2021-05-20,0,0.06597872340425531,0.8401914893617021,0.0938936170212766,4.787234042553192,0.9787234042553191
141,2021-05-21,0,0.07746153846153846,0.8364615384615385,0.08607692307692308,56.84615384615385,4.358974358974359
142,2021-05-22,0,0.04082051282051282,0.8661794871794871,0.093,8.846153846153847,1.1538461538461537
143,2021-05-23,0,0.05793617021276595,0.8552127659574468,0.08680851063829788,8.191489361702128,1.6595744680851063
144,2021-05-24,0,0.03135483870967742,0.869,0.09961290322580646,11.935483870967742,1.5161290322580645
145,2021-05-25,1,0.04574418604651163,0.8219302325581395,0.1323720930232558,23.162790697674417,2.395348837209302
146,2021-05-26,0,0.060279069767441865,0.8591627906976744,0.08055813953488372,17.837209302325583,2.372093023255814
147,2021-05-27,0,0.04021875,0.88278125,0.077,16.21875,3.0625
148,2021-05-28,0,0.047650000000000005,0.8900500000000001,0.062325,13.925,2.725
149,2021-05-29,0,0.049923076923076924,0.8247692307692307,0.12533333333333332,5.384615384615385,0.7692307692307693
150,2021-05-30,0,0.05088636363636363,0.8756136363636364,0.07345454545454545,3.6818181818181817,0.25
151,2021-05-31,0,0.03605,0.88445,0.07957499999999999,10.9,2.0
152,2021-06-01,0,0.0478125,0.84853125,0.1036875,14.34375,2.65625
153,2021-06-02,0,0.052645833333333336,0.8255416666666666,0.12185416666666667,54.541666666666664,9.583333333333334
154,2021-06-03,0,0.046975,0.8763,0.07667500000000001,23.6,3.7
155,2021-06-04,1,0.042951219512195125,0.8258536585365853,0.1311219512195122,48.90243902439025,10.902439024390244
156,2021-06-05,0,0.06518867924528302,0.8527735849056605,0.082,9.320754716981131,1.9433962264150944
157,2021-06-06,0,0.05609677419354839,0.8683548387096774,0.07558064516129032,8.806451612903226,1.5806451612903225
158,2021-06-07,0,0.08082222222222223,0.8304888888888888,0.08873333333333333,15.0,2.511111111111111
159,2021-06-08,0,0.05056756756756757,0.8385405405405405,0.11086486486486487,6.243243243243243,1.027027027027027
160,2021-06-09,0,0.07811111111111112,0.8357777777777777,0.08611111111111112,9.962962962962964,0.9629629629629629
161,2021-06-10,0,0.05030909090909091,0.8287636363636364,0.12094545454545455,8.781818181818181,6.090909090909091
162,2021-06-11,0,0.07500000000000001,0.816780487804878,0.10829268292682928,42.21951219512195,15.365853658536585
163,2021-06-12,0,0.055675675675675676,0.8341351351351352,0.11013513513513513,8.594594594594595,1.4054054054054055
164,2021-06-13,0,0.05777272727272727,0.8237272727272728,0.11854545454545455,3.772727272727273,0.4090909090909091
165,2021-06-14,0,0.07815909090909091,0.8230909090909091,0.09874999999999999,7.204545454545454,0.8863636363636364
166,2021-06-15,0,0.04638095238095238,0.8672857142857143,0.0864047619047619,14.023809523809524,3.0
167,2021-06-16,0,0.04694444444444444,0.8580000000000001,0.09502777777777777,4.805555555555555,0.4444444444444444
168,2021-06-17,0,0.052341463414634144,0.8898292682926828,0.05785365853658536,22.902439024390244,5.073170731707317
169,2021-06-18,0,0.051289473684210524,0.8698684210526316,0.0788421052631579,10.0,2.526315789473684
170,2021-06-19,1,0.048952380952380956,0.8268809523809524,0.1241904761904762,4.880952380952381,0.5714285714285714
171,2021-06-20,0,0.06287096774193549,0.8305161290322581,0.10670967741935483,2.5161290322580645,0.6774193548387096
172,2021-06-21,0,0.05131578947368421,0.8636578947368422,0.08505263157894738,29.710526315789473,5.052631578947368
173,2021-06-22,0,0.06373170731707317,0.8273170731707318,0.10897560975609756,5.097560975609756,1.8780487804878048
174,2021-06-23,0,0.05307894736842105,0.8358947368421052,0.11094736842105264,77.73684210526316,21.36842105263158
175,2021-06-24,0,0.04138461538461538,0.8418461538461539,0.11674358974358974,17.025641025641026,1.4871794871794872
176,2021-06-25,0,0.07151923076923077,0.8198076923076923,0.10871153846153846,10.961538461538462,1.8653846153846154
177,2021-06-26,0,0.08025806451612903,0.8260645161290323,0.09367741935483871,10.258064516129032,2.774193548387097
178,2021-06-27,0,0.06318,0.8447,0.09212,2.8,0.2
179,2021-06-28,0,0.05090625,0.8624375,0.0866875,13.6875,0.46875
180,2021-06-29,0,0.048877551020408166,0.8450408163265305,0.10614285714285714,5.081632653061225,1.0408163265306123
181,2021-06-30,0,0.03961290322580645,0.8769354838709676,0.0834516129032258,13.96774193548387,0.2903225806451613
182,2021-07-01,1,0.03660526315789474,0.863078947368421,0.1003421052631579,7.605263157894737,1.105263157894737
183,2021-07-02,0,0.059583333333333335,0.8705833333333334,0.06988888888888889,8.694444444444445,1.6666666666666667
184,2021-07-03,0,0.061,0.8338947368421052,0.10513157894736842,18.55263157894737,2.0
185,2021-07-04,0,0.050780487804878045,0.8354634146341463,0.11370731707317074,6.634146341463414,0.8292682926829268
186,2021-07-05,0,0.048973684210526315,0.8395526315789473,0.11144736842105264,5.921052631578948,0.9736842105263158
187,2021-07-06,0,0.055547619047619054,0.8694047619047619,0.07507142857142857,17.452380952380953,2.0714285714285716
188,2021-07-07,0,0.039,0.8905294117647058,0.07044117647058823,6.117647058823529,0.7352941176470589
189,2021-07-08,0,0.06748717948717949,0.8507179487179487,0.08184615384615385,5.846153846153846,0.6923076923076923
190,2021-07-09,0,0.08746511627906978,0.8127674418604651,0.09974418604651163,16.53488372093023,7.3023255813953485
191,2021-07-10,0,0.06619444444444444,0.847111111111111,0.08672222222222221,2.111111111111111,0.4166666666666667
192,2021-07-11,0,0.043323529411764705,0.8716470588235294,0.08502941176470588,10.382352941176471,2.0588235294117645
193,2021-07-12,0,0.05592307692307692,0.8615384615384616,0.08248717948717949,40.56410256410256,3.0256410256410255
194,2021-07-13,0,0.06255555555555554,0.8429166666666666,0.09452777777777778,5.916666666666667,0.8055555555555556
195,2021-07-14,0,0.045024999999999996,0.88385,0.07112500000000001,17.6,3.25
196,2021-07-15,0,0.04665957446808511,0.8556170212765957,0.0976595744680851,5.25531914893617,0.5531914893617021
197,2021-07-16,0,0.03553125,0.88234375,0.0821875,7.8125,1.4375
198,2021-07-17,0,0.062275000000000004,0.829775,0.10792500000000001,5.45,0.5
199,2021-07-18,0,0.07954285714285715,0.8186,0.10182857142857143,2.914285714285714,0.42857142857142855
200,2021-07-19,0,0.07704651162790697,0.8371162790697675,0.0857906976744186,8.55813953488372,1.3953488372093024
201,2021-07-20,0,0.05780952380952381,0.8644047619047619,0.07776190476190477,10.095238095238095,2.4047619047619047
202,2021-07-21,0,0.05877777777777778,0.8303888888888888,0.11083333333333333,29.77777777777778,9.36111111111111
203,2021-07-22,0,0.055125,0.8284499999999999,0.116425,5.45,1.0
204,2021-07-23,1,0.02945238095238095,0.8385238095238094,0.13207142857142856,9.547619047619047,1.9523809523809523
205,2021-07-24,0,0.04688888888888889,0.8284074074074075,0.1247037037037037,2.6666666666666665,0.5925925925925926
206,2021-07-25,0,0.07669444444444445,0.8333333333333334,0.08997222222222222,16.72222222222222,1.3888888888888888
207,2021-07-26,0,0.035312500000000004,0.86340625,0.101375,18.78125,3.34375
208,2021-07-27,0,0.0711,0.852225,0.07667500000000001,10.725,2.05
209,2021-07-28,0,0.07055555555555555,0.810861111111111,0.11863888888888889,2.4444444444444446,0.4444444444444444
210,2021-07-29,0,0.061085714285714285,0.8602285714285715,0.07871428571428571,3.3142857142857145,0.7428571428571429
211,2021-07-30,0,0.07145,0.854025,0.074475,3.6,0.8
212,2021-07-31,0,0.0814,0.7934,0.12516666666666668,4.433333333333334,0.8
213,2021-08-01,0,0.06926530612244898,0.8030816326530612,0.1276938775510204,8.020408163265307,1.0408163265306123
214,2021-08-02,0,0.06830303030303031,0.8422121212121212,0.08945454545454545,21.78787878787879,8.515151515151516
215,2021-08-03,0,0.03441860465116279,0.8905348837209303,0.07506976744186046,4.627906976744186,0.6046511627906976
216,2021-08-04,0,0.0665,0.883,0.050470588235294114,4.823529411764706,1.8529411764705883
217,2021-08-05,0,0.034775,0.8969250000000001,0.06822500000000001,34.8,8.2
218,2021-08-06,0,0.02655,0.9029,0.0705,8.2,0.95
219,2021-08-07,1,0.034423076923076924,0.81725,0.1483076923076923,18.48076923076923,19.173076923076923
220,2021-08-08,0,0.056451612903225805,0.8659354838709677,0.07761290322580644,9.451612903225806,2.032258064516129
221,2021-08-09,0,0.07197222222222223,0.8303333333333334,0.09780555555555555,6.222222222222222,0.7777777777777778
222,2021-08-10,0,0.037175,0.8793749999999999,0.083475,4.875,0.55
223,2021-08-11,0,0.041658536585365856,0.8717317073170732,0.08653658536585367,6.780487804878049,1.7560975609756098
224,2021-08-12,0,0.05580645161290323,0.8730645161290321,0.07116129032258064,415.61290322580646,65.74193548387096
225,2021-08-13,0,0.06486046511627908,0.8436279069767443,0.09153488372093023,9.325581395348838,1.302325581395349
226,2021-08-14,0,0.06420689655172414,0.8595862068965517,0.07624137931034483,91.41379310344827,23.06896551724138
227,2021-08-15,0,0.05354761904761905,0.8528095238095238,0.09366666666666666,9.095238095238095,0.6904761904761905
228,2021-08-16,0,0.0436875,0.8421562499999999,0.11425,10.34375,1.125
229,2021-08-17,0,0.053642857142857145,0.8798809523809523,0.06642857142857143,11.095238095238095,5.9523809523809526
230,2021-08-18,1,0.026604651162790694,0.864953488372093,0.10846511627906975,1.813953488372093,0.18604651162790697
231,2021-08-19,0,0.0706551724137931,0.8674137931034483,0.06193103448275862,3.6551724137931036,0.3448275862068966
232,2021-08-20,0,0.0386,0.91145,0.049975,5.05,0.525
233,2021-08-21,0,0.03503225806451613,0.8745483870967742,0.09035483870967742,33.483870967741936,5.741935483870968
234,2021-08-22,0,0.061657894736842106,0.8473947368421053,0.09094736842105262,6.2368421052631575,0.6578947368421053
235,2021-08-23,0,0.0545,0.8590555555555556,0.08644444444444445,42.53703703703704,4.481481481481482
236,2021-08-24,0,0.04423333333333333,0.8628666666666667,0.09283333333333334,8.0,2.9
237,2021-08-25,0,0.09470212765957448,0.8418936170212766,0.06348936170212766,6.425531914893617,1.2127659574468086
238,2021-08-26,0,0.06180000000000001,0.8549714285714286,0.08322857142857143,9.457142857142857,2.6
239,2021-08-27,0,0.06348717948717948,0.8749230769230769,0.06156410256410256,6.102564102564102,1.7435897435897436
240,2021-08-28,0,0.08248,0.8362,0.08132,8.08,1.48
241,2021-08-29,0,0.052625,0.8668125,0.08053125,24.34375,2.40625
242,2021-08-30,0,0.05241935483870968,0.8514516129032258,0.0960967741935484,10.451612903225806,1.8064516129032258
243,2021-08-31,0,0.0322093023255814,0.848,0.1198139534883721,9.790697674418604,1.2093023255813953
244,2021-09-01,0,0.037928571428571436,0.9094761904761904,0.0525952380952381,62.23809523809524,10.69047619047619
245,2021-09-02,0,0.03937142857142857,0.8875714285714286,0.07308571428571428,10.4,2.5142857142857142
246,2021-09-03,0,0.05244117647058824,0.8310000000000001,0.11655882352941177,27.558823529411764,2.9705882352941178
247,2021-09-04,0,0.04378260869565217,0.8695869565217391,0.08663043478260869,4.956521739130435,0.2826086956521739
248,2021-09-05,0,0.05190476190476191,0.8560476190476191,0.09204761904761904,5.0,1.0952380952380953
249,2021-09-06,0,0.016055555555555556,0.9126388888888888,0.07130555555555557,16.083333333333332,3.388888888888889
250,2021-09-07,0,0.07321212121212121,0.8445454545454546,0.08227272727272728,11.727272727272727,1.606060606060606
251,2021-09-08,0,0.06117777777777778,0.8594222222222222,0.0794,8.022222222222222,0.8666666666666667
252,2021-09-09,0,0.050093023255813954,0.8774651162790698,0.07244186046511629,8.604651162790697,1.5348837209302326
253,2021-09-10,0,0.09037500000000001,0.83525,0.074375,71.75,10.1
254,2021-09-11,0,0.06047727272727273,0.8680454545454546,0.0715,23.204545454545453,5.0
255,2021-09-12,0,0.04191176470588236,0.8906470588235295,0.06744117647058824,31.029411764705884,3.4411764705882355
256,2021-09-13,0,0.044073170731707315,0.8657560975609757,0.09019512195121951,10.829268292682928,1.6097560975609757
257,2021-09-14,0,0.07915625,0.82453125,0.0963125,9.0625,1.625
258,2021-09-15,0,0.06191111111111111,0.8513555555555555,0.08677777777777779,21.0,3.6666666666666665
259,2021-09-16,0,0.05139024390243903,0.8414878048780488,0.10707317073170732,5.146341463414634,0.7560975609756098
260,2021-09-17,0,0.044750000000000005,0.842,0.11316666666666668,7.583333333333333,1.0
261,2021-09-18,1,0.06220833333333333,0.7946875000000001,0.14314583333333333,35.354166666666664,31.770833333333332
262,2021-09-19,0,0.056139534883720935,0.8756976744186047,0.06813953488372093,6.27906976744186,1.3488372093023255
263,2021-09-20,0,0.06826190476190476,0.8457857142857144,0.08595238095238095,2.8333333333333335,0.2619047619047619
264,2021-09-21,-1,0.09944736842105263,0.8597894736842104,0.040868421052631575,5.157894736842105,0.7894736842105263
265,2021-09-22,0,0.054921052631578954,0.9001315789473684,0.04494736842105263,3.473684210526316,0.5
266,2021-09-23,0,0.06080555555555556,0.8388888888888889,0.10036111111111111,7.944444444444445,1.4166666666666667
267,2021-09-24,0,0.0553421052631579,0.8688684210526316,0.07581578947368421,20.763157894736842,2.6315789473684212
268,2021-09-25,0,0.04711904761904762,0.8761428571428572,0.07666666666666667,10.761904761904763,0.9523809523809523
269,2021-09-26,0,0.06202777777777778,0.8780555555555556,0.059805555555555556,5.083333333333333,0.9444444444444444
270,2021-09-27,0,0.07878846153846153,0.848576923076923,0.07259615384615384,7.173076923076923,0.9807692307692307
271,2021-09-28,0,0.06097368421052632,0.8763157894736842,0.06273684210526316,6.868421052631579,1.6578947368421053
272,2021-09-29,0,0.058482758620689655,0.8351724137931034,0.10631034482758621,11.241379310344827,1.3103448275862069
273,2021-09-30,0,0.02795744680851064,0.8984255319148936,0.07357446808510638,3.765957446808511,1.127659574468085
274,2021-10-01,1,0.03552173913043478,0.8603478260869565,0.104,14.956521739130435,2.369565217391304
275,2021-10-02,0,0.06305128205128205,0.8522307692307692,0.08469230769230769,6.17948717948718,0.717948717948718
276,2021-10-03,1,0.022962962962962963,0.8729259259259259,0.10411111111111111,18.0,5.814814814814815
277,2021-10-04,0,0.06166666666666667,0.8467450980392156,0.09162745098039216,6.745098039215686,0.8823529411764706
278,2021-10-05,1,0.02615151515151515,0.8654242424242424,0.10839393939393939,14.878787878787879,2.0606060606060606
279,2021-10-06,0,0.05021052631578947,0.8734210526315789,0.07634210526315789,12.210526315789474,1.8157894736842106
280,2021-10-07,0,0.07170454545454545,0.8505227272727273,0.07772727272727273,21.65909090909091,2.5454545454545454
281,2021-10-08,0,0.10180952380952381,0.802142857142857,0.09604761904761905,4.071428571428571,0.6190476190476191
282,2021-10-09,0,0.0558,0.8801714285714286,0.06408571428571429,2.857142857142857,0.2571428571428571
283,2021-10-10,0,0.06517021276595746,0.8296382978723404,0.10519148936170213,10.127659574468085,0.5957446808510638
284,2021-10-11,0,0.044609756097560974,0.8804146341463415,0.07492682926829268,6.146341463414634,1.2195121951219512
285,2021-10-12,0,0.055119047619047616,0.8598095238095238,0.08504761904761905,9.238095238095237,0.7380952380952381
286,2021-10-13,1,0.042140350877192985,0.7822105263157895,0.17563157894736842,26.70175438596491,32.94736842105263
287,2021-10-14,0,0.08671428571428572,0.8488571428571429,0.06442857142857143,3.7142857142857144,0.5238095238095238
288,2021-10-15,0,0.059125000000000004,0.87835,0.062575,7.675,0.65
289,2021-10-16,0,0.08337837837837837,0.8455675675675676,0.07108108108108108,15.378378378378379,1.7027027027027026
290,2021-10-17,0,0.025325000000000004,0.89635,0.07827500000000001,12.9,1.725
291,2021-10-18,0,0.09631707317073171,0.7717560975609756,0.1318780487804878,4.024390243902439,0.7073170731707317
292,2021-10-19,0,0.04960869565217391,0.8354782608695652,0.1148695652173913,8.26086956521739,1.826086956521739
293,2021-10-20,0,0.07945762711864407,0.8442542372881356,0.07632203389830508,10.491525423728813,1.7118644067796611
294,2021-10-21,0,0.06816326530612245,0.8642448979591837,0.06759183673469388,27.3265306122449,1.9387755102040816
295,2021-10-22,0,0.05622222222222222,0.8412222222222222,0.1025925925925926,7.333333333333333,0.5185185185185185
296,2021-10-23,0,0.07548571428571428,0.8562,0.06831428571428572,6.457142857142857,0.5714285714285714
297,2021-10-24,0,0.07111764705882354,0.8308235294117647,0.09809803921568627,8.07843137254902,1.5686274509803921
298,2021-10-25,0,0.04436734693877551,0.8627755102040817,0.09279591836734694,8.020408163265307,2.5918367346938775
299,2021-10-26,0,0.026631578947368423,0.8941842105263158,0.07923684210526316,18.86842105263158,1.236842105263158
300,2021-10-27,0,0.05781578947368421,0.8245789473684211,0.11765789473684211,20.394736842105264,3.789473684210526
301,2021-10-28,1,0.03690243902439024,0.844609756097561,0.11841463414634146,16.75609756097561,1.6341463414634145
302,2021-10-29,0,0.046650000000000004,0.8361000000000001,0.1172,55.025,6.275
303,2021-10-30,0,0.05485416666666667,0.8533125,0.09183333333333332,18.25,2.2708333333333335
304,2021-10-31,0,0.045515151515151515,0.8773030303030304,0.07718181818181818,24.272727272727273,3.6666666666666665
305,2021-11-01,0,0.03997826086956522,0.8715434782608696,0.0885,12.847826086956522,3.891304347826087
306,2021-11-02,0,0.04115789473684211,0.8521842105263159,0.1066578947368421,36.10526315789474,2.526315789473684
307,2021-11-03,0,0.05970454545454545,0.8727954545454545,0.06761363636363636,18.704545454545453,3.1818181818181817
308,2021-11-04,0,0.05236363636363636,0.845,0.10263636363636364,43.81818181818182,13.931818181818182
309,2021-11-05,0,0.04672727272727273,0.8598636363636363,0.09336363636363636,7.840909090909091,0.8863636363636364
310,2021-11-06,0,0.03970270270270271,0.8627567567567568,0.09754054054054054,21.324324324324323,2.081081081081081
311,2021-11-07,0,0.03323076923076923,0.887948717948718,0.07882051282051282,27.846153846153847,5.538461538461538
312,2021-11-08,0,0.05953061224489795,0.8797755102040816,0.0606734693877551,219.28571428571428,31.3265306122449
313,2021-11-09,0,0.056129032258064517,0.8440000000000001,0.09987096774193549,9.548387096774194,1.1612903225806452
314,2021-11-10,0,0.03108571428571429,0.8597428571428571,0.10917142857142856,14.028571428571428,2.0285714285714285
315,2021-11-11,0,0.05516,0.8386199999999999,0.10622,15.08,5.34
316,2021-11-12,0,0.0494054054054054,0.878054054054054,0.0725945945945946,86.27027027027027,20.0
317,2021-11-13,0,0.042410256410256406,0.8426410256410256,0.11494871794871794,7.948717948717949,1.2820512820512822
318,2021-11-14,0,0.06436363636363636,0.8373863636363637,0.09827272727272728,41.81818181818182,6.386363636363637
319,2021-11-15,0,0.042416666666666665,0.8802222222222222,0.07736111111111112,18.52777777777778,4.0
320,2021-11-16,0,0.04528205128205128,0.8500512820512821,0.10464102564102565,30.974358974358974,2.2564102564102564
321,2021-11-17,0,0.066,0.8556216216216217,0.07837837837837838,23.135135135135137,4.324324324324325
322,2021-11-18,0,0.06382499999999999,0.835075,0.10110000000000001,37.525,4.325
323,2021-11-19,0,0.06454545454545454,0.8529393939393939,0.08245454545454546,9.818181818181818,1.0606060606060606
324,2021-11-20,0,0.050595238095238096,0.8644999999999999,0.0849047619047619,8.19047619047619,1.0476190476190477
325,2021-11-21,0,0.05415909090909091,0.8828863636363636,0.06297727272727273,18.25,3.9545454545454546
326,2021-11-22,0,0.08688235294117648,0.8369705882352941,0.07620588235294116,4.5588235294117645,0.5
327,2021-11-23,0,0.02569047619047619,0.8861904761904762,0.08811904761904762,8.714285714285714,1.380952380952381
328,2021-11-24,0,0.052441176470588234,0.8654999999999999,0.08199999999999999,25.11764705882353,3.0588235294117645
329,2021-11-25,0,0.09957777777777778,0.8167333333333333,0.08366666666666667,44.2,5.133333333333334
330,2021-11-26,0,0.09780000000000001,0.8381333333333333,0.064,20.5,1.9333333333333333
331,2021-11-27,0,0.0581,0.8568250000000001,0.085075,12.4,1.1
332,2021-11-28,1,0.041171428571428574,0.7931714285714285,0.1656857142857143,40.51428571428571,12.457142857142857
333,2021-11-29,0,0.07219148936170212,0.8476808510638298,0.08017021276595745,10.446808510638299,1.1702127659574468
334,2021-11-30,0,0.048086956521739124,0.8597391304347827,0.09219565217391304,8.717391304347826,0.9565217391304348
335,2021-12-01,0,0.05352631578947368,0.876421052631579,0.07005263157894737,6.947368421052632,0.6842105263157895
336,2021-12-02,0,0.049381818181818186,0.856,0.09461818181818181,13.472727272727273,3.8727272727272726
337,2021-12-03,0,0.04873076923076923,0.8697692307692308,0.08153846153846155,5.846153846153846,1.6923076923076923
338,2021-12-04,0,0.091525,0.786675,0.121875,12.375,1.5
339,2021-12-05,0,0.039925,0.857925,0.1022,51.65,8.35
340,2021-12-06,0,0.06654761904761905,0.8350238095238095,0.09845238095238094,7.666666666666667,1.119047619047619
341,2021-12-07,0,0.03023684210526316,0.8809210526315789,0.08886842105263157,12.947368421052632,1.4473684210526316
342,2021-12-08,0,0.06717647058823528,0.8335588235294118,0.09923529411764706,26.029411764705884,2.6470588235294117
343,2021-12-09,0,0.05826923076923077,0.8399038461538461,0.10178846153846154,13.73076923076923,2.3846153846153846
344,2021-12-10,0,0.055400000000000005,0.8304750000000001,0.114125,6.2,2.65
345,2021-12-11,0,0.0616046511627907,0.8403488372093023,0.098,8.674418604651162,1.4883720930232558
346,2021-12-12,0,0.0647027027027027,0.8286486486486486,0.10662162162162163,16.405405405405407,2.6486486486486487
347,2021-12-13,1,0.06352777777777778,0.7925833333333334,0.14388888888888887,10.722222222222221,1.4444444444444444
348,2021-12-14,1,0.04076923076923077,0.8406410256410256,0.11858974358974358,4.769230769230769,1.3846153846153846
349,2021-12-15,0,0.07689473684210527,0.8085789473684211,0.1145,4.447368421052632,0.9473684210526315
350,2021-12-16,0,0.07025714285714287,0.8193714285714286,0.11022857142857143,21.142857142857142,1.8571428571428572
351,2021-12-17,0,0.054,0.8532894736842105,0.09271052631578948,13.263157894736842,1.5526315789473684
352,2021-12-18,0,0.057424242424242426,0.8738484848484849,0.0686969696969697,18.666666666666668,1.606060606060606
353,2021-12-19,0,0.07652380952380952,0.8173571428571429,0.10614285714285715,9.666666666666666,2.6904761904761907
354,2021-12-20,0,0.048594594594594594,0.867,0.08435135135135136,10.297297297297296,1.5675675675675675
355,2021-12-21,0,0.041875,0.878325,0.07975,9.075,1.425
356,2021-12-22,0,0.05375757575757576,0.8515757575757575,0.0946969696969697,20.060606060606062,1.7575757575757576
357,2021-12-23,0,0.06330434782608696,0.8556521739130435,0.08102173913043478,9.434782608695652,0.6086956521739131
358,2021-12-24,0,0.06727272727272728,0.8300681818181819,0.10268181818181818,3.6818181818181817,0.3181818181818182
359,2021-12-25,0,0.07357142857142858,0.8557499999999999,0.07071428571428572,3.142857142857143,0.32142857142857145
360,2021-12-26,0,0.05107407407407408,0.8321481481481482,0.11677777777777777,3.962962962962963,0.4074074074074074
361,2021-12-27,0,0.055086956521739124,0.8687608695652174,0.0761304347826087,7.282608695652174,1.6521739130434783
362,2021-12-28,0,0.09242500000000001,0.8310000000000001,0.07642499999999999,40.9,3.575
363,2021-12-29,0,0.04605,0.881325,0.07264999999999999,28.675,3.975
364,2021-12-30,0,0.04175342465753425,0.8511232876712328,0.10713698630136986,13.780821917808218,0.7123287671232876
