Date,Unnamed: 0,compound,negative,neutral,positive,likes,retweets,Close
2021-01-01,1,0,0.0728,0.8355777777777778,0.0916666666666666,7.933333333333334,0.6,0.0019039999460801
2021-01-02,2,0,0.0859428571428571,0.8311428571428572,0.0828857142857143,6.342857142857143,0.3142857142857143,0.0019330000504851
2021-01-03,3,0,0.0617,0.8707,0.0676,4.325,0.925,0.0020469999872148
2021-01-04,4,0,0.0642894736842105,0.835578947368421,0.1001315789473684,17.263157894736842,1.4736842105263157,0.0018570000538602
2021-01-05,5,0,0.0534761904761904,0.8605238095238096,0.0859523809523809,6.880952380952381,0.5952380952380952,0.0018960000015795
2021-01-06,6,0,0.0445365853658536,0.8360243902439025,0.1194878048780487,22.365853658536587,1.7560975609756098,0.0019980000797659
2021-01-07,7,0,0.0616818181818181,0.8389545454545455,0.0993863636363636,2.477272727272727,0.1818181818181818,0.0019640000537037
2021-01-08,8,0,0.0538421052631578,0.8647368421052631,0.0813947368421052,3.842105263157895,0.5526315789473685,0.0018899999558925
2021-01-09,9,0,0.0454736842105263,0.8572368421052632,0.0973157894736842,11.81578947368421,0.8157894736842105,0.0019610000308603
2021-01-10,10,0,0.0484054054054054,0.8829729729729731,0.0686486486486486,2.216216216216216,0.1351351351351351,0.0018670000135898
2021-01-11,11,0,0.0534222222222222,0.8412888888888889,0.1053111111111111,32.31111111111111,15.4,0.0016809999942779
2021-01-12,12,0,0.0724473684210526,0.8193947368421053,0.108078947368421,5.078947368421052,0.1842105263157894,0.0015539999585598
2021-01-13,13,0,0.0502857142857142,0.8512571428571428,0.0984571428571428,6.057142857142857,1.1714285714285717,0.0017300000181421
2021-01-14,14,0,0.0393846153846153,0.8672051282051282,0.0934358974358974,3.743589743589744,0.717948717948718,0.0017280000029131
2021-01-15,15,0,0.0564634146341463,0.8687560975609756,0.0747560975609756,8.439024390243903,0.3658536585365853,0.0017010000301524
2021-01-16,16,0,0.046840909090909,0.8503181818181819,0.1027954545454545,6.25,0.5681818181818182,0.0017430000007152
2021-01-17,17,0,0.0568,0.87668,0.06648,3.28,0.28,0.0017069999594241
2021-01-18,18,1,0.0337179487179487,0.8673076923076923,0.0989743589743589,11.615384615384617,0.6923076923076923,0.0016550000291317
2021-01-19,19,0,0.0911578947368421,0.8238157894736842,0.0851315789473684,3.0789473684210527,0.4736842105263157,0.0017020000377669
2021-01-20,20,0,0.0722,0.8267142857142856,0.1010571428571428,1.4857142857142858,0.3714285714285714,0.0017089999746531
2021-01-21,21,0,0.0716153846153846,0.8351794871794872,0.0931538461538461,6.256410256410256,0.8717948717948718,0.0015119999879971
2021-01-22,22,0,0.060275,0.846575,0.0931,1.425,0.125,0.0015930000226944
2021-01-23,23,0,0.0443571428571428,0.8767857142857144,0.0788809523809523,16.0,3.0476190476190474,0.0015620000194758
2021-01-24,24,0,0.046425,0.8739750000000001,0.079625,3.525,0.5,0.0016139999497681
2021-01-25,25,0,0.0469459459459459,0.8708918918918919,0.0821351351351351,4.918918918918919,0.2432432432432432,0.0015059999423101
2021-01-26,26,0,0.0633249999999999,0.833075,0.1036,6.575,0.375,0.0015030000358819
2021-01-27,27,0,0.0545897435897435,0.861,0.0843846153846153,2.333333333333333,0.2051282051282051,0.0013920000055804
2021-01-28,28,0,0.0693939393939394,0.8656969696969697,0.0649393939393939,3.6666666666666665,0.5757575757575758,0.0016400000313296
2021-01-29,29,0,0.0426818181818181,0.8782954545454547,0.0790227272727272,6.7727272727272725,0.5681818181818182,0.0015569999814033
2021-01-30,30,0,0.0317857142857142,0.8918571428571428,0.0763809523809523,8.80952380952381,0.6428571428571429,0.0015059999423101
2021-01-31,31,0,0.0602564102564102,0.861923076923077,0.0778717948717948,9.923076923076923,1.8974358974358971,0.0014870000304654
2021-02-01,32,0,0.0456944444444444,0.8601666666666667,0.0941666666666666,3.111111111111111,0.1944444444444444,0.0015829999465495
2021-02-02,33,0,0.0481176470588235,0.8292647058823529,0.1226176470588235,9.735294117647058,0.8529411764705882,0.0015360000543296
2021-02-03,34,0,0.0463513513513513,0.8554054054054053,0.0982162162162162,8.567567567567568,2.783783783783784,0.0015739999944344
2021-02-04,35,0,0.06804,0.84312,0.08884,16.42,2.14,0.0015190000412985
2021-02-05,36,0,0.0480217391304347,0.8350869565217391,0.116891304347826,5.217391304347826,0.8043478260869565,0.0015079999575391
2021-02-06,37,0,0.0399523809523809,0.8680952380952381,0.092,7.928571428571429,1.3571428571428572,0.0015150000108405
2021-02-07,38,0,0.0500555555555555,0.8540833333333333,0.0958888888888888,16.666666666666668,1.6388888888888888,0.0015069999499246
2021-02-08,39,0,0.0463658536585365,0.8612439024390244,0.092390243902439,11.21951219512195,0.8536585365853658,0.0015810000477358
2021-02-09,40,0,0.0528095238095238,0.8332142857142857,0.1139523809523809,7.952380952380952,1.880952380952381,0.0016850000247359
2021-02-10,41,0,0.0472121212121212,0.8498787878787879,0.1029393939393939,5.9393939393939394,0.3333333333333333,0.0017500000540167
2021-02-11,42,0,0.0322363636363636,0.8777999999999999,0.0899454545454545,49.63636363636363,8.690909090909091,0.0017960000550374
2021-02-12,43,1,0.0328571428571428,0.8606190476190476,0.1066190476190476,14.428571428571429,1.3333333333333333,0.0019270000047981
2021-02-13,44,0,0.04325,0.868825,0.087975,12.75,1.175,0.0021619999315589
2021-02-14,45,0,0.04621875,0.8390625,0.11471875,45.1875,10.375,0.0021929999347776
2021-02-15,46,0,0.0635555555555555,0.8544666666666667,0.0819555555555555,18.177777777777777,1.9777777777777776,0.0020250000525265
2021-02-16,47,0,0.042025641025641,0.8703589743589745,0.0876153846153846,4.358974358974359,0.6153846153846154,0.002123000100255
2021-02-17,48,0,0.0376111111111111,0.8915833333333334,0.0708055555555555,5.277777777777778,0.3888888888888889,0.0022110000718384
2021-02-18,49,0,0.0308461538461538,0.8620769230769232,0.1071025641025641,8.256410256410257,0.5128205128205128,0.002199999988079
2021-02-19,50,0,0.068906976744186,0.8562790697674418,0.074860465116279,22.627906976744185,1.3488372093023255,0.0027119999285787
2021-02-20,51,0,0.0387272727272727,0.8564242424242424,0.1048181818181818,10.090909090909092,0.5151515151515151,0.0062839998863637
2021-02-21,52,0,0.05575,0.82645,0.117825,20.525,4.825,0.0060370001010596
2021-02-22,53,0,0.0783243243243243,0.8181621621621621,0.1035675675675675,9.243243243243244,1.054054054054054,0.0050289998762309
2021-02-23,54,0,0.0597631578947368,0.8332894736842105,0.1069473684210526,5.868421052631579,1.1578947368421053,0.0045650000683963
2021-02-24,55,0,0.0613076923076923,0.8295384615384614,0.1091025641025641,5.435897435897436,0.4615384615384615,0.0043089999817311
2021-02-25,56,0,0.0434615384615384,0.8665384615384616,0.0899743589743589,7.82051282051282,1.1538461538461535,0.0046160002239048
2021-02-26,57,0,0.0535,0.8391578947368421,0.1074736842105263,13.921052631578949,3.131578947368421,0.0040699997916817
2021-02-27,58,0,0.0485625,0.84046875,0.11096875,5.65625,0.6875,0.003792000003159
2021-02-28,59,0,0.0422894736842105,0.8727105263157894,0.0850263157894736,17.57894736842105,2.1052631578947367,0.0035449999850243
2021-03-01,60,0,0.0422631578947368,0.8837894736842106,0.0740263157894736,13.052631578947368,1.7105263157894737,0.0041720001026988
2021-03-02,61,0,0.0322121212121212,0.8971818181818182,0.0706666666666666,15.93939393939394,2.1515151515151514,0.0041709998622536
2021-03-03,62,0,0.0711904761904761,0.8671428571428572,0.0615952380952381,7.309523809523809,1.119047619047619,0.0043130000121891
2021-03-04,63,0,0.0394878048780487,0.8718292682926828,0.0886829268292683,9.707317073170731,0.975609756097561,0.0040210001170635
2021-03-05,64,0,0.04334375,0.8603125,0.09625,5.4375,0.90625,0.0039610001258552
2021-03-06,65,0,0.0493191489361702,0.8758085106382978,0.0748510638297872,2.3617021276595747,0.3829787234042553,0.0040369997732341
2021-03-07,66,0,0.0400555555555555,0.8459444444444445,0.1139444444444444,7.972222222222222,1.3055555555555556,0.0038689998909831
2021-03-08,67,0,0.0678181818181818,0.8542500000000001,0.0779090909090909,6.25,0.9318181818181818,0.0038099999073892
2021-03-09,68,0,0.053925,0.8670249999999999,0.0790749999999999,13.125,2.85,0.0041800001636147
2021-03-10,69,0,0.0463043478260869,0.8783478260869565,0.0753478260869565,9.804347826086955,0.8913043478260869,0.0040190001018345
2021-03-11,70,0,0.046,0.8652,0.0887777777777777,8.71111111111111,1.3777777777777778,0.0044599999673664
2021-03-12,71,0,0.0586388888888888,0.8580277777777777,0.0833611111111111,8.055555555555555,1.0,0.0040230001322925
2021-03-13,72,0,0.0260526315789473,0.8991052631578946,0.0748157894736842,10.5,1.0789473684210529,0.0043190000578761
2021-03-14,73,0,0.0502857142857142,0.8591836734693877,0.0905510204081632,6.6938775510204085,0.7142857142857143,0.004311999771744
2021-03-15,74,0,0.0319714285714285,0.8922,0.0758285714285714,4.914285714285715,0.3428571428571428,0.0041809999383986
2021-03-16,75,0,0.056025,0.8363250000000001,0.107625,5.25,1.075,0.0041229999624192
2021-03-17,76,0,0.0494761904761904,0.8488809523809524,0.1015714285714285,4.619047619047619,0.3571428571428571,0.004505000077188
2021-03-18,77,0,0.0359117647058823,0.845764705882353,0.1182647058823529,43.02941176470589,4.205882352941177,0.0042940001003444
2021-03-19,78,0,0.0535869565217391,0.8650434782608696,0.0814130434782608,9.304347826086955,0.782608695652174,0.0043069999665021
2021-03-20,79,0,0.0548181818181818,0.849939393939394,0.0952424242424242,21.424242424242426,1.5151515151515151,0.0041370000690221
2021-03-21,80,0,0.0470731707317073,0.8613170731707317,0.0916097560975609,14.097560975609756,1.0731707317073171,0.0040150000713765
2021-03-22,81,0,0.0492608695652173,0.8568260869565217,0.093891304347826,7.3478260869565215,0.5869565217391305,0.0039180000312626
2021-03-23,82,0,0.0376571428571428,0.8652571428571428,0.097,10.742857142857142,2.057142857142857,0.0039730002172291
2021-03-24,83,0,0.0469761904761904,0.8811428571428572,0.0717857142857142,12.023809523809524,1.2857142857142858,0.0036269999109208
2021-03-25,84,0,0.0459375,0.85190625,0.1021875,5.9375,0.71875,0.0034539999905973
2021-03-26,85,0,0.0631875,0.8725,0.0643333333333333,15.854166666666666,2.7291666666666665,0.00370500003919
2021-03-27,86,0,0.0275227272727272,0.8774318181818181,0.0950909090909091,10.545454545454543,2.25,0.0038320000749081
2021-03-28,87,1,0.0355714285714285,0.8469761904761904,0.1174523809523809,17.023809523809526,2.6904761904761907,0.0040279999375343
2021-03-29,88,1,0.0447179487179487,0.8329743589743589,0.1223333333333333,19.56410256410257,4.230769230769231,0.0042150001972913
2021-03-30,89,1,0.0380487804878048,0.8361707317073171,0.1257317073170731,9.75609756097561,1.1219512195121952,0.0049200002104043
2021-03-31,90,0,0.0367368421052631,0.8456842105263158,0.1176052631578947,22.23684210526316,3.263157894736842,0.0045639998279511
2021-04-01,91,0,0.0656829268292683,0.8435853658536586,0.0906829268292682,12.78048780487805,1.4878048780487805,0.0054700002074241
2021-04-02,92,0,0.0549787234042553,0.8258297872340425,0.1191702127659574,3.74468085106383,0.4042553191489361,0.0051660002209246
2021-04-03,93,0,0.0448787878787878,0.8674242424242424,0.0876969696969697,5.545454545454546,0.9696969696969696,0.0048639997839927
2021-04-04,94,1,0.0427586206896551,0.8522758620689656,0.1048965517241379,9.448275862068966,1.4137931034482758,0.0050070001743733
2021-04-05,95,0,0.0459183673469387,0.8595510204081633,0.0945510204081632,10.877551020408164,1.469387755102041,0.0051810001023113
2021-04-06,96,0,0.0607142857142857,0.8514761904761905,0.0878095238095238,4.642857142857143,0.8571428571428571,0.0049270000308752
2021-04-07,97,0,0.0575813953488372,0.8401860465116279,0.1021627906976744,7.6976744186046515,0.9767441860465116,0.0046120001934468
2021-04-08,98,0,0.037125,0.879175,0.0837,10.8,2.075,0.0045960000716149
2021-04-09,99,0,0.0416666666666666,0.8835277777777778,0.0748055555555555,11.88888888888889,1.25,0.0043319999240338
2021-04-10,100,0,0.0626279069767441,0.8268372093023256,0.1104883720930232,17.46511627906977,1.5116279069767442,0.0043410002253949
2021-04-11,101,0,0.0375428571428571,0.8844285714285715,0.0780285714285714,13.2,3.342857142857143,0.0044849999248981
2021-04-12,102,1,0.0272,0.8533333333333333,0.1194222222222222,16.31111111111111,1.8,0.0045570000074803
2021-04-13,103,0,0.0569729729729729,0.8797297297297296,0.0632972972972973,51.86486486486486,5.4324324324324325,0.0045540002174675
2021-04-14,104,0,0.0590576923076923,0.8335384615384616,0.1074423076923076,11.961538461538462,0.9423076923076924,0.0044379997998476
2021-04-15,105,0,0.0464444444444444,0.8476666666666666,0.1058611111111111,25.58333333333333,3.2777777777777777,0.0042110001668334
2021-04-16,106,0,0.0353,0.86992,0.09474,25.48,4.1,0.0042570000514388
2021-04-17,107,0,0.0725,0.80653125,0.1209375,40.03125,5.0,0.0041290000081062
2021-04-18,108,0,0.0456976744186046,0.839953488372093,0.1143488372093023,12.023255813953488,2.7209302325581395,0.0038970001041889
2021-04-19,109,0,0.0562307692307692,0.8484102564102565,0.0952564102564102,36.71794871794872,2.743589743589744,0.0038119999226182
2021-04-20,110,0,0.039076923076923,0.8492820512820513,0.1116410256410256,140.4102564102564,41.15384615384615,0.0036740000359714
2021-04-21,111,0,0.0356279069767441,0.8710232558139535,0.0933720930232558,5.5813953488372094,0.6976744186046512,0.0037000000011175
2021-04-22,112,0,0.049953488372093,0.8400232558139535,0.1100465116279069,6.8604651162790695,0.8604651162790697,0.0033420000690966
2021-04-23,113,0,0.0430526315789473,0.8709210526315789,0.0860526315789473,52.81578947368421,3.973684210526316,0.0032560001127421
2021-04-24,114,0,0.0359,0.8838250000000001,0.080275,3.45,0.875,0.0031079999171197
2021-04-25,115,0,0.0567777777777777,0.8448222222222223,0.0984,9.22222222222222,1.6888888888888889,0.0030340000521391
2021-04-26,116,0,0.045170731707317,0.8522439024390244,0.1026585365853658,254.0,74.46341463414635,0.0032599999103695
2021-04-27,117,0,0.0386666666666666,0.8878333333333334,0.0734722222222222,12.305555555555555,1.2222222222222223,0.0034779999405145
2021-04-28,118,0,0.0423783783783783,0.8742432432432433,0.0832972972972972,51.08108108108108,6.648648648648648,0.0032210000790655
2021-04-29,119,0,0.043,0.8827209302325582,0.0742093023255813,22.53488372093023,4.116279069767442,0.003167999908328
2021-04-30,120,0,0.0515121951219512,0.863731707317073,0.0847560975609756,5.487804878048781,0.2926829268292683,0.0032969999592751
2021-05-01,121,0,0.0537948717948717,0.8231794871794872,0.1229743589743589,8.846153846153847,1.2820512820512822,0.0032770000398159
2021-05-02,122,0,0.056325,0.85925,0.0844,6.05,0.9,0.0032669999636709
2021-05-03,123,0,0.04355,0.8605499999999999,0.0959,21.225,2.225,0.0031870000530034
2021-05-04,124,0,0.0424523809523809,0.8742380952380954,0.0832857142857143,67.66666666666667,9.571428571428571,0.0029750000685453
2021-05-05,125,0,0.0485111111111111,0.8606222222222223,0.0908444444444444,23.044444444444444,1.711111111111111,0.0030940000433474
2021-05-06,126,0,0.0748222222222222,0.8427777777777777,0.0824444444444444,12.88888888888889,2.088888888888889,0.0035810000263154
2021-05-07,127,0,0.047047619047619,0.8366904761904761,0.1163809523809523,16.0,1.2857142857142858,0.0035250000655651
2021-05-08,128,0,0.0350232558139534,0.8442093023255814,0.1207441860465116,31.209302325581397,4.348837209302325,0.0032099999953061
2021-05-09,129,0,0.0540277777777777,0.8293055555555555,0.1166944444444444,13.166666666666666,1.6111111111111112,0.0034030000679194
2021-05-10,130,0,0.0512545454545454,0.8462181818181819,0.1025272727272727,48.92727272727273,8.763636363636364,0.0032079999800771
2021-05-11,131,0,0.07,0.829625,0.1003125,9.5625,0.75,0.0035019998904317
2021-05-12,132,0,0.0463684210526315,0.8576315789473685,0.096,15.236842105263158,2.6842105263157894,0.0037650000303983
2021-05-13,133,0,0.0626590909090909,0.8534772727272727,0.083840909090909,9.977272727272728,1.5454545454545454,0.0053980001248419
2021-05-14,134,0,0.0697222222222222,0.8323611111111111,0.0979444444444444,13.61111111111111,3.5277777777777777,0.0054080002009868
2021-05-15,135,0,0.0516976744186046,0.8390697674418605,0.1092558139534883,17.441860465116278,4.0,0.0047169998288154
2021-05-16,136,0,0.0509782608695652,0.8641739130434783,0.0848695652173913,38.23913043478261,4.956521739130435,0.0044329999946057
2021-05-17,137,0,0.0506486486486486,0.8345135135135134,0.1147837837837837,11.08108108108108,1.1891891891891893,0.003872999921441
2021-05-18,138,0,0.0712,0.8629600000000001,0.06588,13.5,2.56,0.0037599999923259
2021-05-19,139,1,0.0422333333333333,0.8371666666666666,0.1206,18.83333333333333,2.1666666666666665,0.002991999965161
2021-05-20,140,0,0.0659787234042553,0.8401914893617021,0.0938936170212766,4.787234042553192,0.9787234042553192,0.0030910000205039
2021-05-21,141,0,0.0774615384615384,0.8364615384615385,0.086076923076923,56.84615384615385,4.358974358974359,0.0027809999883174
2021-05-22,142,0,0.0408205128205128,0.8661794871794871,0.093,8.846153846153847,1.1538461538461535,0.0026879999786615
2021-05-23,143,0,0.0579361702127659,0.8552127659574468,0.0868085106382978,8.191489361702128,1.6595744680851063,0.0023080001119524
2021-05-24,144,0,0.0313548387096774,0.869,0.0996129032258064,11.935483870967742,1.5161290322580645,0.0025329999625682
2021-05-25,145,1,0.0457441860465116,0.8219302325581395,0.1323720930232558,23.162790697674417,2.395348837209302,0.0025430000387132
2021-05-26,146,0,0.0602790697674418,0.8591627906976744,0.0805581395348837,17.837209302325583,2.372093023255814,0.0026100000832229
2021-05-27,147,0,0.04021875,0.88278125,0.077,16.21875,3.0625,0.002602000022307
2021-05-28,148,0,0.04765,0.8900500000000001,0.062325,13.925,2.725,0.0025659999810159
2021-05-29,149,0,0.0499230769230769,0.8247692307692307,0.1253333333333333,5.384615384615385,0.7692307692307693,0.0024870000779628
2021-05-30,150,0,0.0508863636363636,0.8756136363636364,0.0734545454545454,3.6818181818181817,0.25,0.0025639999657869
2021-05-31,151,0,0.03605,0.88445,0.0795749999999999,10.9,2.0,0.0025690000038594
2021-06-01,152,0,0.0478125,0.84853125,0.1036875,14.34375,2.65625,0.0024810000322759
2021-06-02,153,0,0.0526458333333333,0.8255416666666666,0.1218541666666666,54.54166666666666,9.583333333333334,0.00251100002788
2021-06-03,154,0,0.046975,0.8763,0.076675,23.6,3.7,0.0025520001072436
2021-06-04,155,1,0.0429512195121951,0.8258536585365853,0.1311219512195122,48.90243902439025,10.902439024390244,0.0024290001019835
2021-06-05,156,0,0.065188679245283,0.8527735849056605,0.082,9.320754716981131,1.9433962264150944,0.0024180000182241
2021-06-06,157,0,0.0560967741935483,0.8683548387096774,0.0755806451612903,8.806451612903226,1.5806451612903225,0.0023519999813288
2021-06-07,158,0,0.0808222222222222,0.8304888888888888,0.0887333333333333,15.0,2.511111111111111,0.0023539999965578
2021-06-08,159,0,0.0505675675675675,0.8385405405405405,0.1108648648648648,6.243243243243243,1.027027027027027,0.0023749999236315
2021-06-09,160,0,0.0781111111111111,0.8357777777777777,0.0861111111111111,9.962962962962964,0.9629629629629628,0.002369999885559
2021-06-10,161,0,0.0503090909090909,0.8287636363636364,0.1209454545454545,8.781818181818181,6.090909090909091,0.0023519999813288
2021-06-11,162,0,0.075,0.816780487804878,0.1082926829268292,42.21951219512195,15.365853658536585,0.0023340000770986
2021-06-12,163,0,0.0556756756756756,0.8341351351351352,0.1101351351351351,8.594594594594595,1.4054054054054057,0.0022539999336004
2021-06-13,164,0,0.0577727272727272,0.8237272727272728,0.1185454545454545,3.772727272727273,0.4090909090909091,0.0022799998987466
2021-06-14,165,0,0.0781590909090909,0.8230909090909091,0.0987499999999999,7.204545454545454,0.8863636363636364,0.0023000000510364
2021-06-15,166,0,0.0463809523809523,0.8672857142857143,0.0864047619047619,14.023809523809524,3.0,0.0022770001087337
2021-06-16,167,0,0.0469444444444444,0.8580000000000001,0.0950277777777777,4.805555555555555,0.4444444444444444,0.0022169998846948
2021-06-17,168,0,0.0523414634146341,0.8898292682926828,0.0578536585365853,22.902439024390244,5.073170731707317,0.002195999957621
2021-06-18,169,0,0.0512894736842105,0.8698684210526316,0.0788421052631579,10.0,2.526315789473684,0.0021820000838488
2021-06-19,170,1,0.0489523809523809,0.8268809523809524,0.1241904761904762,4.880952380952381,0.5714285714285714,0.0021679999772459
2021-06-20,171,0,0.0628709677419354,0.8305161290322581,0.1067096774193548,2.5161290322580645,0.6774193548387096,0.0021989999804645
2021-06-21,172,0,0.0513157894736842,0.8636578947368422,0.0850526315789473,29.710526315789476,5.052631578947368,0.0019049999536946
2021-06-22,173,0,0.0637317073170731,0.8273170731707318,0.1089756097560975,5.097560975609756,1.8780487804878048,0.0016720000421628
2021-06-23,174,0,0.053078947368421,0.8358947368421052,0.1109473684210526,77.73684210526316,21.36842105263158,0.0016469999682158
2021-06-24,175,0,0.0413846153846153,0.8418461538461539,0.1167435897435897,17.025641025641026,1.4871794871794872,0.0016289999475702
2021-06-25,176,0,0.0715192307692307,0.8198076923076923,0.1087115384615384,10.961538461538462,1.8653846153846156,0.001587999984622
2021-06-26,177,0,0.080258064516129,0.8260645161290323,0.0936774193548387,10.258064516129032,2.774193548387097,0.0015709999715909
2021-06-27,178,0,0.06318,0.8447,0.09212,2.8,0.2,0.0015889999922364
2021-06-28,179,0,0.05090625,0.8624375,0.0866875,13.6875,0.46875,0.0015829999465495
2021-06-29,180,0,0.0488775510204081,0.8450408163265305,0.1061428571428571,5.081632653061225,1.0408163265306123,0.0015869999770075
2021-06-30,181,0,0.0396129032258064,0.8769354838709676,0.0834516129032258,13.96774193548387,0.2903225806451613,0.0016060000052675
2021-07-01,182,1,0.0366052631578947,0.863078947368421,0.1003421052631579,7.605263157894737,1.105263157894737,0.0015650000423192
2021-07-02,183,0,0.0595833333333333,0.8705833333333334,0.0698888888888888,8.694444444444445,1.6666666666666667,0.0015630000270903
2021-07-03,184,0,0.061,0.8338947368421052,0.1051315789473684,18.55263157894737,2.0,0.0015620000194758
2021-07-04,185,0,0.050780487804878,0.8354634146341463,0.1137073170731707,6.634146341463414,0.8292682926829268,0.0015640000347048
2021-07-05,186,0,0.0489736842105263,0.8395526315789473,0.1114473684210526,5.921052631578948,0.9736842105263158,0.0015320000238716
2021-07-06,187,0,0.055547619047619,0.8694047619047619,0.0750714285714285,17.452380952380953,2.071428571428572,0.0015030000358819
2021-07-07,188,0,0.039,0.8905294117647058,0.0704411764705882,6.117647058823529,0.7352941176470589,0.0015320000238716
2021-07-08,189,0,0.0674871794871794,0.8507179487179487,0.0818461538461538,5.846153846153846,0.6923076923076923,0.0014799999771639
2021-07-09,190,0,0.0874651162790697,0.8127674418604651,0.0997441860465116,16.53488372093023,7.302325581395348,0.0015360000543296
2021-07-10,191,0,0.0661944444444444,0.847111111111111,0.0867222222222222,2.111111111111111,0.4166666666666667,0.0014900000533089
2021-07-11,192,0,0.0433235294117647,0.8716470588235294,0.0850294117647058,10.382352941176473,2.0588235294117645,0.0015099999727681
2021-07-12,193,0,0.0559230769230769,0.8615384615384616,0.0824871794871794,40.56410256410256,3.025641025641025,0.0014600000577047
2021-07-13,194,0,0.0625555555555555,0.8429166666666666,0.0945277777777777,5.916666666666667,0.8055555555555556,0.0014459999511018
2021-07-14,195,0,0.0450249999999999,0.88385,0.071125,17.6,3.25,0.0014840000076219
2021-07-15,196,0,0.0466595744680851,0.8556170212765957,0.0976595744680851,5.25531914893617,0.5531914893617021,0.0014440000522881
2021-07-16,197,0,0.03553125,0.88234375,0.0821875,7.8125,1.4375,0.0014710000250488
2021-07-17,198,0,0.062275,0.829775,0.107925,5.45,0.5,0.0015409999759867
2021-07-18,199,0,0.0795428571428571,0.8186,0.1018285714285714,2.914285714285714,0.4285714285714285,0.0015360000543296
2021-07-19,200,0,0.0770465116279069,0.8371162790697675,0.0857906976744186,8.55813953488372,1.3953488372093024,0.0015059999423101
2021-07-20,201,0,0.0578095238095238,0.8644047619047619,0.0777619047619047,10.095238095238097,2.4047619047619047,0.0015249999705702
2021-07-21,202,0,0.0587777777777777,0.8303888888888888,0.1108333333333333,29.77777777777778,9.36111111111111,0.0015539999585598
2021-07-22,203,0,0.055125,0.8284499999999999,0.116425,5.45,1.0,0.0015719999792054
2021-07-23,204,1,0.0294523809523809,0.8385238095238094,0.1320714285714285,9.547619047619047,1.9523809523809523,0.0015920000150799
2021-07-24,205,0,0.0468888888888888,0.8284074074074075,0.1247037037037037,2.6666666666666665,0.5925925925925926,0.0015820000553503
2021-07-25,206,0,0.0766944444444444,0.8333333333333334,0.0899722222222222,16.72222222222222,1.3888888888888888,0.0015620000194758
2021-07-26,207,0,0.0353125,0.86340625,0.101375,18.78125,3.34375,0.0016139999497681
2021-07-27,208,0,0.0711,0.852225,0.076675,10.725,2.05,0.0016039999900385
2021-07-28,209,0,0.0705555555555555,0.810861111111111,0.1186388888888888,2.4444444444444446,0.4444444444444444,0.0015989999519661
2021-07-29,210,0,0.0610857142857142,0.8602285714285715,0.0787142857142857,3.3142857142857145,0.7428571428571429,0.0016230000182986
2021-07-30,211,0,0.07145,0.854025,0.074475,3.6,0.8,0.0016289999475702
2021-07-31,212,0,0.0814,0.7934,0.1251666666666666,4.433333333333334,0.8,0.0016349999932572
2021-08-01,213,0,0.0692653061224489,0.8030816326530612,0.1276938775510204,8.020408163265307,1.0408163265306123,0.0016479999758303
2021-08-02,214,0,0.0683030303030303,0.8422121212121212,0.0894545454545454,21.78787878787879,8.515151515151516,0.0016520000062882
2021-08-03,215,0,0.0344186046511627,0.8905348837209303,0.0750697674418604,4.627906976744186,0.6046511627906976,0.0016439999453723
2021-08-04,216,0,0.0665,0.883,0.0504705882352941,4.823529411764706,1.8529411764705883,0.0016990000149235
2021-08-05,217,0,0.034775,0.8969250000000001,0.068225,34.8,8.2,0.0016820000018924
2021-08-06,218,0,0.02655,0.9029,0.0705,8.2,0.95,0.0016710000345483
2021-08-07,219,1,0.0344230769230769,0.81725,0.1483076923076923,18.48076923076923,19.173076923076923,0.0016880000475794
2021-08-08,220,0,0.0564516129032258,0.8659354838709677,0.0776129032258064,9.451612903225806,2.032258064516129,0.0016929999692365
2021-08-09,221,0,0.0719722222222222,0.8303333333333334,0.0978055555555555,6.222222222222222,0.7777777777777778,0.0016870000399649
2021-08-10,222,0,0.037175,0.8793749999999999,0.083475,4.875,0.55,0.0016880000475794
2021-08-11,223,0,0.0416585365853658,0.8717317073170732,0.0865365853658536,6.780487804878049,1.7560975609756098,0.0016929999692365
2021-08-12,224,0,0.0558064516129032,0.8730645161290321,0.0711612903225806,415.61290322580646,65.74193548387096,0.0016880000475794
2021-08-13,225,0,0.064860465116279,0.8436279069767443,0.0915348837209302,9.325581395348838,1.302325581395349,0.0016809999942779
2021-08-14,226,0,0.0642068965517241,0.8595862068965517,0.0762413793103448,91.41379310344828,23.06896551724138,0.0016909999540075
2021-08-15,227,0,0.053547619047619,0.8528095238095238,0.0936666666666666,9.095238095238097,0.6904761904761905,0.0016990000149235
2021-08-16,228,0,0.0436875,0.8421562499999999,0.11425,10.34375,1.125,0.0016550000291317
2021-08-17,229,0,0.0536428571428571,0.8798809523809523,0.0664285714285714,11.095238095238097,5.9523809523809526,0.0016530000139027
2021-08-18,230,1,0.0266046511627906,0.864953488372093,0.1084651162790697,1.813953488372093,0.1860465116279069,0.001602999982424
2021-08-19,231,0,0.0706551724137931,0.8674137931034483,0.0619310344827586,3.655172413793104,0.3448275862068966,0.0016260000411421
2021-08-20,232,0,0.0386,0.91145,0.049975,5.05,0.525,0.0016740000573918
2021-08-21,233,0,0.0350322580645161,0.8745483870967742,0.0903548387096774,33.483870967741936,5.741935483870968,0.0017269999952986
2021-08-22,234,0,0.0616578947368421,0.8473947368421053,0.0909473684210526,6.2368421052631575,0.6578947368421053,0.0017010000301524
2021-08-23,235,0,0.0545,0.8590555555555556,0.0864444444444444,42.53703703703704,4.481481481481482,0.0017020000377669
2021-08-24,236,0,0.0442333333333333,0.8628666666666667,0.0928333333333333,8.0,2.9,0.0016870000399649
2021-08-25,237,0,0.0947021276595744,0.8418936170212766,0.0634893617021276,6.425531914893617,1.2127659574468086,0.0017440000083297
2021-08-26,238,0,0.0618,0.8549714285714286,0.0832285714285714,9.457142857142856,2.6,0.001693999976851
2021-08-27,239,0,0.0634871794871794,0.8749230769230769,0.0615641025641025,6.102564102564102,1.7435897435897436,0.0017290000105276
2021-08-28,240,0,0.08248,0.8362,0.08132,8.08,1.48,0.0018169999821111
2021-08-29,241,0,0.052625,0.8668125,0.08053125,24.34375,2.40625,0.001810000045225
2021-08-30,242,0,0.0524193548387096,0.8514516129032258,0.0960967741935484,10.451612903225806,1.8064516129032255,0.001810000045225
2021-08-31,243,0,0.0322093023255814,0.848,0.1198139534883721,9.790697674418604,1.2093023255813953,0.0017640000442042
2021-09-01,244,0,0.0379285714285714,0.9094761904761904,0.0525952380952381,62.23809523809524,10.69047619047619,0.001801999984309
2021-09-02,245,0,0.0393714285714285,0.8875714285714286,0.0730857142857142,10.4,2.5142857142857142,0.0018960000015795
2021-09-03,246,0,0.0524411764705882,0.8310000000000001,0.1165588235294117,27.558823529411764,2.9705882352941178,0.0019020000472664
2021-09-04,247,0,0.0437826086956521,0.8695869565217391,0.0866304347826086,4.956521739130435,0.2826086956521739,0.0020630001090466
2021-09-05,248,0,0.0519047619047619,0.8560476190476191,0.092047619047619,5.0,1.0952380952380951,0.0021430000197142
2021-09-06,249,0,0.0160555555555555,0.9126388888888888,0.0713055555555555,16.083333333333332,3.388888888888889,0.0020179999992251
2021-09-07,250,0,0.0732121212121212,0.8445454545454546,0.0822727272727272,11.727272727272728,1.606060606060606,0.0018129999516531
2021-09-08,251,0,0.0611777777777777,0.8594222222222222,0.0794,8.022222222222222,0.8666666666666667,0.0019099999917671
2021-09-09,252,0,0.0500930232558139,0.8774651162790698,0.0724418604651162,8.604651162790697,1.5348837209302326,0.0019470000406727
2021-09-10,253,0,0.090375,0.83525,0.074375,71.75,10.1,0.0019369999645277
2021-09-11,254,0,0.0604772727272727,0.8680454545454546,0.0715,23.204545454545453,5.0,0.0018739999504759
2021-09-12,255,0,0.0419117647058823,0.8906470588235295,0.0674411764705882,31.029411764705884,3.4411764705882355,0.0018370000179857
2021-09-13,256,0,0.0440731707317073,0.8657560975609757,0.0901951219512195,10.829268292682928,1.6097560975609757,0.0019330000504851
2021-09-14,257,0,0.07915625,0.82453125,0.0963125,9.0625,1.625,0.0019859999883919
2021-09-15,258,0,0.0619111111111111,0.8513555555555555,0.0867777777777777,21.0,3.6666666666666665,0.0020039998926222
2021-09-16,259,0,0.051390243902439,0.8414878048780488,0.1070731707317073,5.146341463414634,0.7560975609756098,0.0019640000537037
2021-09-17,260,0,0.04475,0.842,0.1131666666666666,7.583333333333333,1.0,0.0019990000873804
2021-09-18,261,1,0.0622083333333333,0.7946875000000001,0.1431458333333333,35.354166666666664,31.77083333333333,0.0021359999664127
2021-09-19,262,0,0.0561395348837209,0.8756976744186047,0.0681395348837209,6.27906976744186,1.3488372093023255,0.002115000039339
2021-09-20,263,0,0.0682619047619047,0.8457857142857144,0.0859523809523809,2.833333333333333,0.2619047619047619,0.0019130000146105
2021-09-21,264,-1,0.0994473684210526,0.8597894736842104,0.0408684210526315,5.157894736842105,0.7894736842105263,0.0017960000550374
2021-09-22,265,0,0.0549210526315789,0.9001315789473684,0.0449473684210526,3.473684210526316,0.5,0.0019849999807775
2021-09-23,266,0,0.0608055555555555,0.8388888888888889,0.1003611111111111,7.944444444444445,1.4166666666666667,0.0019749999046325
2021-09-24,267,0,0.0553421052631579,0.8688684210526316,0.0758157894736842,20.76315789473684,2.631578947368421,0.0018230000277981
2021-09-25,268,0,0.0471190476190476,0.8761428571428572,0.0766666666666666,10.761904761904765,0.9523809523809524,0.0017290000105276
2021-09-26,269,0,0.0620277777777777,0.8780555555555556,0.0598055555555555,5.083333333333333,0.9444444444444444,0.0016129999421536
2021-09-27,270,0,0.0787884615384615,0.848576923076923,0.0725961538461538,7.173076923076923,0.9807692307692308,0.0015999999595806
2021-09-28,271,0,0.0609736842105263,0.8763157894736842,0.0627368421052631,6.868421052631579,1.6578947368421053,0.0015239999629557
2021-09-29,272,0,0.0584827586206896,0.8351724137931034,0.1063103448275862,11.241379310344827,1.3103448275862069,0.0015620000194758
2021-09-30,273,0,0.0279574468085106,0.8984255319148936,0.0735744680851063,3.765957446808511,1.127659574468085,0.001587999984622
2021-10-01,274,1,0.0355217391304347,0.8603478260869565,0.104,14.956521739130435,2.369565217391304,0.0016189999878406
2021-10-02,275,0,0.063051282051282,0.8522307692307692,0.0846923076923076,6.17948717948718,0.717948717948718,0.0016210000030696
2021-10-03,276,1,0.0229629629629629,0.8729259259259259,0.1041111111111111,18.0,5.814814814814815,0.0016039999900385
2021-10-04,277,0,0.0616666666666666,0.8467450980392156,0.0916274509803921,6.745098039215686,0.8823529411764706,0.0015780000248923
2021-10-05,278,1,0.0261515151515151,0.8654242424242424,0.1083939393939393,14.87878787878788,2.060606060606061,0.0015999999595806
2021-10-06,279,0,0.0502105263157894,0.8734210526315789,0.0763421052631578,12.210526315789474,1.8157894736842104,0.0016250000335276
2021-10-07,280,0,0.0717045454545454,0.8505227272727273,0.0777272727272727,21.65909090909091,2.5454545454545454,0.0016080000204965
2021-10-08,281,0,0.1018095238095238,0.802142857142857,0.096047619047619,4.071428571428571,0.6190476190476191,0.001700000022538
2021-10-09,282,0,0.0558,0.8801714285714286,0.0640857142857142,2.857142857142857,0.2571428571428571,0.0017869999865069
2021-10-10,283,0,0.0651702127659574,0.8296382978723404,0.1051914893617021,10.127659574468083,0.5957446808510638,0.0018050000071525
2021-10-11,284,0,0.0446097560975609,0.8804146341463415,0.0749268292682926,6.146341463414634,1.2195121951219512,0.0017539999680593
2021-10-12,285,0,0.0551190476190476,0.8598095238095238,0.085047619047619,9.238095238095235,0.7380952380952381,0.0017359999474138
2021-10-13,286,1,0.0421403508771929,0.7822105263157895,0.1756315789473684,26.70175438596491,32.94736842105263,0.0017579999985173
2021-10-14,287,0,0.0867142857142857,0.8488571428571429,0.0644285714285714,3.7142857142857135,0.5238095238095238,0.0017989999614655
2021-10-15,288,0,0.059125,0.87835,0.062575,7.675,0.65,0.0017930000321939
2021-10-16,289,0,0.0833783783783783,0.8455675675675676,0.071081081081081,15.37837837837838,1.7027027027027026,0.0017650000518187
2021-10-17,290,0,0.025325,0.89635,0.078275,12.9,1.725,0.0017770000267773
2021-10-18,291,0,0.0963170731707317,0.7717560975609756,0.1318780487804878,4.024390243902439,0.7073170731707317,0.0017740000039339
2021-10-19,292,0,0.0496086956521739,0.8354782608695652,0.1148695652173913,8.26086956521739,1.826086956521739,0.0020359999034553
2021-10-20,293,0,0.079457627118644,0.8442542372881356,0.076322033898305,10.491525423728811,1.7118644067796611,0.0024149999953806
2021-10-21,294,0,0.0681632653061224,0.8642448979591837,0.0675918367346938,27.3265306122449,1.9387755102040816,0.0022460001055151
2021-10-22,295,0,0.0562222222222222,0.8412222222222222,0.1025925925925926,7.333333333333333,0.5185185185185185,0.0022819999139755
2021-10-23,296,0,0.0754857142857142,0.8562,0.0683142857142857,6.457142857142857,0.5714285714285714,0.002286999952048
2021-10-24,297,0,0.0711176470588235,0.8308235294117647,0.0980980392156862,8.07843137254902,1.568627450980392,0.0023300000466406
2021-10-25,298,0,0.0443673469387755,0.8627755102040817,0.0927959183673469,8.020408163265307,2.591836734693877,0.0022589999716728
2021-10-26,299,0,0.0266315789473684,0.8941842105263158,0.0792368421052631,18.86842105263158,1.236842105263158,0.0022789998911321
2021-10-27,300,0,0.0578157894736842,0.8245789473684211,0.1176578947368421,20.394736842105264,3.789473684210526,0.0022879999596625
2021-10-28,301,1,0.0369024390243902,0.844609756097561,0.1184146341463414,16.75609756097561,1.6341463414634143,0.002369999885559
2021-10-29,302,0,0.04665,0.8361000000000001,0.1172,55.025,6.275,0.0023080001119524
2021-10-30,303,0,0.0548541666666666,0.8533125,0.0918333333333333,18.25,2.270833333333333,0.0022839999292045
2021-10-31,304,0,0.0455151515151515,0.8773030303030304,0.0771818181818181,24.272727272727277,3.6666666666666665,0.0023240000009536
2021-11-01,305,0,0.0399782608695652,0.8715434782608696,0.0885,12.847826086956522,3.891304347826087,0.0023340000770986
2021-11-02,306,0,0.0411578947368421,0.8521842105263159,0.1066578947368421,36.10526315789474,2.526315789473684,0.0023240000009536
2021-11-03,307,0,0.0597045454545454,0.8727954545454545,0.0676136363636363,18.704545454545453,3.1818181818181817,0.0023310000542551
2021-11-04,308,0,0.0523636363636363,0.845,0.1026363636363636,43.81818181818182,13.931818181818182,0.0025249999016523
2021-11-05,309,0,0.0467272727272727,0.8598636363636363,0.0933636363636363,7.840909090909091,0.8863636363636364,0.0024009998887777
2021-11-06,310,0,0.0397027027027027,0.8627567567567568,0.0975405405405405,21.324324324324323,2.081081081081081,0.002602000022307
2021-11-07,311,0,0.0332307692307692,0.887948717948718,0.0788205128205128,27.846153846153847,5.538461538461538,0.0027799999807029
2021-11-08,312,0,0.0595306122448979,0.8797755102040816,0.0606734693877551,219.28571428571428,31.3265306122449,0.0028379999566823
2021-11-09,313,0,0.0561290322580645,0.8440000000000001,0.0998709677419354,9.548387096774194,1.1612903225806452,0.0026310000102967
2021-11-10,314,0,0.0310857142857142,0.8597428571428571,0.1091714285714285,14.028571428571428,2.0285714285714285,0.0024989999365061
2021-11-11,315,0,0.05516,0.8386199999999999,0.10622,15.08,5.34,0.0025690000038594
2021-11-12,316,0,0.0494054054054054,0.878054054054054,0.0725945945945946,86.27027027027027,20.0,0.002466999925673
2021-11-13,317,0,0.0424102564102564,0.8426410256410256,0.1149487179487179,7.948717948717949,1.2820512820512822,0.0026209999341517
2021-11-14,318,0,0.0643636363636363,0.8373863636363637,0.0982727272727272,41.81818181818182,6.386363636363637,0.0024929998908191
2021-11-15,319,0,0.0424166666666666,0.8802222222222222,0.0773611111111111,18.52777777777778,4.0,0.0025319999549537
2021-11-16,320,0,0.0452820512820512,0.8500512820512821,0.1046410256410256,30.97435897435897,2.2564102564102564,0.00242600007914
2021-11-17,321,0,0.066,0.8556216216216217,0.0783783783783783,23.135135135135137,4.324324324324325,0.00242600007914
2021-11-18,322,0,0.0638249999999999,0.835075,0.1011,37.525,4.325,0.0023199999704957
2021-11-19,323,0,0.0645454545454545,0.8529393939393939,0.0824545454545454,9.818181818181818,1.0606060606060606,0.0024379999376833
2021-11-20,324,0,0.050595238095238,0.8644999999999999,0.0849047619047619,8.19047619047619,1.0476190476190477,0.00242600007914
2021-11-21,325,0,0.0541590909090909,0.8828863636363636,0.0629772727272727,18.25,3.954545454545455,0.0024429999757558
2021-11-22,326,0,0.0868823529411764,0.8369705882352941,0.0762058823529411,4.5588235294117645,0.5,0.0023990001063793
2021-11-23,327,0,0.0256904761904761,0.8861904761904762,0.0881190476190476,8.714285714285714,1.380952380952381,0.002371999900788
2021-11-24,328,0,0.0524411764705882,0.8654999999999999,0.0819999999999999,25.11764705882353,3.0588235294117645,0.0023870000150054
2021-11-25,329,0,0.0995777777777777,0.8167333333333333,0.0836666666666666,44.2,5.133333333333334,0.002371999900788
2021-11-26,330,0,0.0978,0.8381333333333333,0.064,20.5,1.9333333333333331,0.002290999982506
2021-11-27,331,0,0.0581,0.8568250000000001,0.085075,12.4,1.1,0.0023040000814944
2021-11-28,332,1,0.0411714285714285,0.7931714285714285,0.1656857142857143,40.51428571428571,12.457142857142856,0.0022960000205785
2021-11-29,333,0,0.0721914893617021,0.8476808510638298,0.0801702127659574,10.4468085106383,1.1702127659574468,0.0023600000422447
2021-11-30,334,0,0.0480869565217391,0.8597391304347827,0.092195652173913,8.717391304347826,0.9565217391304348,0.0021899999119341
2021-12-01,335,0,0.0535263157894736,0.876421052631579,0.0700526315789473,6.947368421052632,0.6842105263157895,0.0021689999848604
2021-12-02,336,0,0.0493818181818181,0.856,0.0946181818181818,13.472727272727273,3.872727272727273,0.0021359999664127
2021-12-03,337,0,0.0487307692307692,0.8697692307692308,0.0815384615384615,5.846153846153846,1.6923076923076923,0.0021389999892562
2021-12-04,338,0,0.091525,0.786675,0.121875,12.375,1.5,0.0019480000482872
2021-12-05,339,0,0.039925,0.857925,0.1022,51.65,8.35,0.0019450000254437
2021-12-06,340,0,0.066547619047619,0.8350238095238095,0.0984523809523809,7.666666666666667,1.119047619047619,0.0019239999819546
2021-12-07,341,0,0.0302368421052631,0.8809210526315789,0.0888684210526315,12.947368421052632,1.4473684210526316,0.0019300000276416
2021-12-08,342,0,0.0671764705882352,0.8335588235294118,0.099235294117647,26.029411764705884,2.647058823529412,0.0019409999949857
2021-12-09,343,0,0.0582692307692307,0.8399038461538461,0.1017884615384615,13.73076923076923,2.3846153846153846,0.0018820000113919
2021-12-10,344,0,0.0554,0.8304750000000001,0.114125,6.2,2.65,0.001808000029996
2021-12-11,345,0,0.0616046511627907,0.8403488372093023,0.098,8.674418604651162,1.4883720930232558,0.0019010000396519
2021-12-12,346,0,0.0647027027027027,0.8286486486486486,0.1066216216216216,16.405405405405407,2.6486486486486487,0.0019049999536946
2021-12-13,347,1,0.0635277777777777,0.7925833333333334,0.1438888888888888,10.72222222222222,1.4444444444444444,0.0017490000464022
2021-12-14,348,1,0.0407692307692307,0.8406410256410256,0.1185897435897435,4.769230769230769,1.3846153846153846,0.00179999996908
2021-12-15,349,0,0.0768947368421052,0.8085789473684211,0.1145,4.447368421052632,0.9473684210526316,0.0017709999810904
2021-12-16,350,0,0.0702571428571428,0.8193714285714286,0.1102285714285714,21.142857142857142,1.8571428571428568,0.0017709999810904
2021-12-17,351,0,0.054,0.8532894736842105,0.0927105263157894,13.263157894736842,1.5526315789473684,0.0017300000181421
2021-12-18,352,0,0.0574242424242424,0.8738484848484849,0.0686969696969697,18.666666666666668,1.606060606060606,0.001717000035569
2021-12-19,353,0,0.0765238095238095,0.8173571428571429,0.1061428571428571,9.666666666666666,2.6904761904761907,0.0017239999724552
2021-12-20,354,0,0.0485945945945945,0.867,0.0843513513513513,10.297297297297296,1.5675675675675675,0.0016860000323504
2021-12-21,355,0,0.041875,0.878325,0.07975,9.075,1.425,0.0017109999898821
2021-12-22,356,0,0.0537575757575757,0.8515757575757575,0.0946969696969697,20.060606060606062,1.7575757575757576,0.0017269999952986
2021-12-23,357,0,0.0633043478260869,0.8556521739130435,0.0810217391304347,9.434782608695652,0.6086956521739131,0.0018189999973401
2021-12-24,358,0,0.0672727272727272,0.8300681818181819,0.1026818181818181,3.6818181818181817,0.3181818181818182,0.0017869999865069
2021-12-25,359,0,0.0735714285714285,0.8557499999999999,0.0707142857142857,3.142857142857143,0.3214285714285714,0.0017979999538511
2021-12-26,360,0,0.051074074074074,0.8321481481481482,0.1167777777777777,3.962962962962963,0.4074074074074074,0.0017839999636635
2021-12-27,361,0,0.0550869565217391,0.8687608695652174,0.0761304347826087,7.282608695652174,1.6521739130434785,0.0017320000333711
2021-12-28,362,0,0.092425,0.8310000000000001,0.0764249999999999,40.9,3.575,0.001691999961622
2021-12-29,363,0,0.04605,0.881325,0.0726499999999999,28.675,3.975,0.0016799999866634
2021-12-30,364,0,0.0417534246575342,0.8511232876712328,0.1071369863013698,13.780821917808218,0.7123287671232876,0.0016870000399649
