Date,Unnamed: 0,compound,negative,neutral,positive,likes,retweets,Open,High,Low,Close,Volume,Market Cap,Time Open,Time High,Time Low,Time Close
2021-01-01,0,0,0.0512112676056338,0.8657605633802817,0.0829999999999999,38.056338028169016,3.197183098591549,0.21984463,0.24926978,0.21728764,0.23744438,5888429287.11,10780931627.255676,2021-01-01T00:00:00.000Z,2021-01-01T17:16:03.000Z,2021-01-01T00:16:03.000Z,2021-01-01T23:59:59.999Z
2021-01-03,1,0,0.0348227848101265,0.8623164556962026,0.1028607594936708,79.27848101265823,7.025316455696203,0.22174389,0.23774116,0.21716681,0.22584819,5109898871.42,10254417776.80276,2021-01-03T00:00:00.000Z,2021-01-03T17:10:03.000Z,2021-01-03T07:52:03.000Z,2021-01-03T23:59:59.999Z
2021-01-05,2,0,0.0505185185185185,0.8366666666666667,0.1128271604938271,71.0246913580247,9.34567901234568,0.23663584,0.2412511,0.22160197,0.22675012,5378491929.29,10295369035.413813,2021-01-05T00:00:00.000Z,2021-01-05T11:42:03.000Z,2021-01-05T14:13:03.000Z,2021-01-05T23:59:59.999Z
2021-01-07,3,0,0.0426046511627907,0.8519302325581396,0.1054418604651162,39.58139534883721,3.302325581395349,0.25092553,0.36529635,0.24780984,0.32600198,15955049239.63,14801803204.921062,2021-01-07T00:00:00.000Z,2021-01-07T16:27:03.000Z,2021-01-07T00:16:03.000Z,2021-01-07T23:59:59.999Z
2021-01-09,4,0,0.0351917808219178,0.8733013698630137,0.0915342465753424,68.91780821917808,5.068493150684931,0.32315641,0.33985872,0.30789503,0.32691622,7184429144.91,14843313423.838371,2021-01-09T00:00:00.000Z,2021-01-09T21:22:03.000Z,2021-01-09T01:28:03.000Z,2021-01-09T23:59:59.999Z
2021-01-11,5,0,0.0455479452054794,0.8868356164383562,0.0676438356164383,48.57534246575342,5.1506849315068495,0.31794093,0.31794093,0.25946787,0.28890503,9787288502.54,13117452413.857552,2021-01-11T00:00:00.000Z,2021-01-11T00:00:03.000Z,2021-01-11T03:40:03.000Z,2021-01-11T23:59:59.999Z
2021-01-13,6,0,0.0583214285714285,0.8482619047619048,0.0934761904761904,82.72619047619048,6.904761904761905,0.2920282,0.30879798,0.28688895,0.30557979,4831812051.28,13874553414.057388,2021-01-13T00:00:00.000Z,2021-01-13T22:04:03.000Z,2021-01-13T01:00:03.000Z,2021-01-13T23:59:59.999Z
2021-01-15,7,0,0.0656447368421052,0.8316184210526316,0.1028157894736842,34.39473684210526,4.039473684210527,0.29556898,0.30175669,0.26474733,0.2804055,4955409029.29,12731539390.993313,2021-01-15T00:00:00.000Z,2021-01-15T01:34:03.000Z,2021-01-15T16:10:03.000Z,2021-01-15T23:59:59.999Z
2021-01-17,8,0,0.0464285714285714,0.8479350649350649,0.1056623376623376,46.31168831168832,3.0779220779220777,0.28006687,0.28526809,0.27065174,0.27738365,3488557208.01,12594335138.243153,2021-01-17T00:00:00.000Z,2021-01-17T02:02:03.000Z,2021-01-17T10:04:03.000Z,2021-01-17T23:59:59.999Z
2021-01-19,9,0,0.0573648648648648,0.8203648648648649,0.1222702702702702,52.0945945945946,5.391891891891892,0.28482555,0.32618792,0.283997,0.2943137,5583136814.5,13363027568.889671,2021-01-19T00:00:00.000Z,2021-01-19T06:04:03.000Z,2021-01-19T00:40:03.000Z,2021-01-19T23:59:59.999Z
2021-01-21,10,0,0.0375,0.8316666666666668,0.1308333333333333,51.76923076923077,6.448717948717949,0.29646649,0.30621835,0.26312363,0.26894641,4453463443.36,12211250678.406933,2021-01-21T00:00:00.000Z,2021-01-21T03:07:03.000Z,2021-01-21T22:41:03.000Z,2021-01-21T23:59:59.999Z
2021-01-23,11,0,0.0319529411764705,0.8667882352941177,0.1012941176470588,88.02352941176471,12.470588235294118,0.27261076,0.28262269,0.26697864,0.27182148,3018882841.38,12341790397.92694,2021-01-23T00:00:00.000Z,2021-01-23T01:01:03.000Z,2021-01-23T13:07:03.000Z,2021-01-23T23:59:59.999Z
2021-01-25,12,1,0.0274499999999999,0.8593875000000001,0.11315,60.9875,7.0625,0.27347297,0.28241733,0.26880025,0.26908877,2925493997.19,12217714233.2147,2021-01-25T00:00:00.000Z,2021-01-25T14:23:03.000Z,2021-01-25T22:32:03.000Z,2021-01-25T23:59:59.999Z
2021-01-27,13,0,0.0629875,0.8487375,0.0882625,66.7875,7.95,0.26885593,0.26897216,0.24553212,0.25194347,2940937078.98,11439248737.61861,2021-01-27T00:00:00.000Z,2021-01-27T00:04:03.000Z,2021-01-27T14:54:03.000Z,2021-01-27T23:59:59.999Z
2021-01-29,14,0,0.0604814814814814,0.8419876543209875,0.0975802469135802,143.90123456790124,23.34567901234568,0.27053047,0.31019353,0.26048783,0.28218765,8031899348.05,12812456127.64,2021-01-29T00:00:00.000Z,2021-01-29T05:49:03.000Z,2021-01-29T04:22:03.000Z,2021-01-29T23:59:59.999Z
2021-01-31,15,0,0.045860465116279,0.855953488372093,0.0981860465116279,38.19767441860465,4.348837209302325,0.43783155,0.49970232,0.38949785,0.49231408,24394851755.58,22353042408.27,2021-01-31T00:00:00.000Z,2021-01-31T10:39:03.000Z,2021-01-31T03:26:03.000Z,2021-01-31T23:59:59.999Z
2021-02-02,16,0,0.0369186046511627,0.8861976744186045,0.0768837209302325,66.96511627906976,10.988372093023257,0.37052046,0.40426357,0.34426852,0.36927,12756138062.39,16766345435.96,2021-02-02T00:00:00.000Z,2021-02-02T11:28:03.000Z,2021-02-02T01:55:03.000Z,2021-02-02T23:59:59.999Z
2021-02-04,17,0,0.0508372093023255,0.8281279069767441,0.1210348837209302,107.31395348837208,13.918604651162791,0.3934106,0.47230557,0.37918058,0.4464491,13193400182.32,20270587944.5,2021-02-04T00:00:00.000Z,2021-02-04T22:11:03.000Z,2021-02-04T09:13:03.000Z,2021-02-04T23:59:59.999Z
2021-02-06,18,0,0.0326162790697674,0.8741627906976744,0.0932325581395348,136.15116279069767,16.151162790697676,0.45015712,0.4522818,0.42671043,0.43909568,7625571665.58,19936712821.83,2021-02-06T00:00:00.000Z,2021-02-06T00:04:03.000Z,2021-02-06T01:55:03.000Z,2021-02-06T23:59:59.999Z
2021-02-08,19,0,0.0288160919540229,0.8622068965517241,0.1089885057471264,84.55172413793103,10.39080459770115,0.4177655,0.45991625,0.412719,0.447702,8180714581.31,20327474410.0,2021-02-08T00:00:00.000Z,2021-02-08T14:11:03.000Z,2021-02-08T02:56:03.000Z,2021-02-08T23:59:59.999Z
2021-02-10,20,0,0.036860465116279,0.863,0.1001511627906976,62.44186046511628,5.883720930232558,0.47191863,0.53410474,0.46599033,0.5034453,13793347171.84,22858444785.12,2021-02-10T00:00:00.000Z,2021-02-10T08:46:03.000Z,2021-02-10T12:41:03.000Z,2021-02-10T23:59:59.999Z
2021-02-12,21,0,0.0414651162790697,0.8757441860465115,0.0827790697674418,118.02325581395348,17.337209302325583,0.52462749,0.61262968,0.51826489,0.60859231,13950086407.32,27632542729.79,2021-02-12T00:00:00.000Z,2021-02-12T23:40:04.000Z,2021-02-12T01:11:03.000Z,2021-02-12T23:59:59.999Z
2021-02-14,22,1,0.023287356321839,0.8781034482758621,0.0985977011494252,46.94252873563219,5.172413793103448,0.62844966,0.63238589,0.56715511,0.5941931,10460949240.48,26978760718.17,2021-02-14T00:00:00.000Z,2021-02-14T00:07:03.000Z,2021-02-14T14:52:03.000Z,2021-02-14T23:59:59.999Z
2021-02-16,23,0,0.0565131578947368,0.8590000000000001,0.0844736842105263,26.73684210526316,1.947368421052632,0.54859501,0.57731516,0.49003827,0.52084597,10310430731.87,23648505355.39,2021-02-16T00:00:00.000Z,2021-02-16T04:43:03.000Z,2021-02-16T21:22:03.000Z,2021-02-16T23:59:59.999Z
2021-02-18,24,0,0.041759493670886,0.8490253164556961,0.1092025316455696,39.49367088607595,4.075949367088608,0.53509777,0.55864091,0.52387216,0.5324331,5621706994.69,24174607717.38,2021-02-18T00:00:00.000Z,2021-02-18T06:25:03.000Z,2021-02-18T12:16:03.000Z,2021-02-18T23:59:59.999Z
2021-02-20,25,0,0.0374024390243902,0.8592439024390244,0.1033658536585366,54.09756097560975,7.512195121951219,0.56688315,0.58242381,0.48244043,0.51751221,7892199926.39,23497139197.04,2021-02-20T00:00:00.000Z,2021-02-20T06:52:03.000Z,2021-02-20T22:45:04.000Z,2021-02-20T23:59:59.999Z
2021-02-22,26,0,0.0775584415584415,0.8428181818181819,0.0796493506493506,61.81818181818182,6.688311688311688,0.54832441,0.63985051,0.52006904,0.57174115,18769236631.59,25959351669.07,2021-02-22T00:00:00.000Z,2021-02-22T06:01:03.000Z,2021-02-22T04:46:03.000Z,2021-02-22T23:59:59.999Z
2021-02-24,27,0,0.0483670886075949,0.857493670886076,0.094126582278481,15.430379746835444,1.2658227848101269,0.47420092,0.49936965,0.45475888,0.47183151,8015468859.3,21423051552.55,2021-02-24T00:00:00.000Z,2021-02-24T09:28:03.000Z,2021-02-24T22:15:04.000Z,2021-02-24T23:59:59.999Z
2021-02-26,28,0,0.0379277108433734,0.8535180722891567,0.1085542168674698,16.843373493975903,1.783132530120482,0.43494082,0.45043993,0.41555853,0.42790019,6476253874.48,19428392307.28,2021-02-26T00:00:00.000Z,2021-02-26T16:29:03.000Z,2021-02-26T00:38:03.000Z,2021-02-26T23:59:59.999Z
2021-02-28,29,0,0.040076923076923,0.859974358974359,0.0999358974358974,43.24358974358975,5.346153846153846,0.43776427,0.43944012,0.39769878,0.41495318,4325860134.43,18840545903.33,2021-02-28T00:00:00.000Z,2021-02-28T01:25:03.000Z,2021-02-28T16:16:03.000Z,2021-02-28T23:59:59.999Z
2021-03-02,30,0,0.0319078947368421,0.88525,0.0828421052631579,86.60526315789474,11.828947368421051,0.4464961,0.45476367,0.42484324,0.43683726,3388591213.18,19834171592.41,2021-03-02T00:00:00.000Z,2021-03-02T00:17:03.000Z,2021-03-02T17:15:03.000Z,2021-03-02T23:59:59.999Z
2021-03-04,31,0,0.0366162790697674,0.8771976744186047,0.0861511627906976,68.37209302325581,7.290697674418604,0.45005969,0.49314245,0.4380025,0.48660534,6027421636.99,22093842734.2,2021-03-04T00:00:00.000Z,2021-03-04T16:34:03.000Z,2021-03-04T04:58:03.000Z,2021-03-04T23:59:59.999Z
2021-03-06,32,0,0.0414545454545454,0.864987012987013,0.0935454545454545,27.92207792207792,3.3376623376623376,0.45786376,0.47068809,0.45249527,0.46510621,2758849692.45,21117695564.41,2021-03-06T00:00:00.000Z,2021-03-06T03:49:03.000Z,2021-03-06T13:29:03.000Z,2021-03-06T23:59:59.999Z
2021-03-08,33,0,0.0492705882352941,0.8456941176470588,0.105035294117647,58.50588235294118,8.8,0.46688845,0.48598939,0.45731861,0.47359734,3587390974.86,21503227134.57,2021-03-08T00:00:00.000Z,2021-03-08T10:04:03.000Z,2021-03-08T09:40:03.000Z,2021-03-08T23:59:59.999Z
2021-03-10,34,0,0.0403255813953488,0.8568837209302327,0.1027674418604651,38.23255813953488,5.313953488372093,0.48590298,0.48764747,0.45883117,0.46316597,3271277630.62,21029601065.38,2021-03-10T00:00:00.000Z,2021-03-10T00:04:03.000Z,2021-03-10T21:11:03.000Z,2021-03-10T23:59:59.999Z
2021-03-12,35,0,0.0349374999999999,0.8834,0.081625,47.7375,4.5375,0.45299132,0.46369387,0.43301496,0.44113069,3326213717.01,20029110602.28,2021-03-12T00:00:00.000Z,2021-03-12T03:43:03.000Z,2021-03-12T13:34:03.000Z,2021-03-12T23:59:59.999Z
2021-03-14,36,0,0.0609102564102564,0.8389743589743589,0.1000897435897436,61.32051282051282,5.217948717948718,0.45963106,0.46209239,0.44211151,0.44211151,2509435799.58,20073643665.36,2021-03-14T00:00:00.000Z,2021-03-14T00:25:03.000Z,2021-03-14T23:59:03.000Z,2021-03-14T23:59:59.999Z
2021-03-16,37,0,0.0426626506024096,0.8578795180722891,0.0994457831325301,87.86746987951807,17.132530120481928,0.43745378,0.51495941,0.43007769,0.46259998,7382009786.12,21003902721.03,2021-03-16T00:00:00.000Z,2021-03-16T06:34:03.000Z,2021-03-16T01:09:03.000Z,2021-03-16T23:59:59.999Z
2021-03-18,38,0,0.026126582278481,0.8958227848101266,0.0780253164556962,63.48101265822785,5.455696202531645,0.47238267,0.49080923,0.45583595,0.47291937,3265976424.64,21472444567.65,2021-03-18T00:00:00.000Z,2021-03-18T12:19:03.000Z,2021-03-18T13:31:03.000Z,2021-03-18T23:59:59.999Z
2021-03-20,39,0,0.0491494252873563,0.8289885057471265,0.1219080459770114,79.10344827586206,12.011494252873565,0.47110529,0.55292916,0.47016115,0.52699085,6757879312.33,23927507590.93,2021-03-20T00:00:00.000Z,2021-03-20T22:31:04.000Z,2021-03-20T00:13:03.000Z,2021-03-20T23:59:59.999Z
2021-03-22,40,0,0.036465909090909,0.8767613636363637,0.0867840909090909,54.71590909090909,6.125,0.51981021,0.60261755,0.505471,0.54994159,9732075815.54,24969563563.05,2021-03-22T00:00:00.000Z,2021-03-22T18:31:03.000Z,2021-03-22T00:55:03.000Z,2021-03-22T23:59:59.999Z
2021-03-24,41,0,0.0651358024691358,0.8428641975308643,0.0920123456790123,71.12345679012346,6.271604938271605,0.5562654,0.56467728,0.46928451,0.48883678,5446433135.03,22195159228.16,2021-03-24T00:00:00.000Z,2021-03-24T13:33:03.000Z,2021-03-24T22:26:03.000Z,2021-03-24T23:59:59.999Z
2021-03-26,42,0,0.027,0.8636024096385543,0.1094457831325301,52.566265060240966,10.698795180722891,0.51738933,0.57497524,0.51651503,0.56705516,5807865028.36,25746588636.17,2021-03-26T00:00:00.000Z,2021-03-26T11:49:03.000Z,2021-03-26T00:01:03.000Z,2021-03-26T23:59:59.999Z
2021-03-28,43,0,0.03115,0.8666,0.10225,59.525,5.9125,0.5503772,0.56220472,0.54547788,0.55075583,2795107714.91,25006533341.54,2021-03-28T00:00:00.000Z,2021-03-28T08:04:03.000Z,2021-03-28T12:23:03.000Z,2021-03-28T23:59:59.999Z
2021-03-30,44,0,0.0575822784810126,0.8523037974683544,0.090126582278481,56.53164556962025,7.417721518987341,0.56773738,0.58590329,0.56308406,0.56685858,3831603058.2,25737663164.89,2021-03-30T00:00:00.000Z,2021-03-30T04:19:03.000Z,2021-03-30T03:59:03.000Z,2021-03-30T23:59:59.999Z
2021-04-01,45,0,0.0466666666666666,0.86204,0.0912666666666666,41.54666666666667,5.093333333333334,0.5739587,0.59581686,0.55900232,0.57929188,4725008531.38,26302184998.9,2021-04-01T00:00:00.000Z,2021-04-01T01:11:03.000Z,2021-04-01T14:17:03.000Z,2021-04-01T23:59:59.999Z
2021-04-03,46,0,0.0319871794871794,0.8675,0.1005128205128205,34.833333333333336,6.1923076923076925,0.61677892,0.65335013,0.587748,0.59091504,6757992981.01,26829923528.05,2021-04-03T00:00:00.000Z,2021-04-03T06:10:03.000Z,2021-04-03T22:35:03.000Z,2021-04-03T23:59:59.999Z
2021-04-05,47,0,0.0499390243902439,0.8469268292682925,0.103170731707317,56.52439024390244,4.817073170731708,0.64670265,0.93685533,0.63397378,0.92047305,26415199262.5,41793184885.01,2021-04-05T00:00:00.000Z,2021-04-05T21:32:03.000Z,2021-04-05T01:03:03.000Z,2021-04-05T23:59:59.999Z
2021-04-07,48,0,0.0382857142857142,0.860935064935065,0.1007532467532467,92.6103896103896,9.07792207792208,1.09754682,1.10448837,0.8694135,0.91757616,21942171677.96,41661654117.6,2021-04-07T00:00:00.000Z,2021-04-07T00:19:03.000Z,2021-04-07T12:17:03.000Z,2021-04-07T23:59:59.999Z
2021-04-09,49,0,0.042076923076923,0.8607051282051282,0.0971923076923077,62.15384615384615,5.551282051282051,1.05341665,1.08315914,0.9865853,1.02083654,10235269531.24,46350091393.65,2021-04-09T00:00:00.000Z,2021-04-09T21:06:05.000Z,2021-04-09T14:31:03.000Z,2021-04-09T23:59:59.999Z
2021-04-11,50,0,0.0266818181818181,0.8777954545454545,0.0955454545454545,82.48863636363636,9.5,1.3720684,1.49207181,1.30882764,1.36053004,21224874412.44,61773544985.43,2021-04-11T00:00:00.000Z,2021-04-11T05:27:03.000Z,2021-04-11T12:23:03.000Z,2021-04-11T23:59:59.999Z
2021-04-13,51,0,0.0377303370786516,0.8583595505617978,0.1038988764044943,35.30337078651685,4.089887640449438,1.47008036,1.88843866,1.42303428,1.79400136,31123574741.03,81454889101.26,2021-04-13T00:00:00.000Z,2021-04-13T18:23:03.000Z,2021-04-13T01:29:03.000Z,2021-04-13T23:59:59.999Z
2021-04-15,52,0,0.0491481481481481,0.8520740740740741,0.0988271604938271,39.65432098765432,6.493827160493828,1.83728053,1.88281943,1.65810336,1.76606672,15403982671.33,80186544121.73,2021-04-15T00:00:00.000Z,2021-04-15T00:06:03.000Z,2021-04-15T11:01:03.000Z,2021-04-15T23:59:59.999Z
2021-04-17,53,0,0.0324647887323943,0.8706619718309859,0.0969014084507042,55.71830985915493,6.098591549295775,1.55302723,1.74052804,1.5415027,1.56005467,14507135285.07,70832766981.07,2021-04-17T00:00:00.000Z,2021-04-17T07:25:03.000Z,2021-04-17T00:04:03.000Z,2021-04-17T23:59:59.999Z
2021-04-19,54,0,0.0344444444444444,0.8613086419753087,0.1042222222222222,104.1604938271605,21.62962962962963,1.40945697,1.53038051,1.25830678,1.31504432,17637508685.03,59708309820.39,2021-04-19T00:00:00.000Z,2021-04-19T05:00:03.000Z,2021-04-19T14:43:03.000Z,2021-04-19T23:59:59.999Z
2021-04-21,55,0,0.0612666666666666,0.8491333333333334,0.0896133333333333,53.333333333333336,6.413333333333333,1.38615723,1.45853957,1.28282336,1.29649777,12545052976.99,58866221973.52,2021-04-21T00:00:00.000Z,2021-04-21T02:48:03.000Z,2021-04-21T23:12:03.000Z,2021-04-21T23:59:59.999Z
2021-04-23,56,0,0.0511904761904761,0.8190238095238096,0.1298214285714285,85.47619047619048,12.416666666666666,1.15713867,1.19400409,0.90107929,1.1696597,20235915090.16,53107262635.37,2021-04-23T00:00:00.000Z,2021-04-23T00:30:03.000Z,2021-04-23T02:26:03.000Z,2021-04-23T23:59:59.999Z
2021-04-25,57,0,0.0517564102564102,0.8661923076923077,0.082051282051282,63.21794871794872,4.833333333333333,1.04948955,1.1530248,0.95291451,1.03225582,8573604939.48,46868572792.79,2021-04-25T00:00:00.000Z,2021-04-25T16:02:03.000Z,2021-04-25T21:43:03.000Z,2021-04-25T23:59:59.999Z
2021-04-27,58,0,0.0468,0.8703749999999999,0.082775,46.425,4.675,1.36674334,1.45973609,1.33118985,1.40095461,13584693516.6,63608983018.9,2021-04-27T00:00:00.000Z,2021-04-27T11:18:03.000Z,2021-04-27T14:11:03.000Z,2021-04-27T23:59:59.999Z
2021-04-29,59,0,0.0464186046511627,0.8737674418604652,0.079813953488372,48.68604651162791,4.453488372093023,1.35796493,1.41833098,1.33094667,1.3993598,7633164142.11,63536572211.27,2021-04-29T00:00:00.000Z,2021-04-29T10:59:03.000Z,2021-04-29T01:11:03.000Z,2021-04-29T23:59:59.999Z
2021-05-01,60,0,0.0386891891891891,0.8806621621621621,0.0806351351351351,133.44594594594594,9.594594594594597,1.59840905,1.66501101,1.529947,1.65102495,8206771323.36,74963184004.41,2021-05-01T00:00:00.000Z,2021-05-01T22:58:03.000Z,2021-05-01T09:07:03.000Z,2021-05-01T23:59:59.999Z
2021-05-03,61,0,0.0574567901234567,0.8391604938271604,0.103395061728395,34.06172839506173,4.54320987654321,1.56249349,1.62159853,1.5285558,1.5559947,7612512785.49,70648428003.59,2021-05-03T00:00:00.000Z,2021-05-03T05:28:03.000Z,2021-05-03T13:52:03.000Z,2021-05-03T23:59:59.999Z
2021-05-05,62,0,0.0394814814814814,0.873567901234568,0.0869629629629629,54.04938271604938,7.54320987654321,1.38806972,1.62253647,1.37127434,1.61451155,13318453320.15,73305328517.53,2021-05-05T00:00:00.000Z,2021-05-05T23:03:03.000Z,2021-05-05T00:03:03.000Z,2021-05-05T23:59:59.999Z
2021-05-07,63,1,0.0208749999999999,0.8671749999999999,0.111975,50.275,5.5,1.60397992,1.69125827,1.51129109,1.58175517,10400571927.49,55532777769.36,2021-05-07T00:00:00.000Z,2021-05-07T12:31:02.000Z,2021-05-07T04:38:03.000Z,2021-05-07T23:59:59.999Z
2021-05-09,64,0,0.0439506172839506,0.8656913580246913,0.0903827160493827,81.1604938271605,10.962962962962964,1.5634791,1.59341471,1.44412707,1.53529288,8243079607.25,53901564261.5,2021-05-09T00:00:00.000Z,2021-05-09T02:14:02.000Z,2021-05-09T04:16:03.000Z,2021-05-09T23:59:59.999Z
2021-05-11,65,0,0.0493975903614457,0.8727710843373494,0.0778433734939759,39.73493975903615,3.7951807228915664,1.39183542,1.48685968,1.36367565,1.47768244,7973181908.11,51878958423.65,2021-05-11T00:00:00.000Z,2021-05-11T18:45:03.000Z,2021-05-11T01:14:03.000Z,2021-05-11T23:59:59.999Z
2021-05-13,66,0,0.0506363636363636,0.835935064935065,0.1134155844155844,73.83116883116882,8.077922077922079,1.27127315,1.388924,1.20945694,1.35891006,12358993945.77,47709058585.35,2021-05-13T00:00:00.000Z,2021-05-13T07:15:03.000Z,2021-05-13T00:04:03.000Z,2021-05-13T23:59:59.999Z
2021-05-15,67,0,0.0345609756097561,0.8742926829268294,0.0911341463414634,79.2439024390244,6.463414634146342,1.40170561,1.58247834,1.32481202,1.48588012,13321419261.16,52166765090.56,2021-05-15T00:00:00.000Z,2021-05-15T15:36:02.000Z,2021-05-15T10:28:02.000Z,2021-05-15T23:59:59.999Z
2021-05-17,68,0,0.0539756097560975,0.8376951219512195,0.1083414634146341,105.15853658536584,13.890243902439025,1.44920368,1.55932523,1.32827902,1.49630034,13573485605.69,52532601631.21,2021-05-17T00:00:00.000Z,2021-05-17T12:12:03.000Z,2021-05-17T04:07:03.000Z,2021-05-17T23:59:59.999Z
2021-05-19,69,0,0.0735444444444444,0.8264,0.1000888888888888,59.43333333333333,11.022222222222222,1.59327046,1.64437979,0.87531797,1.07031315,20523476458.45,37576904035.11,2021-05-19T00:00:00.000Z,2021-05-19T00:28:02.000Z,2021-05-19T12:56:02.000Z,2021-05-19T23:59:59.999Z
2021-05-21,70,0,0.0556190476190476,0.8619642857142857,0.0824285714285714,59.833333333333336,5.142857142857143,1.18118321,1.21592606,0.86954786,1.0069763,10998911190.64,46457226450.41,2021-05-21T00:00:00.000Z,2021-05-21T00:42:02.000Z,2021-05-21T21:20:03.000Z,2021-05-21T23:59:59.999Z
2021-05-23,71,0,0.0391866666666666,0.8616133333333332,0.0991466666666666,37.54666666666667,3.986666666666667,0.90651086,0.96734611,0.65225395,0.79701534,10816054413.04,36770599361.44,2021-05-23T00:00:00.000Z,2021-05-23T01:18:03.000Z,2021-05-23T16:42:03.000Z,2021-05-23T23:59:59.999Z
2021-05-25,72,0,0.05132,0.83392,0.11472,57.06666666666667,6.266666666666667,0.9940301,1.05784017,0.88382712,0.97618689,8637179369.24,45044780046.37,2021-05-25T00:00:00.000Z,2021-05-25T00:41:03.000Z,2021-05-25T12:40:03.000Z,2021-05-25T23:59:59.999Z
2021-05-27,73,0,0.0419135802469135,0.8571481481481482,0.1009506172839506,40.72839506172839,5.209876543209877,1.0335741,1.042896,0.93561635,0.97023464,5204084864.76,44770121605.38,2021-05-27T00:00:00.000Z,2021-05-27T00:04:03.000Z,2021-05-27T03:19:03.000Z,2021-05-27T23:59:59.999Z
2021-05-29,74,0,0.0421392405063291,0.8521392405063292,0.1057341772151898,44.86075949367088,7.0,0.89949546,0.93979238,0.79506977,0.83178801,5156278121.01,38381695412.82,2021-05-29T00:00:00.000Z,2021-05-29T05:19:02.000Z,2021-05-29T20:21:03.000Z,2021-05-29T23:59:59.999Z
2021-05-31,75,0,0.0355057471264367,0.8520229885057472,0.1124597701149425,59.42528735632184,7.218390804597701,0.90638442,1.04902159,0.88255551,1.04658407,6277821473.87,48293159732.06,2021-05-31T00:00:00.000Z,2021-05-31T23:51:03.000Z,2021-05-31T03:11:03.000Z,2021-05-31T23:59:59.999Z
2021-06-02,76,0,0.0381111111111111,0.8628472222222222,0.0990555555555555,89.80555555555556,16.194444444444443,1.01121407,1.0497459,0.98136508,1.02440033,3598008181.75,47277113119.81,2021-06-02T00:00:00.000Z,2021-06-02T15:24:03.000Z,2021-06-02T01:11:03.000Z,2021-06-02T23:59:59.999Z
2021-06-04,77,0,0.0438767123287671,0.8704794520547945,0.0856164383561643,157.46575342465752,25.12328767123288,1.04510574,1.0452713,0.92016741,0.97019603,4638523696.86,44775529764.24,2021-06-04T00:00:00.000Z,2021-06-04T00:03:03.000Z,2021-06-04T12:11:03.000Z,2021-06-04T23:59:59.999Z
2021-06-06,78,0,0.0464761904761904,0.8383928571428572,0.1151785714285714,82.86904761904762,10.821428571428571,0.92348092,0.9495324,0.91875968,0.94528629,2308242806.66,43625920334.92,2021-06-06T00:00:00.000Z,2021-06-06T06:01:03.000Z,2021-06-06T00:03:03.000Z,2021-06-06T23:59:59.999Z
2021-06-08,79,0,0.0565866666666666,0.8643733333333333,0.0790133333333333,79.84,8.973333333333333,0.86278092,0.88549837,0.78864339,0.87578752,4491339500.53,40452252990.58,2021-06-08T00:00:00.000Z,2021-06-08T22:32:02.000Z,2021-06-08T15:22:03.000Z,2021-06-08T23:59:59.999Z
2021-06-10,80,0,0.0270416666666666,0.876263888888889,0.0967222222222222,78.83333333333333,10.069444444444445,0.92132381,0.92782748,0.85379667,0.86918199,3157272779.96,40147146244.49,2021-06-10T00:00:00.000Z,2021-06-10T00:03:03.000Z,2021-06-10T20:34:03.000Z,2021-06-10T23:59:59.999Z
2021-06-12,81,0,0.0324324324324324,0.8948243243243243,0.0727162162162162,53.567567567567565,11.72972972972973,0.84787876,0.84787876,0.8076977,0.83268337,2731548389.57,38461290203.89,2021-06-12T00:00:00.000Z,2021-06-12T00:00:03.000Z,2021-06-12T02:32:03.000Z,2021-06-12T23:59:59.999Z
2021-06-14,82,0,0.0621097560975609,0.8387317073170731,0.099170731707317,77.71951219512195,8.682926829268293,0.88304764,0.92611019,0.86381507,0.89289677,3005221040.25,41242521556.87,2021-06-14T00:00:00.000Z,2021-06-14T16:17:02.000Z,2021-06-14T12:21:02.000Z,2021-06-14T23:59:59.999Z
2021-06-16,83,0,0.0373611111111111,0.8516944444444445,0.1109861111111111,97.04166666666669,7.416666666666667,0.86685424,0.87337545,0.82755368,0.83190807,2916163481.02,38438955213.66,2021-06-16T00:00:00.000Z,2021-06-16T07:04:03.000Z,2021-06-16T15:15:03.000Z,2021-06-16T23:59:59.999Z
2021-06-18,84,0,0.0400136986301369,0.8627534246575342,0.0972465753424657,65.3013698630137,7.191780821917808,0.842324,0.84491953,0.77498521,0.79764845,2509639517.66,36855962940.44,2021-06-18T00:00:00.000Z,2021-06-18T08:07:03.000Z,2021-06-18T18:55:03.000Z,2021-06-18T23:59:59.999Z
2021-06-20,85,0,0.0756944444444444,0.840013888888889,0.0842777777777777,72.0,8.958333333333334,0.76037673,0.78429488,0.69937224,0.77637699,3068578655.98,35873098743.8,2021-06-20T00:00:00.000Z,2021-06-20T21:34:03.000Z,2021-06-20T12:24:03.000Z,2021-06-20T23:59:59.999Z
2021-06-22,86,0,0.0565243902439024,0.8396463414634147,0.1038414634146341,65.1219512195122,11.597560975609756,0.60723167,0.64891896,0.5127098,0.54506708,4784173339.17,25206364296.26,2021-06-22T00:00:00.000Z,2021-06-22T03:41:03.000Z,2021-06-22T13:53:03.000Z,2021-06-22T23:59:59.999Z
2021-06-24,87,0,0.034581081081081,0.8779594594594594,0.0874459459459459,85.83783783783784,17.094594594594593,0.63859048,0.69101019,0.61738169,0.67199983,2781916001.69,31076307997.52,2021-06-24T00:00:00.000Z,2021-06-24T17:25:03.000Z,2021-06-24T02:34:03.000Z,2021-06-24T23:59:59.999Z
2021-06-26,88,0,0.0306049382716049,0.8662345679012347,0.1032098765432098,37.617283950617285,5.567901234567901,0.61158601,0.63167604,0.58241476,0.61543549,2458620797.69,28460517497.9,2021-06-26T00:00:00.000Z,2021-06-26T05:05:03.000Z,2021-06-26T08:14:03.000Z,2021-06-26T23:59:59.999Z
2021-06-28,89,0,0.0277108433734939,0.8775301204819277,0.0947710843373493,35.83132530120482,2.9518072289156625,0.64828473,0.65444544,0.62455104,0.64374639,2323398761.18,29769741286.42,2021-06-28T00:00:00.000Z,2021-06-28T17:19:03.000Z,2021-06-28T12:02:03.000Z,2021-06-28T23:59:59.999Z
2021-06-30,90,1,0.0331625,0.8382375,0.1286125,58.825,11.95,0.70568132,0.71367337,0.6494562,0.70637445,3097076848.86,32597010800.59,2021-06-30T00:00:00.000Z,2021-06-30T00:40:03.000Z,2021-06-30T16:07:03.000Z,2021-06-30T23:59:59.999Z
2021-07-02,91,0,0.0337283950617283,0.8446543209876544,0.1216296296296296,97.8641975308642,13.197530864197532,0.65989024,0.66728684,0.63472596,0.65676289,2061607207.81,30307589485.09,2021-07-02T00:00:00.000Z,2021-07-02T00:12:02.000Z,2021-07-02T12:30:03.000Z,2021-07-02T23:59:59.999Z
2021-07-04,92,0,0.0416463414634146,0.8691463414634146,0.0892195121951219,57.08536585365854,5.878048780487805,0.67321757,0.70778299,0.66580247,0.69494543,1885241526.85,32069596319.4,2021-07-04T00:00:00.000Z,2021-07-04T21:59:03.000Z,2021-07-04T01:32:03.000Z,2021-07-04T23:59:59.999Z
2021-07-06,93,0,0.0388795180722891,0.8581325301204819,0.1029759036144578,58.795180722891565,5.481927710843373,0.6530552,0.67992344,0.65267606,0.66540248,1938959238.79,30722840710.51,2021-07-06T00:00:00.000Z,2021-07-06T08:59:03.000Z,2021-07-06T00:01:03.000Z,2021-07-06T23:59:59.999Z
2021-07-08,94,0,0.0288333333333333,0.882952380952381,0.0882023809523809,57.17857142857143,6.059523809523809,0.65269075,0.65430869,0.61298267,0.6230581,2348704557.7,28767723727.23,2021-07-08T00:00:00.000Z,2021-07-08T00:02:03.000Z,2021-07-08T22:30:03.000Z,2021-07-08T23:59:59.999Z
2021-07-10,95,1,0.0331125,0.849475,0.1174125,46.075,8.7125,0.63722129,0.64817379,0.61470143,0.62546295,1788373888.62,28878759908.11,2021-07-10T00:00:00.000Z,2021-07-10T00:15:03.000Z,2021-07-10T17:36:03.000Z,2021-07-10T23:59:59.999Z
2021-07-12,96,0,0.0371081081081081,0.8464459459459459,0.1164324324324324,50.21621621621622,3.8513513513513513,0.63634212,0.65721028,0.61845093,0.63017834,1908473825.1,29096477844.08,2021-07-12T00:00:00.000Z,2021-07-12T07:17:03.000Z,2021-07-12T19:35:03.000Z,2021-07-12T23:59:59.999Z
2021-07-14,97,1,0.0221710526315789,0.8731184210526316,0.1047105263157894,30.0,3.736842105263158,0.61946939,0.62472382,0.5874323,0.62032431,1945120120.81,28669334327.32,2021-07-14T00:00:00.000Z,2021-07-14T22:42:03.000Z,2021-07-14T03:32:03.000Z,2021-07-14T23:59:59.999Z
2021-07-16,98,1,0.0367941176470588,0.8488970588235294,0.1143235294117647,65.61764705882354,13.073529411764708,0.59754893,0.6167956,0.58882132,0.5907739,1902793057.9,27303612344.17,2021-07-16T00:00:00.000Z,2021-07-16T01:07:03.000Z,2021-07-16T11:45:04.000Z,2021-07-16T23:59:59.999Z
2021-07-18,99,0,0.0362835820895522,0.8777462686567163,0.0859850746268656,39.11940298507463,3.626865671641791,0.58259274,0.60120335,0.5734223,0.5879219,1567538722.2,27171802324.92,2021-07-18T00:00:00.000Z,2021-07-18T02:28:03.000Z,2021-07-18T14:42:03.000Z,2021-07-18T23:59:59.999Z
2021-07-20,100,0,0.0456756756756756,0.8629324324324325,0.0914054054054054,39.17808219178082,4.301369863013699,0.55762234,0.56837282,0.5179104,0.52933628,2026435205.8,24489903049.33,2021-07-20T00:00:00.000Z,2021-07-20T00:17:03.000Z,2021-07-20T10:01:03.000Z,2021-07-20T23:59:59.999Z
2021-07-22,101,0,0.0235308641975308,0.9034814814814816,0.0729753086419753,94.46913580246914,19.98765432098765,0.57155874,0.60253677,0.56172347,0.59220604,2520533539.08,27398591366.97,2021-07-22T00:00:00.000Z,2021-07-22T17:55:05.000Z,2021-07-22T02:37:07.000Z,2021-07-22T23:59:59.999Z
2021-07-24,102,1,0.0283055555555555,0.8599722222222222,0.1116944444444444,33.40277777777778,2.986111111111111,0.60899728,0.6206961,0.60097113,0.60982689,1967190259.86,28213825525.21,2021-07-24T00:00:00.000Z,2021-07-24T17:21:05.000Z,2021-07-24T20:44:04.000Z,2021-07-24T23:59:59.999Z
2021-07-26,103,0,0.0417368421052631,0.85075,0.1075394736842105,24.56578947368421,4.973684210526316,0.60689087,0.6778678,0.60529906,0.62561752,3879282540.66,28944383704.91,2021-07-26T00:00:00.000Z,2021-07-26T19:37:03.000Z,2021-07-26T00:04:06.000Z,2021-07-26T23:59:59.999Z
2021-07-28,104,0,0.0414938271604938,0.8734691358024692,0.085037037037037,60.07407407407408,7.197530864197531,0.64557157,0.75184088,0.63222621,0.72544486,6452960526.63,33597124069.42,2021-07-28T00:00:00.000Z,2021-07-28T10:16:03.000Z,2021-07-28T06:44:03.000Z,2021-07-28T23:59:59.999Z
2021-07-30,105,0,0.0326891891891891,0.8757297297297297,0.091554054054054,51.148648648648646,5.283783783783784,0.74984586,0.76814924,0.71578094,0.75211906,3328523560.84,34832471452.59,2021-07-30T00:00:00.000Z,2021-07-30T21:51:09.000Z,2021-07-30T09:29:09.000Z,2021-07-30T23:59:59.999Z
2021-08-01,106,0,0.0586463414634146,0.8484146341463413,0.0929512195121951,28.170731707317078,3.024390243902439,0.74594083,0.77628348,0.70728857,0.7259222,2529023488.35,33619230716.94,2021-08-01T00:00:00.000Z,2021-08-01T03:55:05.000Z,2021-08-01T23:29:05.000Z,2021-08-01T23:59:59.999Z
2021-08-03,107,0,0.0458048780487804,0.8623170731707316,0.091890243902439,38.5,4.280487804878049,0.73846595,0.74441406,0.70187823,0.71272874,2857095374.46,33008209336.62,2021-08-03T00:00:00.000Z,2021-08-03T00:36:05.000Z,2021-08-03T18:24:26.000Z,2021-08-03T23:59:59.999Z
2021-08-05,108,0,0.0482999999999999,0.8699875,0.081725,57.2375,5.5625,0.73092017,0.73862091,0.70240056,0.73315096,2387435274.52,33991279559.74,2021-08-05T00:00:00.000Z,2021-08-05T22:19:02.000Z,2021-08-05T12:46:02.000Z,2021-08-05T23:59:59.999Z
2021-08-07,109,0,0.034,0.8473974358974358,0.118602564102564,58.01282051282051,6.743589743589744,0.74713455,0.81804231,0.74143991,0.8162811,4067148039.93,37889814539.54,2021-08-07T00:00:00.000Z,2021-08-07T23:57:03.000Z,2021-08-07T00:08:02.000Z,2021-08-07T23:59:59.999Z
2021-08-09,110,0,0.0440617283950617,0.8436172839506173,0.1123456790123456,64.9753086419753,10.333333333333334,0.77901228,0.82739944,0.76090935,0.81855349,3739417342.79,37995293623.39,2021-08-09T00:00:00.000Z,2021-08-09T18:44:03.000Z,2021-08-09T01:15:02.000Z,2021-08-09T23:59:59.999Z
2021-08-11,111,0,0.03875,0.8460000000000001,0.1152625,96.025,15.5125,0.85127961,1.0870533,0.84874913,1.01252408,8213874829.52,46998944149.47,2021-08-11T00:00:00.000Z,2021-08-11T19:58:03.000Z,2021-08-11T00:02:03.000Z,2021-08-11T23:59:59.999Z
2021-08-13,112,0,0.0390459770114942,0.8692988505747127,0.0916321839080459,100.20689655172414,13.241379310344827,0.96714617,1.0944956,0.95259082,1.08995993,6425779146.98,50593330595.19,2021-08-13T00:00:00.000Z,2021-08-13T23:47:03.000Z,2021-08-13T00:20:03.000Z,2021-08-13T23:59:59.999Z
2021-08-15,113,0,0.0282682926829268,0.8550975609756097,0.1166463414634146,58.34146341463415,7.5,1.28164424,1.34917433,1.23024327,1.28815972,10899164864.23,59793290470.88,2021-08-15T00:00:00.000Z,2021-08-15T02:14:02.000Z,2021-08-15T07:48:03.000Z,2021-08-15T23:59:59.999Z
2021-08-17,114,0,0.0347625,0.8650249999999999,0.1002125,226.725,40.2375,1.1862784,1.22267782,1.08827319,1.09819929,7620119367.11,50975782194.47,2021-08-17T00:00:00.000Z,2021-08-17T10:13:03.000Z,2021-08-17T23:54:03.000Z,2021-08-17T23:59:59.999Z
2021-08-19,115,0,0.0255625,0.8839124999999999,0.0905,74.075,6.5125,1.14465801,1.23284153,1.09217067,1.23284153,6781867994.22,57292421910.15,2021-08-19T00:00:00.000Z,2021-08-19T23:59:03.000Z,2021-08-19T12:10:03.000Z,2021-08-19T23:59:59.999Z
2021-08-21,116,0,0.039670731707317,0.8460243902439024,0.114280487804878,43.52439024390244,6.097560975609756,1.26391765,1.28123456,1.20640515,1.21647276,4955470066.45,56531735089.87,2021-08-21T00:00:00.000Z,2021-08-21T02:38:02.000Z,2021-08-21T20:12:03.000Z,2021-08-21T23:59:59.999Z
2021-08-23,117,0,0.0326025641025641,0.8532564102564103,0.1140897435897436,67.7948717948718,13.948717948717947,1.22681196,1.3042195,1.22209397,1.24726952,6299948689.1,57962916947.4,2021-08-23T00:00:00.000Z,2021-08-23T08:56:03.000Z,2021-08-23T19:13:03.000Z,2021-08-23T23:59:59.999Z
2021-08-25,118,0,0.0371466666666666,0.8657733333333333,0.09704,95.93333333333334,18.453333333333333,1.13701103,1.17753044,1.1094305,1.17252883,4735020572.15,54538542684.19,2021-08-25T00:00:00.000Z,2021-08-25T06:01:16.000Z,2021-08-25T09:43:26.000Z,2021-08-25T23:59:59.999Z
2021-08-27,119,1,0.0291666666666666,0.8266944444444444,0.1441666666666666,81.31944444444444,6.763888888888889,1.07329785,1.1884733,1.05264177,1.1884733,5062671613.16,55280177530.94,2021-08-27T00:00:00.000Z,2021-08-27T23:59:13.000Z,2021-08-27T00:21:10.000Z,2021-08-27T23:59:59.999Z
2021-08-29,120,0,0.0405066666666666,0.8562266666666667,0.1032933333333333,66.10666666666667,18.44,1.14592418,1.16768253,1.11666162,1.14083203,3456541618.6,53064210217.42,2021-08-29T00:00:00.000Z,2021-08-29T02:01:13.000Z,2021-08-29T04:06:09.000Z,2021-08-29T23:59:59.999Z
2021-08-31,121,0,0.0467901234567901,0.8524938271604939,0.1007407407407407,50.19753086419753,6.716049382716049,1.1013357,1.24010363,1.09225007,1.18759253,5897781232.79,55273333180.72,2021-08-31T00:00:00.000Z,2021-08-31T16:18:05.000Z,2021-08-31T00:32:29.000Z,2021-08-31T23:59:59.999Z
2021-09-02,122,0,0.0310975609756097,0.879109756097561,0.089780487804878,82.84146341463415,12.658536585365852,1.23754203,1.29429624,1.22290461,1.25632386,5456908791.87,58472249962.86,2021-09-02T00:00:00.000Z,2021-09-02T12:20:03.000Z,2021-09-02T00:50:43.000Z,2021-09-02T23:59:59.999Z
2021-09-04,123,0,0.0530121951219512,0.8602317073170732,0.0867439024390244,91.13414634146342,10.841463414634148,1.29070149,1.29591721,1.24095727,1.255779,4284360887.71,58446890874.13,2021-09-04T00:00:00.000Z,2021-09-04T00:24:03.000Z,2021-09-04T17:27:03.000Z,2021-09-04T23:59:59.999Z
2021-09-06,124,0,0.0372077922077922,0.8678831168831168,0.0949740259740259,75.14285714285714,10.402597402597404,1.30731654,1.4137667,1.30731654,1.38941299,7403887685.13,64666529504.63,2021-09-06T00:00:00.000Z,2021-09-06T21:53:09.000Z,2021-09-06T00:00:03.000Z,2021-09-06T23:59:59.999Z
2021-09-08,125,0,0.0664074074074074,0.8458641975308642,0.087753086419753,68.24691358024691,10.197530864197532,1.12668542,1.14864165,1.02017462,1.10071997,7367876460.04,51277350704.47,2021-09-08T00:00:00.000Z,2021-09-08T02:30:03.000Z,2021-09-08T08:25:03.000Z,2021-09-08T23:59:59.999Z
2021-09-10,126,0,0.0510632911392405,0.8521392405063292,0.0967974683544303,91.56962025316456,12.632911392405065,1.08757358,1.24171894,1.03431682,1.05726704,7726257542.62,49253083572.93,2021-09-10T00:00:00.000Z,2021-09-10T01:46:03.000Z,2021-09-10T21:54:03.000Z,2021-09-10T23:59:59.999Z
2021-09-12,127,0,0.038525,0.8731500000000001,0.08835,91.7125,25.15,1.08027844,1.12724511,1.0598676,1.11963609,3403286575.57,52158563410.7,2021-09-12T00:00:00.000Z,2021-09-12T23:25:03.000Z,2021-09-12T01:25:03.000Z,2021-09-12T23:59:59.999Z
2021-09-14,128,0,0.0378875,0.8732625,0.088825,143.375,29.2375,1.06536971566885,1.09765283547902,1.058841546315,1.09657447177768,3378813326.75,51124757110.01,2021-09-14T00:00:00.000Z,2021-09-14T23:39:03.000Z,2021-09-14T00:04:03.000Z,2021-09-14T23:59:59.999Z
2021-09-16,129,0,0.0524642857142857,0.8455714285714286,0.1019404761904761,65.53571428571429,12.86904761904762,1.12124418102598,1.12920151470086,1.06809823182116,1.09149754219614,3168621353.7,50888059285.64,2021-09-16T00:00:00.000Z,2021-09-16T00:15:03.000Z,2021-09-16T20:54:03.000Z,2021-09-16T23:59:59.999Z
2021-09-18,130,1,0.0197916666666666,0.8619583333333334,0.1182638888888888,78.41666666666667,16.444444444444443,1.06591256742751,1.0946164791201,1.05738802219362,1.07566755023888,2308814475.73,50150029617.16,2021-09-18T00:00:00.000Z,2021-09-18T06:21:03.000Z,2021-09-18T00:41:03.000Z,2021-09-18T23:59:59.999Z
2021-09-20,131,0,0.0480987654320987,0.8575925925925927,0.0943086419753086,87.5925925925926,14.716049382716047,1.04898411765389,1.05040577065412,0.8878504519086,0.91715188861218,5775337510.83,42759674554.77,2021-09-20T00:00:00.000Z,2021-09-20T00:02:03.000Z,2021-09-20T12:40:03.000Z,2021-09-20T23:59:59.999Z
2021-09-22,132,0,0.0253373493975903,0.8791566265060241,0.0955180722891566,99.51807228915662,10.602409638554215,0.87382439117091,1.00935651323634,0.86962003848664,1.00407600756448,4813963291.54,46908062027.37,2021-09-22T00:00:00.000Z,2021-09-22T22:10:20.000Z,2021-09-22T00:47:08.000Z,2021-09-22T23:59:59.999Z
2021-09-24,133,0,0.0331038961038961,0.8846233766233766,0.0822337662337662,63.675324675324674,11.831168831168831,1.00245518215691,1.00319651157658,0.89239308750939,0.94592421790621,4425027059.07,44191347619.55,2021-09-24T00:00:00.000Z,2021-09-24T00:08:03.000Z,2021-09-24T11:19:03.000Z,2021-09-24T23:59:59.999Z
2021-09-26,134,0,0.0457840909090909,0.865784090909091,0.0884318181818181,75.23863636363636,10.875,0.94157138921997,0.95669208695029,0.89483353594531,0.94472127725877,3142032668.82,44135149070.76,2021-09-26T00:00:00.000Z,2021-09-26T22:11:03.000Z,2021-09-26T08:23:03.000Z,2021-09-26T23:59:59.999Z
2021-09-28,135,0,0.0537631578947368,0.8432368421052632,0.1030394736842105,74.34210526315789,12.355263157894736,0.92305890897963,0.9425933080235958,0.8924989473277539,0.8936890053846386,2818990506.0,41780353565.36,2021-09-28T00:00:00.000Z,2021-09-28T11:23:03.000Z,2021-09-28T23:58:03.000Z,2021-09-28T23:59:59.999Z
2021-09-30,136,0,0.0291285714285714,0.8871428571428571,0.0837285714285714,47.54285714285714,5.914285714285715,0.9275130048131084,0.9640814201320438,0.9229191706817989,0.9526360495574208,3051316850.03,44536153773.63,2021-09-30T00:00:00.000Z,2021-09-30T04:04:03.000Z,2021-09-30T00:07:03.000Z,2021-09-30T23:59:59.999Z
2021-10-02,137,0,0.0409367088607594,0.8547721518987342,0.1043164556962025,71.53164556962025,16.544303797468356,1.0420601324604173,1.0717598502941388,1.0095378851659396,1.0386753065146883,3884936924.25,48558526830.16,2021-10-02T00:00:00.000Z,2021-10-02T20:05:03.000Z,2021-10-02T08:36:03.000Z,2021-10-02T23:59:59.999Z
2021-10-04,138,1,0.0358157894736842,0.848907894736842,0.1152631578947368,124.25,44.8421052631579,1.055771395523486,1.0598595984904722,1.0107050312064545,1.0430042849274137,3164260800.04,48760908472.51,2021-10-04T00:00:00.000Z,2021-10-04T00:10:03.000Z,2021-10-04T15:03:03.000Z,2021-10-04T23:59:59.999Z
2021-10-06,139,0,0.0403448275862068,0.8740689655172413,0.0855747126436781,70.83908045977012,26.93103448275862,1.084932690994435,1.1059048523285175,1.0215984613429598,1.0776559470964786,3806090853.55,50440520123.31,2021-10-06T00:00:00.000Z,2021-10-06T15:08:03.000Z,2021-10-06T08:39:03.000Z,2021-10-06T23:59:59.999Z
2021-10-08,140,0,0.0384883720930232,0.8641046511627907,0.097406976744186,64.67441860465117,16.58139534883721,1.0677635195321715,1.0913702311514215,1.056926841911736,1.062891293334139,2577289115.24,49749449084.16,2021-10-08T00:00:00.000Z,2021-10-08T09:01:03.000Z,2021-10-08T21:10:03.000Z,2021-10-08T23:59:59.999Z
2021-10-10,141,0,0.0310609756097561,0.8796463414634146,0.0892682926829268,88.04878048780488,19.963414634146343,1.1602764614998538,1.2276626967059503,1.131306995629221,1.1384529522966635,5165905722.91,53286170975.52,2021-10-10T00:00:00.000Z,2021-10-10T06:58:03.000Z,2021-10-10T23:52:03.000Z,2021-10-10T23:59:59.999Z
2021-10-12,142,0,0.0371686746987951,0.8753614457831326,0.087433734939759,109.5421686746988,29.02409638554217,1.1383397082697662,1.1383397082697662,1.0676105234024138,1.101859192676922,3959747372.73,51573371752.85,2021-10-12T00:00:00.000Z,2021-10-12T00:00:03.000Z,2021-10-12T12:41:03.000Z,2021-10-12T23:59:59.999Z
2021-10-14,143,1,0.0272405063291139,0.8448987341772152,0.127873417721519,83.26582278481013,11.632911392405065,1.127490832968002,1.1564227876830004,1.1193041243613449,1.1323155978570465,3184675622.79,53080820684.69,2021-10-14T00:00:00.000Z,2021-10-14T14:29:03.000Z,2021-10-14T08:00:03.000Z,2021-10-14T23:59:59.999Z
2021-10-16,144,0,0.0440958904109589,0.8489452054794521,0.106958904109589,51.42465753424658,6.178082191780822,1.1414729274264173,1.185520009151314,1.1321191681339062,1.1350961604461802,3776545069.01,53211168217.19,2021-10-16T00:00:00.000Z,2021-10-16T12:20:03.000Z,2021-10-16T02:14:03.000Z,2021-10-16T23:59:59.999Z
2021-10-18,145,0,0.0361234567901234,0.8591728395061728,0.104716049382716,127.25925925925924,18.08641975308642,1.094834414058408,1.1062191042616265,1.0671028203933477,1.0838420818754702,3186066187.89,50808473633.53,2021-10-18T00:00:00.000Z,2021-10-18T00:41:03.000Z,2021-10-18T13:06:03.000Z,2021-10-18T23:59:59.999Z
2021-10-20,146,0,0.0397012987012987,0.8794675324675324,0.0808311688311688,63.06493506493506,10.0,1.091911995104185,1.1529840742573525,1.0885711456917049,1.1423281216521048,3394782025.04,53550188925.46,2021-10-20T00:00:00.000Z,2021-10-20T19:16:03.000Z,2021-10-20T00:43:03.000Z,2021-10-20T23:59:59.999Z
2021-10-22,147,0,0.0409367088607594,0.8783924050632912,0.080632911392405,77.65822784810126,12.531645569620252,1.0899009803870958,1.1258789968596272,1.0791151167835666,1.0883741190147442,3296407031.51,51095191252.34,2021-10-22T00:00:00.000Z,2021-10-22T15:02:03.000Z,2021-10-22T14:26:03.000Z,2021-10-22T23:59:59.999Z
2021-10-24,148,0,0.0402650602409638,0.8610843373493976,0.0986506024096385,73.10843373493977,11.096385542168674,1.0948760147126615,1.0965532264189488,1.0580435660928529,1.0842826968060455,2240272601.54,50903113917.36,2021-10-24T00:00:00.000Z,2021-10-24T00:18:03.000Z,2021-10-24T18:44:03.000Z,2021-10-24T23:59:59.999Z
2021-10-26,149,0,0.0575657894736842,0.8585921052631579,0.083828947368421,79.42105263157895,9.789473684210526,1.0951105904694574,1.1583430485887265,1.093227930365463,1.1080933392936474,3933349796.39,52097271165.58,2021-10-26T00:00:00.000Z,2021-10-26T21:00:03.000Z,2021-10-26T00:11:03.000Z,2021-10-26T23:59:59.999Z
2021-10-28,150,1,0.0402207792207792,0.8367662337662337,0.123038961038961,87.74025974025975,21.11688311688312,0.9952387286907394,1.0819390053162343,0.984114480996732,1.0588204558022545,5528214768.08,49780694861.64,2021-10-28T00:00:00.000Z,2021-10-28T09:03:03.000Z,2021-10-28T00:59:03.000Z,2021-10-28T23:59:59.999Z
2021-10-30,151,0,0.0478472222222222,0.8414444444444444,0.1106944444444444,69.15277777777777,10.125,1.0813781963739937,1.1142850066082215,1.064389542202682,1.083949185300819,3261273037.79,50962128039.07,2021-10-30T00:00:00.000Z,2021-10-30T06:00:03.000Z,2021-10-30T22:37:03.000Z,2021-10-30T23:59:59.999Z
2021-11-01,152,1,0.0325135135135135,0.8590135135135135,0.1085,88.02702702702703,24.62162162162162,1.113152790978179,1.1312152925086856,1.0726574305239265,1.0928674247945191,3655823942.64,51381421184.11,2021-11-01T00:00:00.000Z,2021-11-01T00:53:03.000Z,2021-11-01T04:03:03.000Z,2021-11-01T23:59:59.999Z
2021-11-03,153,1,0.0311772151898734,0.8427215189873418,0.1261139240506329,119.54430379746836,30.848101265822784,1.1359381555153378,1.2330253645849651,1.126961465994177,1.208795870180902,6526803610.47,56912140279.91,2021-11-03T00:00:00.000Z,2021-11-03T05:07:03.000Z,2021-11-03T00:24:03.000Z,2021-11-03T23:59:59.999Z
2021-11-05,154,0,0.0348701298701298,0.8662467532467532,0.0989090909090909,123.33766233766234,33.467532467532465,1.2019171406542906,1.2024041348272907,1.1413748112334126,1.1615327048088728,3572443865.62,54686911054.63,2021-11-05T00:00:00.000Z,2021-11-05T00:01:03.000Z,2021-11-05T15:10:03.000Z,2021-11-05T23:59:59.999Z
2021-11-07,155,0,0.0449302325581395,0.8457906976744186,0.1093255813953488,66.01162790697674,14.686046511627907,1.1532003416674503,1.2375817819096022,1.1481024070717565,1.2175338844113168,3384556620.17,57323540669.27,2021-11-07T00:00:00.000Z,2021-11-07T19:33:03.000Z,2021-11-07T00:34:03.000Z,2021-11-07T23:59:59.999Z
2021-11-09,156,0,0.0293291139240506,0.8803164556962025,0.0903417721518987,93.29113924050633,19.696202531645568,1.2825324367507005,1.2875780616090626,1.232059830546819,1.2589302742109294,5211033825.09,59272552244.73,2021-11-09T00:00:00.000Z,2021-11-09T00:03:03.000Z,2021-11-09T12:15:03.000Z,2021-11-09T23:59:59.999Z
2021-11-11,157,0,0.030578947368421,0.8826447368421053,0.0868157894736842,89.02631578947368,16.460526315789473,1.192798567468392,1.2532926315618031,1.178312836594302,1.218363546230545,4904300952.87,57456775920.13,2021-11-11T00:00:00.000Z,2021-11-11T07:27:03.000Z,2021-11-11T02:42:03.000Z,2021-11-11T23:59:59.999Z
2021-11-13,158,0,0.0323561643835616,0.8796575342465753,0.087986301369863,86.95890410958904,27.383561643835616,1.1894685753631389,1.2041241636813045,1.168765258261686,1.1919376939514734,2889142419.42,56210559815.27,2021-11-13T00:00:00.000Z,2021-11-13T16:44:03.000Z,2021-11-13T13:54:03.000Z,2021-11-13T23:59:59.999Z
2021-11-15,159,0,0.0345662650602409,0.8865542168674699,0.0788915662650602,109.04819277108432,26.55421686746988,1.1888237873665466,1.2198826163019183,1.1703198187203845,1.171370723826474,2850390389.06,55240642586.96,2021-11-15T00:00:00.000Z,2021-11-15T07:02:03.000Z,2021-11-15T21:04:03.000Z,2021-11-15T23:59:59.999Z
2021-11-17,160,0,0.0448461538461538,0.8647179487179488,0.0904230769230769,48.85897435897436,18.307692307692307,1.090104275690977,1.1132862650047826,1.0699483670447645,1.0962907156767228,3701959224.93,51699946365.63,2021-11-17T00:00:00.000Z,2021-11-17T13:03:03.000Z,2021-11-17T09:43:03.000Z,2021-11-17T23:59:59.999Z
2021-11-19,161,0,0.0390487804878048,0.8638780487804877,0.0970365853658536,71.8170731707317,20.48780487804878,1.040922510574563,1.0991929944535703,1.0205850854713383,1.0914922308644175,3716379231.11,51473654740.71,2021-11-19T00:00:00.000Z,2021-11-19T17:26:03.000Z,2021-11-19T03:45:03.000Z,2021-11-19T23:59:59.999Z
2021-11-21,162,1,0.0302162162162162,0.8403783783783784,0.1294054054054054,70.85135135135135,20.7972972972973,1.0967475411737972,1.0980785006164766,1.0591535960175522,1.0601730569955143,2213864918.06,49996674605.72,2021-11-21T00:00:00.000Z,2021-11-21T00:01:03.000Z,2021-11-21T23:56:03.000Z,2021-11-21T23:59:59.999Z
2021-11-23,163,1,0.02625,0.8582000000000001,0.11555,91.5375,15.45,1.0370944193762637,1.0717510259148466,1.023346412026222,1.0670567357905911,3098367613.04,50321301841.37,2021-11-23T00:00:00.000Z,2021-11-23T23:04:03.000Z,2021-11-23T09:37:03.000Z,2021-11-23T23:59:59.999Z
2021-11-25,164,1,0.0300632911392405,0.8473544303797469,0.1225696202531645,47.063291139240505,9.354430379746836,1.0341068041153387,1.0646774994865975,1.0241566967454871,1.0318878289253934,3107133470.81,48662772244.55,2021-11-25T00:00:00.000Z,2021-11-25T18:43:03.000Z,2021-11-25T09:19:03.000Z,2021-11-25T23:59:59.999Z
2021-11-27,165,0,0.0263194444444444,0.8824583333333333,0.0911944444444444,77.15277777777777,30.819444444444443,0.9400134371922118,0.9672768807674248,0.9365614576594072,0.9471583622366552,2410404613.99,44667017449.99,2021-11-27T00:00:00.000Z,2021-11-27T08:37:03.000Z,2021-11-27T21:22:06.000Z,2021-11-27T23:59:59.999Z
2021-11-29,166,0,0.021527027027027,0.8668243243243243,0.1116756756756756,67.77027027027027,13.85135135135135,0.9698217976727854,1.002905469206275,0.9663278744914836,0.9919607407690262,2917313727.24,46779851695.56,2021-11-29T00:00:00.000Z,2021-11-29T21:32:04.000Z,2021-11-29T09:45:03.000Z,2021-11-29T23:59:59.999Z
2021-12-01,167,1,0.0292602739726027,0.874972602739726,0.0957534246575342,96.013698630137,21.315068493150687,0.9981898138256348,1.0182686175365088,0.9820228037763492,0.9909296247448915,2570587577.4,46787835444.72,2021-12-01T00:00:00.000Z,2021-12-01T16:20:08.000Z,2021-12-01T21:31:25.000Z,2021-12-01T23:59:59.999Z
2021-12-03,168,0,0.0510138888888888,0.8427083333333333,0.1062916666666666,43.583333333333336,13.97222222222222,0.9734532569253868,0.9853202816088168,0.9059680038008984,0.9222437869873696,2714612021.98,43573524974.92,2021-12-03T00:00:00.000Z,2021-12-03T13:36:03.000Z,2021-12-03T20:20:03.000Z,2021-12-03T23:59:59.999Z
2021-12-05,169,0,0.0413424657534246,0.8591780821917808,0.0994657534246575,42.32876712328767,8.616438356164384,0.8467088122996064,0.8637749518035726,0.7803999395534011,0.8055949215549653,3553480780.08,38062181528.72,2021-12-05T00:00:00.000Z,2021-12-05T00:19:03.000Z,2021-12-05T15:36:03.000Z,2021-12-05T23:59:59.999Z
2021-12-07,170,0,0.033338028169014,0.882887323943662,0.0837887323943662,81.6056338028169,16.0,0.8290920785923829,0.8457670124810194,0.8071731818642568,0.8185884371081472,2720124734.87,38676090001.14,2021-12-07T00:00:00.000Z,2021-12-07T11:12:03.000Z,2021-12-07T22:55:03.000Z,2021-12-07T23:59:59.999Z
2021-12-09,171,0,0.0429873417721518,0.8717848101265823,0.0852278481012658,97.49367088607596,19.088607594936708,0.8621431095823548,0.9305411166682036,0.8351285901806423,0.8612721395724603,4555815212.81,40692779515.98,2021-12-09T00:00:00.000Z,2021-12-09T10:00:03.000Z,2021-12-09T09:39:03.000Z,2021-12-09T23:59:59.999Z
2021-12-11,172,0,0.0490365853658536,0.850219512195122,0.1007317073170731,81.70731707317073,11.609756097560975,0.8020615812642671,0.8443103520006551,0.7893854736474945,0.8393128698767091,2056974460.77,39655263405.8,2021-12-11T00:00:00.000Z,2021-12-11T16:27:03.000Z,2021-12-11T00:19:03.000Z,2021-12-11T23:59:59.999Z
2021-12-13,173,0,0.0469466666666666,0.8569866666666667,0.09608,80.88,19.706666666666667,0.8413526816241628,0.8459352101569204,0.7644913127576639,0.7828943855092314,2509034504.01,36989642588.05,2021-12-13T00:00:00.000Z,2021-12-13T00:16:03.000Z,2021-12-13T19:43:03.000Z,2021-12-13T23:59:59.999Z
2021-12-15,174,0,0.0404366197183098,0.8705774647887324,0.0889718309859154,102.22535211267606,24.12676056338028,0.8117229831812002,0.8400844440893267,0.7798139792999267,0.82743075304947,3088068967.79,39093865517.7,2021-12-15T00:00:00.000Z,2021-12-15T20:40:03.000Z,2021-12-15T15:59:03.000Z,2021-12-15T23:59:59.999Z
2021-12-17,175,0,0.0471081081081081,0.8594459459459459,0.0934324324324324,57.32432432432432,15.14864864864865,0.8059900805341766,0.828594227443332,0.7804215562340582,0.7992909491749818,2364224847.48,37764335881.16,2021-12-17T00:00:00.000Z,2021-12-17T05:29:03.000Z,2021-12-17T14:46:03.000Z,2021-12-17T23:59:59.999Z
2021-12-19,176,0,0.0333333333333333,0.8775061728395062,0.0891728395061728,88.58024691358025,13.62962962962963,0.8271785283457296,0.8483337481939046,0.8213096020371161,0.8350331837757853,1576121375.25,39453059810.79,2021-12-19T00:00:00.000Z,2021-12-19T23:10:03.000Z,2021-12-19T01:31:03.000Z,2021-12-19T23:59:59.999Z
2021-12-21,177,0,0.0561627906976744,0.8012558139534884,0.142546511627907,74.84883720930233,8.918604651162791,0.8794333955350743,0.9608588215924576,0.8543700777582817,0.9476464341646752,3748952692.05,44773731359.42,2021-12-21T00:00:00.000Z,2021-12-21T22:57:03.000Z,2021-12-21T01:24:03.000Z,2021-12-21T23:59:59.999Z
2021-12-23,178,1,0.0224722222222222,0.8494027777777778,0.1281388888888889,86.31944444444444,13.666666666666666,0.954824162344256,1.0165589642967523,0.940823387257064,0.9932854500242768,4257231145.21,47216781863.91,2021-12-23T00:00:00.000Z,2021-12-23T19:49:03.000Z,2021-12-23T00:33:03.000Z,2021-12-23T23:59:59.999Z
2021-12-25,179,0,0.031,0.8485068493150685,0.1204931506849315,29.80821917808219,7.780821917808219,0.9123938015946365,0.9339138258800924,0.9023149577101552,0.9248186820696246,1747049348.42,43962148014.83,2021-12-25T00:00:00.000Z,2021-12-25T12:34:03.000Z,2021-12-25T00:04:03.000Z,2021-12-25T23:59:59.999Z
2021-12-27,180,1,0.0277142857142857,0.8476103896103897,0.1246883116883116,110.92207792207792,22.623376623376625,0.9208038924155446,0.9558846183745232,0.9145084525778264,0.92618449717409,1788981448.58,44027073353.12,2021-12-27T00:00:00.000Z,2021-12-27T17:01:03.000Z,2021-12-27T09:43:03.000Z,2021-12-27T23:59:59.999Z
2021-12-29,181,0,0.0223055555555555,0.8905972222222223,0.0871388888888888,175.02777777777777,58.61111111111112,0.8530769342496966,0.8650494169519017,0.8137101102859975,0.8167142355821615,2050248751.32,38823298887.23,2021-12-29T00:00:00.000Z,2021-12-29T01:24:03.000Z,2021-12-29T23:46:03.000Z,2021-12-29T23:59:59.999Z
2021-12-30,182,0,0.0369393939393939,0.8639696969696969,0.0991212121212121,29.696969696969692,3.803030303030303,0.8179193235980395,0.8563138716526091,0.8045000709625929,0.8396488730617828,1880399926.4,39913518999.66,2021-12-30T00:00:00.000Z,2021-12-30T18:17:03.000Z,2021-12-30T00:19:14.000Z,2021-12-30T23:59:59.999Z
