Open,High,Low,Close,Volume,Market Cap
0.1626710,0.1668080,0.1456250,0.1456250,6000,865500
0.1457100,0.2362890,0.1445540,0.1748290,12900,729900
0.1749030,0.1780880,0.1236970,0.1280670,526,1000000
0.1281820,0.1569830,0.1269680,0.1546950,6900,587900
0.1529590,0.6717480,0.1342640,0.1429720,33200,1500000
0.1428490,0.3133120,0.1428110,0.1542170,14900,875200
0.1543630,0.1792550,0.1474830,0.1619150,10000,769800
0.1620510,0.2428730,0.1518540,0.1678800,24800,879300
0.1678910,0.1911180,0.1678890,0.1851150,12300,812700
0.1852110,0.1916360,0.1780000,0.1834090,10800,939300
0.1835400,0.2114740,0.1834110,0.2017730,26000,895200
0.2019000,0.2488940,0.1929040,0.2344760,39000,954800
0.2346030,0.6252860,0.2343300,0.3806660,70900,1100000
0.3769860,0.5100520,0.3746960,0.4245100,49000,1900000
0.4243690,0.6167390,0.4232580,0.5132460,104900,2100000
0.5139540,0.6188650,0.5118360,0.5684460,41500,2500000
0.5687830,0.5949510,0.4651950,0.4651950,22800,3300000
0.4656750,0.5318600,0.4450420,0.4470020,92400,2500000
0.4478590,0.5160730,0.4228680,0.4254000,65500,2500000
0.4257890,0.6205040,0.4257890,0.5737340,97400,2000000
0.5746140,0.6350860,0.5297440,0.5667290,40800,3100000
0.5674410,0.6529780,0.5465110,0.6342020,136200,2800000
0.6343460,0.7288070,0.6217200,0.7022020,73200,3200000
0.7015520,0.7246200,0.6933130,0.6967080,90300,3700000
0.6964830,0.7183060,0.6156410,0.7111950,100400,3500000
0.7119820,0.7447740,0.6656710,0.7303060,84900,3700000
0.7315120,0.7480310,0.7214610,0.7259430,84600,3900000
0.7260660,0.7626400,0.7259880,0.7384510,64200,3800000
0.7375020,0.7657160,0.7119110,0.7121350,73300,4000000
0.7141770,0.7706190,0.7126490,0.7234350,69600,3800000
0.7236680,0.7597550,0.7188550,0.7220820,17800,3900000
0.7226450,0.7444020,0.7184990,0.7440510,79100,3800000
0.7435690,0.7886810,0.7420460,0.7654880,46500,3900000
0.7651450,0.8003210,0.6634620,0.7510170,103000,4100000
0.7509030,0.8006260,0.6976840,0.7164130,104600,4200000
0.7200910,0.8337970,0.7101270,0.8007260,80800,3700000
0.7985450,0.8212330,0.7649790,0.7798780,96900,4300000
0.7801710,0.8148780,0.7696030,0.7993920,75600,4100000
0.7984170,0.8193240,0.7981430,0.8047160,71400,4300000
0.8052270,0.8315380,0.7978920,0.8039770,107800,4400000
0.8040260,0.8476510,0.8039130,0.8419620,94300,4200000
0.8434630,0.8675300,0.8331010,0.8498300,112200,4500000
0.8496220,0.8979570,0.8496220,0.8748860,133900,4600000
0.8765600,0.9014310,0.8481970,0.8610360,118800,4800000
0.8604460,0.8903360,0.8543220,0.8776900,99400,4600000
0.8779320,0.9483890,0.8773030,0.9296570,144500,4600000
0.9299280,0.9650310,0.9025990,0.9285560,112600,5100000
0.9283240,lut.29,0.8929190,0.9104820,80500,7000000
0.9107590,cze.90,0.9047850,sty.57,391500,8100000
sty.57,sty.96,sty.57,sty.65,231200,8700000
sty.65,02.kwi,sty.65,sty.88,329300,8600000
sty.88,2,sty.66,sty.73,209100,11100000
sty.74,sty.99,sty.72,sty.86,207200,9600000
sty.86,sty.97,sty.86,sty.89,197800,10500000
sty.89,sty.98,sty.86,sty.89,296500,10800000
sty.89,sty.94,sty.76,sty.84,231100,10800000
sty.83,sty.90,sty.73,sty.73,239200,10800000
sty.73,sty.77,sty.54,sty.60,233700,10200000
sty.61,sty.79,sty.59,sty.74,200800,8800000
sty.74,sty.80,sty.70,sty.79,261700,9700000
sty.79,sty.95,sty.77,sty.89,248800,10000000
sty.89,sty.94,sty.77,sty.83,162400,10900000
sty.83,02.sie,sty.78,02.lut,244700,10000000
02.lut,mar.91,02.sty,mar.32,348000,9800000
lut.70,kwi.42,lut.34,03.kwi,377700,15900000
03.maj,mar.15,lut.90,lut.97,165300,17700000
lut.99,mar.29,lut.93,mar.25,303300,16400000
mar.25,mar.40,mar.23,mar.34,340600,18400000
mar.34,mar.44,mar.25,mar.40,250300,18900000
mar.41,mar.43,mar.30,mar.35,313700,19800000
mar.35,mar.59,mar.34,mar.49,277600,19100000
mar.53,04.kwi,mar.49,04.sty,432900,19600000
04.lut,kwi.23,mar.88,mar.91,150000,24400000
mar.91,kwi.66,mar.91,kwi.42,414500,22200000
kwi.49,kwi.85,kwi.43,kwi.76,398900,26000000
kwi.77,kwi.81,kwi.66,kwi.79,355800,28100000
kwi.80,maj.22,kwi.80,maj.20,499300,27400000
maj.17,maj.51,05.lut,maj.45,614200,29900000
maj.43,maj.80,maj.36,maj.73,458300,31500000
maj.73,cze.20,maj.73,maj.92,470300,34000000
maj.91,cze.16,maj.48,06.gru,595200,34100000
cze.13,sie.50,cze.13,sie.41,771600,31800000
sie.39,pa�.57,sie.37,pa�.55,902700,45000000
pa�.62,17.63,pa�.62,lis.95,2000000,67500000
12.maj,gru.69,sie.27,wrz.69,201700,79500000
wrz.80,lis.45,09.sie,pa�.80,1100000,55900000
pa�.78,pa�.84,sie.50,wrz.70,737600,67400000
wrz.70,wrz.78,lip.59,sie.74,801400,60500000
sie.74,pa�.38,sie.74,wrz.74,1000000,51400000
wrz.89,pa�.66,wrz.89,pa�.18,495100,60200000
pa�.19,pa�.39,wrz.70,10.maj,388400,62400000
10.cze,10.sie,wrz.50,wrz.87,474600,61500000
wrz.87,pa�.16,wrz.78,10.lip,442500,59800000
10.lip,10.lip,wrz.64,wrz.74,294300,62500000
wrz.77,wrz.97,wrz.63,wrz.78,581300,59900000
wrz.77,wrz.99,wrz.14,wrz.25,615900,61800000
wrz.25,wrz.35,lip.92,08.sty,862300,61200000
08.sty,wrz.62,cze.86,sie.45,715600,47900000
sie.45,wrz.17,sie.45,wrz.14,433900,50000000
wrz.15,wrz.15,sie.91,sie.97,557800,56700000
sie.95,09.lut,sie.74,sie.88,391200,55200000
sie.89,wrz.22,sie.19,sie.19,483600,57600000
lip.96,9,lip.69,lip.88,578500,50600000
lip.89,8,lip.58,lip.61,716500,49700000
lip.55,lip.71,cze.65,7,556000,48100000
cze.99,lip.27,maj.78,maj.78,566300,48200000
maj.84,sie.42,maj.65,sie.22,875100,31100000
sie.22,sie.39,lip.48,lip.95,266700,52100000
lip.95,sie.30,lip.62,08.sty,808600,50100000
08.lut,sie.33,lip.61,lip.93,704500,51200000
lip.93,08.sty,lip.30,lip.69,499200,50700000
lip.71,08.mar,lip.17,lip.70,407000,48700000
lip.71,08.kwi,lip.29,lip.41,448400,50400000
lip.39,sie.45,07.mar,sie.45,480500,43600000
sie.49,sie.88,sie.15,sie.79,397700,52800000
sie.95,wrz.26,sie.51,09.pa�,496900,56100000
wrz.20,10.sie,sie.95,wrz.81,765100,56900000
wrz.80,pa�.35,wrz.61,10.lis,783400,61700000
10.kwi,pa�.87,10.lut,pa�.72,819700,62300000
pa�.73,lis.37,pa�.72,lis.22,670800,67200000
lis.23,gru.38,lis.23,gru.35,653400,68600000
gru.34,gru.93,gru.20,gru.52,545000,78700000
gru.60,13.32,lis.75,gru.28,834200,82000000
gru.26,13.34,gru.22,13.19,662400,75900000
13.20,14.35,13.gru,13.60,1000000,84400000
13.57,23.37,lis.98,15.67,6200000,89600000
15.56,17.57,14.lip,15.26,591400,102100000
15.31,16.36,13.47,14.63,552000,100300000
14.86,16.68,14.71,15.99,405600,92800000
15.96,17.51,15.54,17.20,825600,98500000
17.22,17.79,16.59,16.92,801800,112000000
17,18.97,17,18.90,1200000,103900000
18.93,22.95,18.93,22.18,2500000,113900000
22.19,24.19,21.99,24.19,1500000,136700000
24.mar,25.66,23.84,25.59,2700000,149800000
25.53,25.80,24.94,25.55,1700000,163900000
25.55,32.86,25.55,32.14,2200000,148700000
32.24,39.78,32.24,37.99,2400000,194700000
38,38.39,35.20,35.93,3100000,251900000
36.18,41.43,35.42,41.43,2200000,218000000
41.33,50.40,41.25,49.97,2800000,245500000
50.04,59.60,42.61,54.04,3800000,311500000
54.11,57.52,50.63,53,1800000,367500000
53.42,53.42,41.72,45.68,2300000,380200000
45.92,50.87,45.92,50.87,1600000,292700000
50.89,53.96,46.35,47.83,1800000,355000000
48.01,50.28,43.45,49.18,1700000,312700000
49.16,51.44,46.92,50.94,1400000,321600000
50.69,51.19,50.27,51.03,1400000,339300000
51.02,51.62,50.50,50.90,1100000,344000000
50.96,51.66,50.90,51.38,1800000,342200000
51.36,52.76,51.08,52.42,2000000,342700000
52.41,52.67,48.98,51.27,2000000,353800000
51.25,52.30,50.28,52.30,2300000,340800000
52.31,56.73,51.25,55.67,2400000,342700000
55.65,56.40,51.81,52.87,2300000,385600000
52.76,54.14,50.46,51.16,2500000,363800000
51.11,52.74,47.31,48.33,2200000,357300000
49.50,50.77,46.29,50.56,2400000,327200000
51.31,52.62,49.94,52.11,3000000,344300000
52.06,52.82,51.04,51.84,2900000,354400000
51.94,53.10,50.86,51.39,2100000,356200000
51.37,52.15,49.61,50.04,2700000,355000000
50.04,52.40,49.62,52.04,1300000,334400000
51.81,54.06,51.35,53.36,3400000,348600000
53.24,55.52,53.22,55.48,2700000,356200000
55.52,57.30,53.62,57.08,3000000,371300000
57.11,63.80,56.92,59.06,3300000,391700000
59.13,59.79,56.58,56.58,4200000,415100000
56.60,60.25,56.60,60.18,2400000,376400000
60.22,60.45,58.61,58.96,2000000,417200000
58.67,59.60,53.45,53.97,2900000,421000000
53.64,56.96,53.28,55.07,2800000,366300000
54.99,58.86,53.61,58.26,2700000,367500000
57.99,58.89,57.02,57.64,3000000,402100000
57.60,58.57,53.94,55.53,3400000,404400000
55.45,55.55,44.57,44.57,2700000,430800000
44.22,50.56,29.87,48.05,2100000,234300000
47.74,55.83,47.74,55.49,3800000,262300000
55.72,59.98,53.81,58.29,3500000,321800000
58.38,60.22,55.72,56.61,3100000,352300000
56.44,72,56.44,69.79,4400000,305000000
70.31,70.55,65.47,67.21,4200000,431100000
67.23,70.84,65.63,67.31,3100000,412500000
67.36,67.85,58.75,60.14,2100000,434100000
61.33,68.22,58.44,67.02,4000000,356300000
67.01,67.01,60.14,63.65,3600000,418300000
63.57,64.46,60.63,62.68,3400000,399600000
63.01,66.09,62.21,65.09,3500000,389500000
65.28,69.94,64.79,69.28,4200000,398600000
69.08,69.23,64.04,64.96,2900000,447100000
65.08,65.16,61.26,61.52,2100000,421400000
61.29,66.64,57.91,66.14,1600000,368100000
65.98,66.14,41.09,52.44,261100,448000000
50.73,70.30,49.78,64.93,3300000,292100000
65.09,69.85,64.73,69.35,4400000,400900000
69.41,71.10,67.85,70.90,4800000,434500000
70.72,80.61,70.72,79.13,4200000,428300000
79.13,81.21,75.75,79.32,3400000,501200000
79.20,84.90,78.36,83.05,4500000,494900000
83.13,87.32,83.03,86.51,8100000,521400000
86.45,86.89,83.16,85.91,6600000,551000000
85.94,92.18,85.46,91.54,8200000,533600000
91.57,100.27,91.22,98.96,8500000,566400000
98.88,106.88,97.91,104.76,6400000,618300000
104.71,113.37,100.17,103.23,5100000,686800000
103.30,112.83,98.87,112.74,7800000,630200000
113.03,116.79,104.35,112.26,8400000,724100000
112.38,119.40,107.07,119.36,8100000,695700000
119.23,122.90,115.32,117.90,9400000,775900000
117.65,124.19,115.06,121.08,7900000,750500000
121.01,132.04,111.47,120.04,6800000,790200000
119.53,119.61,114.63,116.77,4700000,780100000
116.32,118.05,112.68,115.91,7700000,753200000
116.16,121.95,106.55,120.44,6300000,728000000
120.20,130.43,119.72,127.97,9700000,760300000
128.05,131.49,119.89,127.07,8600000,829900000
123.40,149.89,38.98,100.87,3400000,822900000
100.14,136.51,93.25,116.13,995100,626800000
116.11,129.98,101.65,114.99,4900000,762300000
114.84,120.45,86.11,118.75,6400000,695300000
119.01,129.24,114.84,128.24,9900000,745600000
128.05,137.29,127.68,136.06,9900000,815200000
135.60,136.88,132.24,135.63,6600000,885400000
135.66,140.97,133.47,140.97,7900000,870000000
141.11,142.80,128,131.33,5100000,958500000
131.71,135.06,125.87,130.99,5200000,866300000
128.26,129.55,110.68,114.13,30400000,893300000
114.74,131.57,108.93,129.42,8500000,708500000
130.25,142.16,128.85,136.18,8000000,852000000
135.88,138.67,132.52,137.61,7600000,892300000
137.68,139.78,123.23,128.29,7100000,942800000
128.51,131.51,125.21,130.05,6200000,846400000
129.70,129.70,118.94,122.92,4600000,880400000
121.88,128.20,120.76,125.70,7100000,802200000
125.29,130.91,122.22,123.50,6900000,849300000
123.14,123.70,112.60,115.97,6300000,842700000
115.97,117.38,96.71,96.71,6400000,855600000
97.42,113.75,89.36,111.22,8500000,603500000
111.11,116.01,105.02,109.85,5700000,749000000
109.75,110.94,102.82,106.84,5400000,742400000
106.62,122.24,106.49,122,8200000,671900000
122.20,123.11,114.60,117.67,9200000,834800000
117.55,121.49,114.45,117.25,8500000,795100000
116.67,117.45,107.42,108.74,6400000,814700000
108.61,113.21,107.07,109.69,6900000,733100000
109.38,113.91,108.24,113.17,5600000,726400000
113.12,113.27,108.57,110.11,5000000,773600000
109.68,119.57,109.51,117.50,10400000,721200000
117.50,120.41,116.41,117.76,10600000,798500000
117.41,127.13,117.36,126.31,10500000,773100000
126.30,131.58,125.18,131.26,12800000,844000000
131.15,132.31,123.58,130.11,10900000,890000000
130.13,136.54,128.68,136.16,7800000,868100000
136.23,139.33,134.03,139.33,5800000,918100000
139.18,140.60,134.72,139.08,11100000,948900000
139.07,139.74,134.20,136.58,8300000,961500000
136.92,138.58,134.12,135.09,7500000,949500000
135.21,140.32,132.93,138.96,8200000,917400000
138.96,143.83,138.68,141.86,10800000,951300000
141.85,144.33,139.15,144.15,6300000,972100000
142.71,148.93,142.33,148.31,7000000,976700000
148.29,161.37,146.63,158.66,12600000,1000000000
158.71,166.74,158.71,161.25,13000000,1100000000
161.35,168.28,158.95,166.59,13000000,1100000000
166.71,188.09,166.23,188.09,15600000,1100000000
188.67,204.19,187.51,196.71,18200000,1300000000
196.68,201.51,193.34,199.74,12400000,1400000000
200.83,201.44,186.43,193.04,9200000,1500000000
193.05,200.68,190.65,199.63,14100000,1400000000
199.63,200.24,191.38,193.95,14100000,1500000000
193.93,196.44,178.70,195.38,13200000,1400000000
195.58,202.03,194.07,199.79,14100000,1400000000
199.81,216.68,198.23,213.46,15700000,1400000000
213.01,218.42,204.57,210.40,10200000,1500000000
208.51,210.75,198.85,205.04,9900000,1500000000
204.73,208.27,193.84,198.57,13700000,1500000000
196.65,201.47,186.31,193.70,12300000,1400000000
193.74,206.68,188.80,206.32,17000000,1400000000
206.38,220.18,205.15,216.59,15900000,1500000000
216.65,220.70,210.38,212.55,14000000,1600000000
213.13,217.36,209.66,211.84,10600000,1600000000
211.72,233.22,211.18,227.10,11100000,1500000000
225.77,230.18,223.09,228.12,22600000,1600000000
227.38,239.52,226.79,239.52,18400000,1600000000
239.45,251.29,234.88,250.93,24000000,1700000000
251.29,273.73,251.29,263.27,23900000,1800000000
262.93,284.64,260.10,271.12,25800000,1900000000
270.45,284.62,259.08,278.66,66900000,566900000
278.10,285.64,273.37,276.28,14600000,599100000
276.58,279.72,259.64,259.85,19400000,612100000
260.04,273.18,260.04,271.27,22700000,545500000
270.42,298.81,268.81,285.47,22600000,568900000
285.18,285.42,270.67,273.57,22700000,621200000
274.44,286.70,248.33,253.59,20900000,614900000
252.63,262.24,237.99,241.58,16000000,555900000
241.44,241.44,201.66,218,13200000,534300000
218.02,259.44,216.57,251.90,19900000,437600000
252.45,259.37,248.25,255.38,22800000,536600000
255.66,280.36,255.66,273.13,26900000,532800000
274.63,308.34,261.24,303.01,31000000,555800000
302.48,308.66,291,297.02,23600000,652800000
295.91,299.17,284.36,294.92,17800000,629800000
294.46,295.88,281.27,292.65,16800000,626200000
292.51,302.04,256.51,296.52,28200000,605100000
296.57,301.53,274.78,294.10,24000000,629000000
294.75,301.20,291.73,299.33,19600000,624800000
299.29,301,289.76,289.76,17600000,651400000
289.11,300.32,283.55,297.26,17300000,608400000
296.49,307.98,277.08,304.70,19100000,617000000
304.60,310,273.25,299.79,20600000,645000000
299.69,307.43,273.60,300.48,28600000,629700000
301.27,301.27,284.98,286.04,25400000,660700000
285.09,325.31,253.61,269.33,31200000,641300000
273.52,297.65,255.41,285.46,19700000,569500000
283.65,322.74,272.85,322.74,23600000,841300000
322.45,327.56,310.75,319.24,16100000,1000000000
318.83,342.51,296.17,311.99,16500000,1000000000
292.85,332.09,292.85,330.67,19100000,880600000
331.34,338.96,324.20,331.74,21200000,1100000000
331.14,371.27,331.14,369.24,31100000,1000000000
368.22,447.18,361.20,447.18,37400000,1100000000
447.95,453.42,356.84,409.73,24900000,1500000000
409.58,415.65,338.10,373.26,24800000,1300000000
374.78,384.96,328.65,374.21,26000000,1200000000
371.31,396.37,369.68,379.63,39200000,1800000000
380.64,399.23,371.33,387.75,27200000,1800000000
388.20,394.73,355.94,366.30,28900000,1900000000
365.37,383.02,360.52,373.44,13700000,1700000000
373.81,403.65,373.79,396.08,32600000,1700000000
400.71,461.08,395.56,457.47,26400000,1800000000
457.70,509.99,425.81,427.71,21500000,2300000000
428.94,476.62,409.93,430.04,26800000,2100000000
430.55,456.14,374.84,387.42,23500000,2200000000
387.11,393.70,348.98,362.78,18800000,1900000000
363.26,381.93,330.41,340.55,19700000,1800000000
341.75,344.77,244.23,289.79,22800000,2100000000
292.51,314.15,286.95,288.51,15800000,1800000000
291.72,291.72,224.09,241.63,14600000,1900000000
244.16,244.16,216.11,220.01,18900000,1500000000
219.87,427.11,216.66,397.87,89600000,1000000000
397.43,476.40,342.22,421.60,65800000,2300000000
420.53,479.30,372.94,409.57,60300000,2600000000
413.53,470.86,407.80,463.31,41400000,2400000000
461.94,462.06,369.14,384.56,26600000,3100000000
380.71,431.38,377.46,418.96,21300000,2300000000
420.98,445.46,376.73,385.50,27400000,2800000000
385.47,429.82,366.95,428.60,25400000,2200000000
428.23,447.77,419.68,447.53,27100000,2600000000
450.46,451.06,409.01,428.53,24300000,2800000000
428.60,429.67,397.46,402.82,36400000,2700000000
402.66,451.29,394.01,449.47,24800000,2300000000
449.02,449.02,372.90,376.96,21800000,3000000000
375.03,382.83,335.59,361.85,19200000,2300000000
360.24,371.85,343.20,353.23,22200000,2300000000
353.65,353.65,311.02,327.27,26000000,2200000000
324.83,328.61,281.29,302.19,27300000,2100000000
300.10,328.78,289.78,322.98,23100000,1800000000
322.83,328.83,313.90,318.02,14200000,2000000000
318.31,321.25,281.03,293.36,4400000,2000000000
290.84,304.50,240.19,256.07,2300000,1900000000
255.91,331.06,19.28,19.28,5900000,13000000000
21.70,44.59,maj.69,22.48,24800000,143600000
23.84,82.43,22.79,37.68,57400000,207900000
35.68,41.94,24.56,29.lis,18700000,368800000
29.33,30.98,21.76,21.81,7100000,320200000
21.72,21.97,16.maj,17.86,5900000,216400000
18.sie,19.20,15.64,16.76,2800000,172400000
16.69,17.sie,15.sie,16.maj,1800000,154900000
15.94,15.94,gru.50,13.26,2400000,159100000
gru.80,15.97,wrz.46,gru.59,5400000,118700000
gru.57,gru.92,pa�.59,lis.18,1600000,122000000
lis.17,lis.29,pa�.48,pa�.53,994800,105900000
pa�.64,lis.24,sie.21,sie.32,2000000,112900000
sie.27,sie.35,07.sty,07.sty,1200000,83100000
7,07.maj,maj.75,06.sty,883700,69100000
maj.97,10.lis,maj.55,sie.73,3700000,47800000
sie.59,13.14,sie.51,sie.89,5700000,87000000
sie.91,sie.93,maj.55,cze.69,692300,92100000
cze.70,cze.91,6,cze.51,317400,61800000
cze.55,cze.63,maj.26,maj.54,309400,65200000
maj.49,maj.64,kwi.18,kwi.29,194600,57700000
kwi.31,maj.59,mar.72,maj.58,302700,34100000
maj.54,maj.54,lut.14,lut.46,792100,81300000
lut.42,lut.81,lut.26,lut.34,211100,23400000
lut.34,lut.35,02.wrz,lut.19,168600,22100000
lut.19,lut.64,lut.19,lut.39,152700,19900000
lut.35,lut.39,02.gru,lut.25,76200,21900000
lut.24,03.gru,lut.23,03.sty,198000,18200000
3,mar.19,lut.83,03.mar,111900,27500000
03.maj,maj.52,03.maj,mar.73,385200,29000000
mar.86,kwi.30,mar.70,04.kwi,157600,35000000
04.cze,kwi.19,mar.87,kwi.13,149600,36800000
04.sie,kwi.38,04.sty,kwi.31,185100,36700000
kwi.34,kwi.34,mar.66,mar.70,150800,43400000
mar.69,kwi.15,mar.62,mar.95,108300,33200000
mar.97,kwi.16,mar.44,mar.52,157900,39300000
mar.52,mar.76,03.sie,mar.27,86200,33900000
mar.31,mar.49,lut.92,03.maj,116600,32000000
03.wrz,mar.48,lut.97,mar.25,105500,28100000
mar.27,mar.38,lut.93,03.gru,104700,30800000
03.gru,mar.17,lut.87,lut.95,151600,29600000
lut.96,mar.26,lut.88,mar.22,181800,26200000
mar.13,mar.38,03.maj,mar.35,116900,27900000
mar.35,mar.43,03.mar,03.cze,123200,32600000
03.lip,mar.20,lut.95,mar.13,102800,28100000
03.lis,mar.24,lut.61,03.lut,164100,28500000
03.lut,mar.20,03.lut,03.cze,117300,28200000
03.cze,03.lis,lut.84,lut.92,55800,29000000
lut.91,lut.94,lut.36,lut.43,74100,29500000
lut.36,lut.64,lut.23,lut.55,73200,21000000
lut.47,lut.56,sty.92,02.sty,61500,25600000
02.sty,lut.17,sty.90,02.kwi,16100,18600000
02.mar,02.maj,sty.76,sty.90,15400,19200000
sty.90,02.wrz,sty.87,sty.92,18200,17900000
sty.91,lut.29,sty.79,lut.16,25200,16800000
lut.15,lut.53,02.maj,02.maj,20900,21400000
02.kwi,lut.46,02.mar,lut.16,22300,19100000
lut.23,lut.37,sty.91,02.lut,21700,22000000
02.lut,02.maj,sty.83,sty.95,17700,18900000
sty.94,02.gru,sty.79,sty.88,25200,18600000
sty.89,02.lut,sty.80,sty.84,22800,18000000
sty.83,02.sty,sty.51,sty.68,49800,17900000
sty.67,kwi.28,sty.66,sty.90,52700,19500000
sty.92,02.lut,0.9948860,sty.99,11600,15600000
sty.99,lut.15,sty.65,sty.75,8000,20000000
sty.75,lut.80,sty.61,sty.89,8000,17400000
sty.89,02.mar,sty.53,sty.57,17400,19700000
sty.59,sty.90,sty.14,sty.57,9000,14700000
sty.55,sty.64,0.9457080,sty.27,7100,15400000
sty.27,sty.83,0.9815810,sty.30,13200,12300000
sty.29,sty.51,01.pa�,sty.25,10800,12500000
sty.25,sty.31,01.maj,sty.18,8100,11900000
sty.18,sty.35,0.9352060,01.kwi,13700,12000000
01.mar,01.kwi,0.7995750,0.8883430,10200,10200000
0.8884950,01.mar,0.8331160,0.9353540,10100,8200000
0.9353260,1,0.6972540,0.8490710,9800,9000000
0.8532320,0.8799960,0.4869510,0.6607380,17700,8700000
0.6612480,0.8098290,0.5296440,0.6331950,28700,6400000
0.6328190,0.6328190,0.3420290,0.4430670,13500,6900000
0.4432030,0.6928370,0.3887330,0.6925070,13600,3300000
0.6890690,0.6963990,0.4939820,0.6900550,4400,6000000
0.6908550,0.8558750,0.5603590,0.6146400,12500,7200000
0.6151570,0.9818420,0.6090230,0.9804100,6900,4700000
0.9820000,sty.27,0.8595330,01.lis,6900,8800000
01.lis,sty.30,01.mar,sty.29,8800,9600000
sty.29,sty.31,sty.19,sty.28,10100,12000000
sty.28,sty.50,sty.18,sty.50,6800,11000000
sty.50,sty.66,sty.41,sty.60,13900,13600000
sty.60,sty.64,sty.22,sty.40,10600,15700000
sty.40,sty.56,sty.29,sty.54,2600,12400000
sty.54,sty.55,sty.38,sty.40,3500,15200000
sty.40,sty.48,sty.35,sty.35,6500,13600000
sty.35,sty.48,sty.35,sty.44,4500,12400000
sty.44,sty.49,sty.43,sty.45,5500,13500000
sty.45,sty.51,0.5709720,sty.50,12000,11400000
sty.50,sty.50,01.cze,sty.17,2100,15800000
sty.17,sty.32,0.9046710,sty.17,2900,10800000
sty.17,sty.34,sty.15,sty.20,4600,11100000
sty.21,sty.52,01.lis,sty.51,3700,10000000
sty.50,sty.69,01.lip,01.lip,5500,17600000
01.sie,sty.48,01.maj,sty.34,4200,9400000
sty.34,sty.49,sty.16,sty.16,1600,14100000
sty.15,sty.26,01.gru,01.gru,5500,11300000
01.gru,sty.32,01.pa�,sty.14,1000,10900000
sty.14,sty.17,0.9383280,0.9939910,4100,11600000
0.9939150,01.cze,0.8185830,01.mar,1600,8900000
01.mar,01.maj,0.8661950,01.maj,4600,9300000
01.maj,01.maj,0.7794450,0.7902460,3200,11500000
0.7904770,01.mar,0.7715950,0.9969590,2200,6800000
0.9967990,sty.26,0.7974680,sty.26,5000,8100000
sty.26,sty.29,0.9790000,sty.20,9200,11800000
sty.20,sty.30,01.sie,01.wrz,6000,12200000
01.wrz,sty.20,01.lut,01.kwi,2100,10800000
01.mar,sty.19,01.lut,sty.17,2700,9300000
sty.17,sty.23,01.kwi,01.wrz,795,11600000
01.wrz,01.lis,0.9728310,01.mar,899,10600000
01.mar,01.sie,0.9177170,0.9920370,1800,9900000
0.9925080,01.lip,0.9130050,01.cze,586,9000000
01.cze,01.lip,0.8889120,0.9535240,4700,10500000
0.9519220,01.wrz,0.8729150,01.maj,987,8600000
01.maj,01.maj,0.8563100,0.8845520,565,10800000
0.8850910,0.9749150,0.8553820,0.9073230,1100,8400000
0.9080100,1,0.8048270,0.9648960,2700,8200000
0.9647250,1,0.7751380,0.7782180,4400,10400000
0.7787270,0.9193710,0.7692190,0.7833240,329,7700000
0.7848750,0.8734680,0.7691910,0.8714740,1100,7100000
0.8713000,0.8717920,0.6390930,0.6427070,3600,9800000
0.6420390,0.6985530,0.6025760,0.6081270,2000,6400000
0.6065620,0.6588110,0.5875800,0.6266260,263,5700000
0.6275610,0.7067260,0.6168940,0.7067260,283,5700000
0.7058440,0.8200070,0.6959700,0.7347570,1400,6800000
0.7350110,0.7350110,0.6262890,0.7201670,1200,6900000
0.7203380,0.7523330,0.6096160,0.6211460,208,7500000
0.6209720,0.6907530,0.5493010,0.6890510,4100,5500000
0.6894930,0.7200640,0.5882640,0.6003350,570,7200000
0.6001810,0.7050170,0.5973760,0.6947030,493,5400000
0.6952140,0.6980470,0.6035990,0.6126930,1000,7100000
0.6124310,0.7497610,0.6090020,0.7471730,1600,5300000
0.7473750,0.7947140,0.6859110,0.7914450,1100,6800000
0.7934590,0.9399770,0.6948180,0.7307300,2400,8200000
0.7310790,0.8048990,0.6773210,0.7629350,2000,6900000
0.7627500,0.8357530,0.6965060,0.8300710,870,6900000
0.8308350,0.8407470,0.6161910,0.6787020,4000,8700000
0.6791290,0.6805850,0.5712800,0.5712800,1200,7200000
0.5709030,0.6240630,0.3546090,0.5905020,2200,5000000
0.5912330,0.6157570,0.5468090,0.5886140,407,5700000
0.5894550,0.5973770,0.4500050,0.5211930,650,5900000
0.5209150,0.5867370,0.4688320,0.4978020,518,5200000
0.4991080,0.5253660,0.4755840,0.5005900,824,4800000
0.5003640,0.5345260,0.4695580,0.5299830,867,4600000
0.5291440,0.5297730,0.3974120,0.5085660,2100,4900000
0.5067290,0.5123820,0.4551120,0.5016370,412,4800000
0.5028790,0.5118400,0.4593620,0.4935510,498,4800000
0.4916180,0.5169800,0.4011830,0.5120980,1700,4400000
0.5118450,0.5131800,0.4191760,0.4740450,237,5000000
0.4743410,0.5526650,0.4231770,0.5190800,1500,4300000
0.5192010,0.5503940,0.4605560,0.5361180,1500,4800000
0.5356110,0.5365200,0.3951170,0.4229980,437,5800000
0.4234240,0.4835070,0.3927540,0.4740930,1600,3800000
0.4304530,0.4368400,0.3818520,0.4107610,310,4200000
0.4100110,0.4275820,0.4072090,0.4195850,339,3900000
0.4195850,0.4578760,0.4094520,0.4098190,764,4200000
0.4096550,0.4458260,0.3934040,0.4452000,772,3800000
0.4453560,0.4466830,0.3966580,0.4210850,1300,4400000
0.4213280,0.4486650,0.3817990,0.4411040,1400,3900000
0.4417080,0.4603740,0.4173630,0.4567500,599,4200000
0.4568010,0.4593200,0.4190330,0.4506930,671,4400000
0.4507170,0.4722570,0.4256730,0.4571430,1400,4300000
0.4552280,0.5604150,0.4037740,0.5526990,1800,3900000
0.5524880,0.5533650,0.4058400,0.4526290,1200,5800000
0.4535920,0.5271940,0.4350590,0.4746610,5700,4400000
0.4745950,0.4745950,0.4101800,0.4528870,199,4600000
0.4521200,0.4835700,0.4222330,0.4819570,335,4200000
0.4814140,0.4820350,0.4759730,0.4768010,280,4700000
0.4766960,0.4789570,0.4354610,0.4620560,341,4600000
0.4617290,0.4626270,0.4092160,0.4391580,148,4500000
0.4391750,0.4494950,0.4034570,0.4494950,706,4100000
0.4494590,0.4494590,0.3288440,0.3989360,500,4400000
0.3993010,0.4203280,0.3422840,0.3449400,699,4200000
0.3439410,0.4109300,0.3439410,0.4108050,430,3100000
0.4107150,0.4286910,0.3924010,0.4113230,567,4000000
0.4118040,0.4917930,0.4107770,0.4838850,346,3700000
0.4853180,0.5603880,0.4658990,0.5562880,678,4400000
0.5558480,0.5730810,0.5558480,0.5656860,689,5400000
0.4925470,0.4933600,0.4830380,0.4836580,11,4800000
0.4835590,0.4854740,0.3984460,0.4295740,631,4900000
0.4302110,0.4773600,0.2857370,0.4203700,2000,4000000
0.4127020,0.4216510,0.3143590,0.3552340,340,4300000
0.3549140,0.4370060,0.3143970,0.3172970,627,3900000
0.3168960,0.4240170,0.3153710,0.3643180,104,3000000
0.3650740,0.4413810,0.3358710,0.3809630,1200,3600000
0.3824180,0.4133740,0.3824180,0.4086570,343,3600000
0.4089380,0.4108170,0.3691170,0.3833500,420,4100000
0.3826480,0.3826480,0.3544310,0.3605520,796,3800000
0.3606300,0.3682760,0.3090660,0.3133700,748,3800000
0.3391060,0.3767020,0.3028400,0.3441870,29,3300000
0.3241494,928.17,0.3127468,0.3553754,33,192100000
0.3551422,0.3567872,0.3098704,0.3100758,141,3400000
0.3098251,0.3191375,0.2951735,0.3019161,1200,3000000
0.3019516,0.4287067,0.2672141,0.3503797,2400,3100000
0.3506826,850.19,0.3504751,0.6569902,10700,75100000
0.6568844,842.00,0.5007633,0.5007633,6800,74800000
0.5008852,793.37,0.4986426,0.6270230,7000,731000000
0.6269936,0.6768115,0.5648805,0.6290160,5400,6000000
0.6285066,0.8046910,0.6285066,0.6543689,8300,6600000
0.6541689,0.8190947,0.6509626,0.8094223,4,7400000
0.8086374,0.8198316,0.8050389,0.8076645,4,7900000
0.8104778,0.8153140,0.7691801,0.7732508,3,7800000
0.7701290,0.7722676,0.7165331,0.7380489,3,7100000
0.7383050,0.7642131,0.6613973,0.6647370,2,7000000
0.6642564,0.7742463,0.6587175,0.7487830,3,6900000
0.7480062,0.8144150,0.7480062,0.8137040,4,7600000
0.8139407,0.8258917,0.7693664,0.7761640,3,7800000
0.7780146,0.7907992,0.7710445,0.7866950,3,7600000
0.7875862,0.8050629,0.7566770,0.7566770,3,7600000
0.7567150,0.7750785,0.7518081,0.7715081,3,7500000
0.7713226,0.7966627,0.7583786,0.7599859,9,7600000
0.7599859,0.7599859,0.7599859,0.7599859,26,7400000
0.7599859,0.7599859,0.6848864,0.6848864,14,6800000
0.6848864,0.6848864,0.6848864,0.6848864,10,6700000
0.6848864,0.7715904,0.6848864,0.7715361,8,7400000
0.7715361,0.7840673,0.7715361,0.7830364,11,7600000
0.7830364,0.7830364,0.7830364,0.7830364,16,7700000
0.7830364,0.7830364,0.7830364,0.7830364,17,7700000
0.7830364,0.7830364,0.7830364,0.7830364,12,7700000
0.7830364,0.7830364,0.7830364,0.7830364,30,7700000
0.7830364,0.7830364,0.7830364,0.7830364,21,7700000
0.7830364,0.7830364,0.7830364,0.7830364,53,7700000
0.7830364,0.7830364,0.7830364,0.7830364,11,7700000
0.7830364,0.7830364,0.7830364,0.7830364,32,7700000
0.7830364,0.7830364,0.7830364,0.7830364,12,7700000
0.7830364,sty.13,0.7830364,sty.13,29,10500000
sty.13,sty.13,sty.13,sty.13,34,11000000
sty.13,sty.13,sty.13,sty.13,48,11000000
sty.13,sty.25,sty.13,sty.25,27,11300000
sty.25,sty.25,sty.25,sty.25,27,12200000
sty.25,sty.25,sty.25,sty.25,23,12200000
sty.25,sty.25,sty.25,sty.25,52,12200000
sty.25,sty.25,sty.25,sty.25,52,12200000
sty.25,sty.25,sty.25,sty.25,31,12200000
sty.25,sty.25,sty.25,sty.25,10,12200000
sty.25,sty.25,sty.25,sty.25,59,12200000
sty.25,sty.25,sty.25,sty.25,27,12200000
sty.25,sty.25,sty.25,sty.25,53,12200000
sty.25,sty.25,sty.25,sty.25,28,12200000
sty.25,sty.25,sty.25,sty.25,29,12200000
sty.25,sty.25,sty.25,sty.25,26,12200000
sty.25,sty.25,sty.25,sty.25,33,12200000
