End,Open,High,Low,Close,Volume,Market Cap
2018-07-31,0.122928577,0.125144283,0.109012708,0.112009425,2972.9710146092457,956824.9183916278
2018-07-30,0.124063247,0.134125312,0.11828883,0.122872047,1600.8518334370422,1029528.4262151172
2018-07-29,0.122943616,0.137037964,0.122761982,0.123520458,2610.9060065263143,1023260.3709058592
2018-07-28,0.131508071,0.134775596,0.122263608,0.122730185,2134.947866845173,1042840.2941899694
2018-07-27,0.135503762,0.142512687,0.124659717,0.132777383,914.3833944667334,1111499.483914305
2018-07-26,0.138618994,0.145234429,0.127051913,0.135774087,4117.957473404848,1090714.5298254192
2018-07-25,0.130160798,0.141697746,0.126693649,0.138618841,2518.3301421571427,1092168.980722931
2018-07-24,0.124201979,0.135310364,0.124201979,0.130160798,645.0974255132173,1057554.0736475617
2018-07-23,0.126908393,0.131500028,0.122696221,0.124201979,450.3294116482672,1034942.0663868366
2018-07-22,0.124959349,0.126908393,0.124203299,0.126908393,3348.7769204801457,1014763.991160468
2018-07-21,0.134267843,0.141934525,0.124959338,0.124959355,2501.6463659424867,1073310.1957808086
2018-07-20,0.130869489,0.14686093,0.130600937,0.134267198,1017.0149286192628,1094092.5077969644
2018-07-19,0.136309321,0.140035951,0.130307651,0.136030715,4464.252326955314,1086716.1323423982
2018-07-18,0.116020526,0.136309321,0.11413436,0.136309321,3017.971626760541,986685.7646358414
2018-07-17,0.111536108,0.122672295,0.110239208,0.116075929,2431.333688145146,940454.8900929032
2018-07-16,0.123627014,0.123627014,0.108252906,0.111536108,2517.123702054154,893815.960234417
2018-07-15,0.109093212,0.123627146,0.108914401,0.123627146,1611.4029653429286,907344.055206074
2018-07-14,0.109204425,0.115275044,0.109093212,0.109093212,800.7354251705877,903522.9671832809
2018-07-13,0.111764845,0.114785978,0.108430153,0.109204425,3438.030792795061,899081.7447065322
2018-07-12,0.114084457,0.117897777,0.111640255,0.111757889,2260.221925210714,923925.0866876144
2018-07-11,0.123003605,0.123003605,0.111513755,0.114084414,4038.323160552939,938487.6212793944
2018-07-10,0.128326636,0.128328691,0.120951372,0.123003605,1448.845350099891,1008725.8884544424
2018-07-09,0.120780324,0.131661751,0.118085434,0.128325978,1984.2232082618211,1005559.1649945552
2018-07-08,0.122469961,0.128128223,0.118857058,0.120780324,1574.1346536492129,992546.133839639
2018-07-07,0.130511372,0.131239543,0.120187883,0.122469961,1269.6260284635205,1024234.7383854196
2018-07-06,0.135227421,0.135227421,0.126991678,0.130510773,2919.70457936173,1073076.719876649
2018-07-05,0.12623182,0.140197749,0.123286366,0.135227421,2575.64942014338,1052560.2666898314
2018-07-04,0.128996363,0.131349667,0.124240632,0.12623182,1972.4007019129465,1027932.6981459646
2018-07-03,0.123809547,0.128997184,0.113145197,0.128984416,2008.886011461926,976487.8872307813
2018-07-02,0.113976281,0.134285085,0.113974258,0.123809547,2458.6417841046573,1002158.0516565208
2018-07-01,0.101719154,0.130403001,0.100499627,0.130403001,2554.090242476006,934263.2859142048
2018-06-30,0.11522407,0.115270433,0.095695163,0.101718137,2788.594915609941,844791.7346212886
2018-06-29,0.122676231,0.126211358,0.107612124,0.115229492,2986.8088185313245,953367.442120855
2018-06-28,0.125237688,0.127789604,0.120635472,0.122676231,1487.5935145272165,992929.6835624586
2018-06-27,0.133495156,0.133943963,0.124947355,0.125242827,1773.208227749498,1044515.6156960512
2018-06-26,0.141276399,0.143887275,0.129068904,0.133495156,1510.7676837543013,1081786.9952893013
2018-06-25,0.142291427,0.14508598,0.122690113,0.141276399,1353.9003380451447,1087076.9514505551
2018-06-24,0.14378985,0.145010695,0.135810521,0.142291427,1656.1247428698846,1137861.882984265
2018-06-23,0.155127208,0.159280362,0.142207735,0.14378985,2476.158417757136,1200587.820094145
2018-06-22,0.154455374,0.167713426,0.153775314,0.155127565,1489.270917910444,1271146.6179070205
2018-06-21,0.154127307,0.157474992,0.151553642,0.154455374,643.2849665537096,1244268.9524516026
2018-06-20,0.154969782,0.157507622,0.153512526,0.154127307,1925.6136106570648,1251773.9334281124
2018-06-19,0.151592984,0.157498836,0.146612772,0.154969782,820.4071723440966,1210514.519744177
2018-06-18,0.156330657,0.156331313,0.15023761,0.151592734,1012.9095987612546,1229750.8619241817
2018-06-17,0.164751217,0.164751217,0.14427214,0.155458092,5895.947052006545,1256358.1306778584
2018-06-16,0.16786563,0.16981103,0.163111794,0.164666659,2901.381076349112,1335675.424784921
2018-06-15,0.158745417,0.167930483,0.155376947,0.167855744,11683.195310214556,1308977.9974294263
2018-06-14,0.183836857,0.19695998,0.143232877,0.158745417,5744.977291846417,1368431.178362035
2018-06-13,0.197689002,0.201004354,0.183833996,0.183836857,4180.261430817517,1539174.4693972724
2018-06-12,0.199330022,0.200675509,0.18793474,0.197878348,2255.7764031135102,1540111.102535342
2018-06-11,0.222271404,0.228637697,0.195316696,0.199330063,2023.6926932748377,1653109.299640025
2018-06-10,0.221842528,0.33686066,0.215916687,0.222273574,6305.99238311264,1796407.5734886725
2018-06-09,0.229124438,0.231064503,0.220948611,0.22184248,8397.767553565809,1818845.6903368
2018-06-08,0.22515879,0.233956019,0.222421041,0.229128167,5836.504007460183,1880400.277314483
2018-06-07,0.232415181,0.238307927,0.223472781,0.225156212,8860.389315093635,1863730.780209296
2018-06-06,0.238802363,0.239642125,0.224956908,0.232415181,3955.850374239905,1866094.144662765
2018-06-05,0.251654274,0.277749222,0.237495968,0.238804622,2734.139717226019,1973291.4178432715
2018-06-04,0.246701955,0.277749222,0.242123594,0.251528967,6818.804723552058,2010245.8612841447
2018-06-03,0.247504015,0.277749222,0.243213242,0.246767425,7020.442077081053,2008918.558708003
2018-06-02,0.238528629,0.277749222,0.233577762,0.247573449,5862.85489468062,1958749.2019830504
2018-06-01,0.230785122,0.277749222,0.229225259,0.238541242,2038.446405452759,1910569.7138219532
2018-05-31,0.239111816,0.277749222,0.228404134,0.230789074,11436.934997569422,1880768.034965449
2018-05-30,0.225772787,0.277749222,0.224498487,0.239046318,8967.553657246355,1889233.8162860807
2018-05-29,0.232377983,0.277749222,0.224583094,0.225910546,14134.938801558905,1852643.1625028916
2018-05-28,0.23333434,0.277749222,0.23034499,0.231934248,2246.49868046933,1880568.714043245
2018-05-27,0.24010844,0.277749222,0.23295337,0.233128888,5709.440344871263,1919561.434888556
2018-05-26,0.249095421,0.277749222,0.23493521,0.240249302,5313.413836079336,1957463.2084060016
2018-05-25,0.251410955,0.257295295,0.241059226,0.24889646,16094.430169432528,2001816.486460154
2018-05-24,0.279985158,0.280303282,0.245917484,0.251821874,14373.230958661765,2122823.2290416434
2018-05-23,0.283200602,0.286988281,0.269851289,0.280319254,8246.994292482457,2246228.8036233103
2018-05-22,0.302903259,0.303270064,0.279098511,0.283297139,26607.136533142195,2342775.509029163
2018-05-21,0.296945763,0.304802927,0.291491406,0.302850507,193088.9279018304,2430896.409568742
2018-05-20,0.289652622,0.470060035,0.276873345,0.296435005,93209.0293731875,2543585.5388934896
2018-05-19,0.279926542,0.289782876,0.269218974,0.289496964,5950.797995338335,2230060.493428804
2018-05-18,0.307772041,0.360802956,0.274735564,0.279993715,5925.617873107529,2456470.7319902745
2018-05-17,0.305956562,0.351482035,0.294085266,0.307793627,5541.912015190742,2458666.447517679
2018-05-16,0.332479363,0.3352284,0.304314117,0.306365677,8006.155594554584,2580411.963498338
2018-05-15,0.319842751,0.336561727,0.301552177,0.332796877,8263.329311132347,2541573.37065255
2018-05-14,0.299976113,0.346755046,0.299976113,0.320267808,9473.067776284468,2494027.779902217
2018-05-13,0.299981694,0.308508297,0.278171727,0.300165,20250.177987706367,2380063.089300168
2018-05-12,0.350814798,0.371669712,0.291291927,0.300063173,39978.263929683904,2591544.1287311167
2018-05-11,0.330472202,0.355835811,0.322934957,0.349213179,12858.614224321736,2708656.811466243
2018-05-10,0.341225164,0.343442398,0.321028435,0.330631774,10727.465959273455,2651755.5506956903
2018-05-09,0.34847366,0.358915331,0.329324777,0.34162821,7477.249549543369,2775794.610698401
2018-05-08,0.3603125,0.367415771,0.339805208,0.348034667,5467.189743945033,2755607.417766002
2018-05-07,0.360818721,0.382104236,0.345628958,0.360211425,8859.210549551568,2848851.908471237
2018-05-06,0.363723126,0.387868599,0.356852677,0.360701175,23658.328111024468,2924512.792180817
2018-05-05,0.378918125,0.383120913,0.349446913,0.363828632,18189.93886773098,2927481.9348359457
2018-05-04,0.368377531,0.385073961,0.355495191,0.379135995,30513.59795819109,2943959.977795746
2018-05-03,0.358717634,0.376427492,0.334022372,0.368184666,29730.465640580205,2827455.594699305
2018-05-02,0.364766166,0.364806754,0.341742463,0.359203045,53597.8716250562,2805443.593946237
2018-05-01,0.400048142,0.407441109,0.361288118,0.364755872,22273.90754043849,3054561.067261663
2018-04-30,0.397340556,0.414486815,0.38071325,0.400174877,29253.180161175573,3157656.5037341216
2018-04-29,0.361595312,0.41641929,0.360106859,0.397125323,29757.510923482456,3067244.1485449546
2018-04-28,0.386776296,0.388442695,0.362786516,0.362786516,27796.626036931782,2958212.663880504
2018-04-27,0.379112848,0.386656543,0.35192034,0.386656543,51894.18704254675,2887866.135125373
2018-04-26,0.438009204,0.451464519,0.359841265,0.377873351,240237.25027365537,3139247.7950359425
2018-04-25,0.365297446,0.540785822,0.364927425,0.439175484,152139.06330954938,3329001.936238731
2018-04-24,0.374737303,0.375640175,0.35663842,0.364989097,27273.961136566377,2879650.8198760147
2018-04-23,0.362768806,0.396037622,0.347408466,0.374915669,29341.77615989548,2938070.281635081
2018-04-22,0.392662186,0.395436567,0.355721937,0.362033957,20889.86091633148,2966349.5172587293
2018-04-21,0.382223428,0.396893732,0.372331428,0.391994649,22850.17359260258,2975543.790350425
2018-04-20,0.365636835,0.382383994,0.356942744,0.382106488,43257.008104960325,2900028.4364895066
2018-04-19,0.316903837,0.365827688,0.312308894,0.365527568,33367.113208797295,2632542.6035005404
2018-04-18,0.313930143,0.334616494,0.313119051,0.316422864,16207.059083471975,2537151.1755334027
2018-04-17,0.351284374,0.354814935,0.30466885,0.313825857,12267.269959074782,2532669.967406269
2018-04-16,0.315016217,0.350979731,0.315016217,0.350979731,15078.232291015158,2639964.5573798288
2018-04-15,0.305082293,0.334350218,0.304299096,0.314504665,26678.45799775203,2484657.7413017484
2018-04-14,0.303076904,0.34489511,0.290944306,0.30473665,23640.871147393496,2444812.824187104
2018-04-13,0.245105122,0.307107528,0.241831884,0.303115909,17849.05910429361,2056787.5662772767
2018-04-12,0.231727175,0.249831215,0.231727175,0.245235371,10342.465519760215,1859476.5467933405
2018-04-11,0.232070292,0.233548693,0.222844813,0.231691702,10635.861108638772,1787864.0401119986
2018-04-10,0.238642312,0.244161598,0.227692894,0.231436398,7185.622530517895,1839515.4194601204
2018-04-09,0.237238493,0.242872844,0.232005106,0.238390327,6103.476039452358,1866264.9693391423
2018-04-08,0.232707046,0.243708267,0.232581586,0.237079876,2346.2844210418184,1861492.2444464888
2018-04-07,0.235492817,0.238080803,0.22644672,0.232543817,8480.277559436829,1802331.0606936745
2018-04-06,0.234389263,0.245220397,0.227441956,0.235366577,12719.623328963278,1818643.4929043583
2018-04-05,0.234886752,0.248325061,0.217324921,0.234406368,10778.536303975769,1790657.6261294207
2018-04-04,0.221840174,0.24545826,0.213645201,0.234950775,9186.760065249258,1788941.9042942838
2018-04-03,0.207315068,0.222052971,0.206248623,0.221638053,8199.875465592617,1665209.592964706
2018-04-02,0.2136911,0.218570955,0.197369891,0.206978849,10448.47473248292,1639206.9343109955
2018-04-01,0.208809059,0.220541306,0.208809059,0.213661564,2813.557910447517,1659623.0469549962
2018-03-31,0.219041409,0.223927503,0.20547721,0.208947628,2822.491651748344,1647028.0967572064
2018-03-30,0.250292688,0.255215982,0.214498395,0.219568739,7494.675740877135,1822084.999850931
2018-03-29,0.254174802,0.256609778,0.24104845,0.250519344,26206.06193117901,1924468.8413999944
2018-03-28,0.285681415,0.289781,0.249566673,0.259813524,17669.944877226735,2074050.9981906065
2018-03-27,0.299115979,0.31001175,0.274500414,0.286226229,6476.571559186721,2267213.984070699
2018-03-26,0.304234523,0.315009595,0.298116798,0.299567087,4536.695942324093,2345233.06372722
2018-03-25,0.317938579,0.320734102,0.306210678,0.307934881,3328.18146369967,2454161.430935004
2018-03-24,0.312764,0.315685514,0.292951252,0.315685514,13942.18286762831,2355411.4332201267
2018-03-23,0.318841998,0.323793082,0.302516987,0.307586,6437.163120142474,2411158.6130073834
2018-03-22,0.319967607,0.334948456,0.310920068,0.319103544,9359.890678639213,2555237.542824872
2018-03-21,0.301283707,0.334720704,0.295817598,0.319446487,14000.414041031068,2951181.4123693
2018-03-20,0.270619604,0.303999367,0.267486008,0.300178386,8686.138318332738,2196893.654725695
2018-03-19,0.264242775,0.272427055,0.241752966,0.267607765,22319.92455995288,1992285.8098330216
2018-03-18,0.288251026,0.294168397,0.260317725,0.264168546,37981.56785528185,2123604.398304111
2018-03-17,0.326797508,0.32775328,0.287558297,0.28803169,34533.314202682384,2394205.520680678
2018-03-16,0.321537772,0.336176361,0.291998616,0.326380495,20994.734394352163,2446559.2506977785
2018-03-15,0.396701218,0.402890931,0.305001798,0.321782972,17152.59786890629,2812444.510676952
2018-03-14,0.400772918,0.53999994,0.392568609,0.396766423,10633.148812513457,3092292.363517184
2018-03-13,0.422655907,0.53999994,0.386210747,0.402300434,9584.72036181508,3219383.7286332306
2018-03-12,0.389619715,0.425767792,0.370618878,0.422318249,17890.17203395533,3044718.2350660497
2018-03-11,0.414486787,0.419339589,0.381051787,0.391283757,28069.86002289781,3092968.3377100285
2018-03-10,0.390371374,0.41270109,0.356567748,0.411984103,23811.364928790557,2888750.910396571
2018-03-09,0.421529323,0.52735,0.30000007,0.391243929,16758.454364199377,3153800.383339547
2018-03-08,0.451497163,0.473196103,0.415650623,0.420163869,16308.12317482544,3463619.0659174
2018-03-07,0.496359005,0.523334058,0.448854931,0.450490723,19202.569022855678,3690394.449631812
2018-03-06,0.532852927,0.543984337,0.498759414,0.499322566,16496.454554839187,4028599.5229820814
2018-03-05,0.554977964,0.573291115,0.515509886,0.533488352,21589.8221151272,4105592.064273808
2018-03-04,0.557899349,0.582243785,0.540885966,0.554849347,36071.02667544294,4346893.706107708
2018-03-03,0.512289331,0.581763439,0.30000001,0.557887397,38643.70125164172,4246646.818051132
2018-03-02,0.463857926,0.525160018,0.3,0.512715909,23497.814624097475,3763673.774897275
2018-03-01,0.497532803,0.516271386,0.463201174,0.463344121,42114.8921417752,3761162.3974633366
2018-02-28,0.522683113,0.539954358,0.478926406,0.497818134,181173.92301226145,3883336.727292607
2018-02-27,0.416440241,0.622397163,0.415680836,0.522009762,86003.61187449546,3634792.977019616
2018-02-26,0.417035838,0.439389706,0.36990947,0.416282541,20049.933233945103,2831439.701366698
2018-02-25,0.428561887,0.46647028,0.40123926,0.416983294,30282.382500170545,3280925.441247192
2018-02-24,0.402022527,0.472106207,0.389864362,0.429217649,23156.557669793277,3294988.934771988
2018-02-23,0.451703041,0.483581738,0.32,0.402603996,23142.70119428201,3309763.2141357004
2018-02-22,0.456273726,0.475715245,0.37018836,0.43860322,36454.97451234933,3345645.608802405
2018-02-21,0.473843233,0.83953759,0.456508702,0.456670382,39626.9870925409,4002155.088754296
2018-02-20,0.456577664,0.493666422,0.454513806,0.473595384,13857.612801907013,3599384.2718140027
2018-02-19,0.532164356,0.532164356,0.456820749,0.457555189,24835.913507734014,3730213.995653429
2018-02-18,0.483337151,0.542104821,0.480351952,0.531068833,28185.136761585494,4009446.289653988
2018-02-17,0.489363967,0.507006679,0.451,0.483754967,19690.75892325761,3744221.760584504
2018-02-16,0.480956919,0.509406883,0.471617297,0.490583787,17095.306540753867,3777178.652029608
2018-02-15,0.440884605,0.492416211,0.43189391,0.481356793,22228.632381867723,3547982.004375186
2018-02-14,0.47037492,0.479983993,0.433916653,0.441547204,27791.246488507997,3535269.609574968
2018-02-13,0.450874141,0.494871708,0.431089039,0.470609088,45932.32120666702,3561711.8240809077
2018-02-12,0.502066872,0.502066872,0.442941309,0.450275483,19289.888999446277,3552656.351152611
2018-02-11,0.498446935,0.516080092,0.470692414,0.502065732,36866.73097667872,3837508.03612192
2018-02-10,0.465789389,0.512703139,0.418859671,0.497688393,246268.51520706623,3651958.1121569662
2018-02-09,0.378262515,0.593717688,0.368434784,0.465218479,183224.90921262067,3439329.637067172
2018-02-08,0.378702653,0.420658529,0.34120902,0.377756509,71584.4738915878,3002289.9734232686
2018-02-07,0.303112384,0.402352868,0.261011313,0.381504606,67107.09183097542,2495381.618102378
2018-02-06,0.425768918,0.43081453,0.298580675,0.301690707,36889.525273107305,2844708.071818008
2018-02-05,0.528820214,0.544236245,0.414585733,0.427897786,30743.15138280589,3783994.147776501
2018-02-04,0.489343258,0.565085706,0.472578636,0.527199607,66386.20824035011,3993884.8534443807
2018-02-03,0.542891574,0.543454498,0.402871051,0.491065961,164744.19379730982,3648015.0090592136
2018-02-02,0.758301386,0.76213165,0.525076356,0.546048226,136996.08314587848,4975475.924331055
2018-02-01,0.736999474,0.775319644,0.71143006,0.755388794,202677.17711582125,5594099.773449662
2018-01-31,0.975469331,0.989595825,0.737699893,0.754496071,781522.3768208761,6438084.709256273
2018-01-30,0.920011386,1.10752808,0.883779004,0.976877904,422595.9627980393,7433266.254298379
2018-01-29,0.871451535,0.916542651,0.867036942,0.916542651,54395.76228911905,6840877.193145601
2018-01-28,0.83913841,0.894180244,0.815537967,0.867949741,52156.09043336353,6579522.798994596
2018-01-27,0.830056863,0.877306269,0.741355501,0.840139948,74692.38711075218,6367033.645996896
2018-01-26,0.920601881,0.948026413,0.82636482,0.830866047,116244.66014433112,6846445.418969511
2018-01-25,0.791037471,0.791037471,0.791037471,0.791037471,61073.867711128,6060231.2861802
2018-01-24,0.781308006,0.817805155,0.708395307,0.796585009,83239.82167653603,5885647.644910796
2018-01-23,0.801865713,0.939779401,0.715781462,0.778646161,128919.678087965,6208530.838638698
2018-01-22,0.988858651,1.002650042,0.778269878,0.792953263,81746.20753340673,6829957.912151247
2018-01-21,0.921638238,1.055237575,0.915680201,0.987204697,130169.83267776936,7857344.800923341
2018-01-20,0.892090165,0.998362424,0.826903671,0.902808437,184854.54272117183,6877516.656475031
2018-01-19,0.806357508,0.911826158,0.781268418,0.894828112,102866.98442814156,6490182.432357077
2018-01-18,0.801351354,0.836980696,0.63716902,0.80241567,143352.58982692126,5879287.214096304
2018-01-17,1.237618558,1.294374252,0.703606001,0.803548132,166718.06709813743,7417191.871224094
2018-01-16,1.260407981,1.34890718,1.210243729,1.210243729,208596.88869638008,9747176.689900495
2018-01-15,1.36910655,1.36910655,1.175209093,1.262916408,469275.5643200701,9585165.455888037
2018-01-14,1.257991451,1.555051147,1.239566457,1.37445085,410549.2110605299,10579129.90112856
2018-01-13,1.161658291,1.324371629,1.121808344,1.233210588,256403.90904729007,9490483.05559488
2018-01-12,1.479091872,1.482218177,1.141819454,1.15568584,473199.0447935874,9858725.93748078
2018-01-11,1.410424828,1.497133215,1.233838205,1.473649534,641261.0588030335,10430818.134784743
2018-01-10,1.506383198,1.587158681,1.341245829,1.399743503,963772.6167245152,11176800.302429892
2018-01-09,1.449010413,1.672064383,1.359572086,1.51894771,1019093.61861429,11743681.572285753
2018-01-08,1.570175167,1.570175167,1.427740432,1.496717457,1012901.9827526278,11207254.750461308
2018-01-07,1.59012535,1.686915405,1.470737141,1.571922061,1148284.7318518537,12282116.030454949
2018-01-06,1.567642661,1.749485939,1.353688386,1.611105078,1238173.4516243385,11629166.54487116
2018-01-05,1.667993427,1.842087824,1.402281246,1.56944753,2659620.9964282857,12008349.403850684
2018-01-04,1.45005062,1.902165809,1.361544364,1.662289029,2480510.398111876,12111317.02304692
2018-01-03,1.237547177,1.512065623,1.161154008,1.463546821,1094776.7482290107,10014591.683928031
2018-01-02,1.318340165,1.318340165,1.115815672,1.231424652,1474982.5631286523,9332438.501143498
2018-01-01,1.167941992,1.370805332,1.034315154,1.307149419,2422400.47382258,9226246.446890833
2017-12-31,1.501192023,1.551974696,0.98090269,1.181309603,4675472.314558979,9237720.741632588
2017-12-30,1.584439881,2.145231396,1.422547399,1.481635955,20690272.86263545,13412265.634557094
2017-12-29,0.762279235,2.568392621,0.711385286,1.542655283,4101781.577123746,8712853.917992039
2017-12-28,0.80754118,0.854355274,0.73904174,0.785242937,578348.2541648735,6027351.713343834
2017-12-27,0.716709304,0.834501142,0.663862926,0.811140255,948600.129575978,5959900.498362528
2017-12-26,0.601827796,0.771075441,0.552386556,0.732622462,414202.4029955881,5002711.308043953
2017-12-25,0.534965621,0.599552219,0.484216424,0.599552219,524655.3111059952,4324855.725966775
2017-12-24,0.46697029,0.647033833,0.462262203,0.532445237,439365.1420327853,4165706.813343536
2017-12-23,0.562172445,0.618229598,0.391331728,0.46405987,467493.02907024487,3897148.8070107577
2017-12-22,0.535278361,0.564495755,0.479690312,0.559525161,193602.3945399959,3982855.7480027145
2017-12-21,0.538087701,0.564655851,0.492061241,0.526856756,207517.84275797207,4058070.986722004
2017-12-20,0.548530235,0.610182895,0.519719915,0.537746741,512397.5547067588,4354989.61082625
2017-12-19,0.507418702,0.630388269,0.485672583,0.550917445,206893.8249345897,3986599.1215756647
2017-12-18,0.517678862,0.545253376,0.489249754,0.506501632,62730.70810478625,3906451.5499447095
2017-12-17,0.461787439,0.522693936,0.454287145,0.518966419,74785.3962667168,3650942.93220909
2017-12-16,0.467529671,0.476707729,0.436330014,0.4614315,140860.30233209964,3491142.560704893
2017-12-15,0.452829054,0.473943791,0.422982407,0.469380038,117987.40303479834,3389245.876263285
2017-12-14,0.436422762,0.475429332,0.408522791,0.452265722,501751.176666908,3446095.1795522813
2017-12-13,0.395447647,0.637300285,0.369250035,0.435877449,329659.33814085496,3299955.976789521
2017-12-12,0.377335792,0.434996692,0.377335792,0.394195104,57598.86679364663,3076127.1190216616
2017-12-11,0.440224284,0.441870436,0.351720977,0.389756153,98179.01273801892,2911945.941141474
2017-12-10,0.462480692,0.480536443,0.411570972,0.443005812,136064.4003654338,3366102.985818126
2017-12-09,0.524757223,0.546906925,0.39785783,0.469690339,312022.4876486691,3244324.1333493185
2017-12-08,0.433931155,0.573039778,0.420967391,0.531292451,225502.46300398407,3495614.118222394
2017-12-07,0.372953047,0.448363261,0.372953047,0.448363261,104746.1906282739,2965980.960713431
2017-12-06,0.377997791,0.390177482,0.360739365,0.371872379,500304.7798235968,2821338.8569717435
2017-12-05,0.334994892,0.475796451,0.330210424,0.372619451,408610.2377243149,2751222.1392284534
2017-12-04,0.322598986,0.353998021,0.320200025,0.334571588,27464.72963461735,2531390.862732028
2017-12-03,0.323571105,0.338591507,0.31948615,0.325713932,22052.87516027259,2484727.7129406123
2017-12-02,0.308314843,0.330601733,0.29267813,0.323883531,40563.68993950015,2318323.269196847
2017-12-01,0.295770362,0.328579393,0.2744917,0.310069067,65373.63676953191,2268782.74407696
2017-11-30,0.346674488,0.377105846,0.282644108,0.291094261,123698.38114502688,2538555.142263706
2017-11-29,0.302268214,0.354417138,0.297375663,0.346540311,60315.31505673225,2431607.8009188334
2017-11-28,0.2863481,0.308189718,0.2863481,0.301869405,36383.19562170485,2276137.626699
2017-11-27,0.291524808,0.293963109,0.275891528,0.285921797,58669.47087870606,2144933.8569489047
2017-11-26,0.263377624,0.290997754,0.259541762,0.290997754,318933.4216632526,2098577.2964283954
2017-11-25,0.253939511,0.330432457,0.243910597,0.263438634,211444.72977891215,1999560.6845785384
2017-11-24,0.252465433,0.26023456,0.247118849,0.251003129,30431.00140698109,1915913.8006427505
2017-11-23,0.246472438,0.263649017,0.243807156,0.252665661,13568.067178384395,1925817.73373544
2017-11-22,0.254116571,0.255360545,0.238218528,0.24624176,72868.94613454671,1881689.300873082
2017-11-21,0.251489085,0.269328942,0.242432511,0.25427876,55767.646022405774,1935768.884350743
2017-11-20,0.265065065,0.266598836,0.244369667,0.25169982,21610.44944152592,1959679.0960123576
2017-11-19,0.258288079,0.26885502,0.244316205,0.265256067,19243.26395447572,1949670.773263028
2017-11-18,0.276748583,0.283932934,0.256226266,0.259338964,40539.44459360803,2054418.2782182845
2017-11-17,0.261846903,0.28394872,0.252025728,0.276854737,19269.37557521797,1998855.9326819184
2017-11-16,0.240079889,0.261263,0.239601504,0.261263,24807.352197549943,1873648.880946863
2017-11-15,0.236405865,0.247782469,0.234218594,0.240074051,22056.948635664277,1802401.039158211
2017-11-14,0.210917677,0.246307684,0.20860839,0.232861648,16669.369283324657,1686611.6096848082
2017-11-13,0.225874938,0.227060391,0.190974969,0.215381539,34982.35314906832,1611879.3888729603
2017-11-12,0.240415577,0.251116858,0.215744185,0.225950821,39148.81333389477,1778645.4946599256
2017-11-11,0.261349349,0.271877855,0.215105247,0.241013375,64820.0607748698,1913196.036370372
2017-11-10,0.244199381,0.266877363,0.239489968,0.260408999,71105.76243544892,1933475.015082444
2017-11-09,0.23701054,0.252039324,0.23345857,0.251681739,52972.873808838194,1821646.8825271567
2017-11-08,0.245446829,0.260415983,0.226315621,0.237266796,180167.0628583587,1824892.3720627928
2017-11-07,0.231859365,0.318971803,0.227706777,0.245397883,138543.5080799641,1840228.3319002488
2017-11-06,0.231202513,0.246144092,0.226133346,0.231468888,35330.49308291492,1767929.579613458
2017-11-05,0.230665986,0.240398145,0.218994591,0.231068647,33643.44089816495,1713158.8996954886
2017-11-04,0.229361854,0.244765462,0.212972378,0.230570393,217112.87137710283,1715410.6060040374
2017-11-03,0.235956568,0.285066782,0.214594385,0.229295328,116017.03450512436,1734002.9350122623
2017-11-02,0.234711004,0.235850169,0.219080228,0.235850169,63034.90468294256,1737959.9593174034
2017-11-01,0.24110996,0.242582165,0.227146096,0.235086868,99219.43070547168,1767737.431995251
2017-10-31,0.244567792,0.286741909,0.227100433,0.242709279,496744.7700286488,1796176.0508233842
2017-10-30,0.203856939,0.346671892,0.200793562,0.248754433,522265.2512755781,1938278.3475039145
2017-10-29,0.202954353,0.219694295,0.197465471,0.203486005,14768.739272166458,1527368.0437952264
2017-10-28,0.206422317,0.216052958,0.191774506,0.202646911,24257.895025258567,1534474.9134467344
2017-10-27,0.207493774,0.22544071,0.202181383,0.206403523,40079.11523641546,1582350.2455513238
2017-10-26,0.211161873,0.23053449,0.198065859,0.207669908,67584.81039732996,1571799.2344363336
2017-10-25,0.197501412,0.225463836,0.184992032,0.211177284,22062.36955117062,1560636.6835718276
2017-10-24,0.213094601,0.213927177,0.194801153,0.198104724,8358.94392689465,1524118.4392130612
2017-10-23,0.216146893,0.222917683,0.200056512,0.21331152,13384.318827730493,1578484.696717714
2017-10-22,0.21584559,0.225184736,0.207860185,0.216148288,25520.44935808154,1635967.3028596514
2017-10-21,0.228571445,0.238339818,0.21420807,0.216196744,19838.49139911316,1707474.503923076
2017-10-20,0.224100856,0.229623079,0.220259949,0.228530402,87161.04045983923,1702498.5757306763
2017-10-19,0.232889822,0.237718364,0.210874801,0.224543885,45300.14365194425,1701259.77403508
2017-10-18,0.24455674,0.248398296,0.228815475,0.232874499,31590.441000033832,1802340.3889413176
2017-10-17,0.278432668,0.289397722,0.235075716,0.244157096,162604.68792109558,1918978.8221279865
2017-10-16,0.234756472,0.301170359,0.23000077,0.277837381,70370.74403225977,1878198.5980933844
2017-10-15,0.240682296,0.258986146,0.230772502,0.233928786,19639.08176267987,1768356.5113923869
2017-10-14,0.244148314,0.283965457,0.232846814,0.240852646,51364.18306518556,1820324.9705272203
2017-10-13,0.216857862,0.270273903,0.213209225,0.243579552,47506.5157346703,1820590.552302925
2017-10-12,0.19914299,0.222753565,0.198622175,0.216683798,28145.30245511095,1567877.2237169729
2017-10-11,0.196423263,0.225843296,0.188071515,0.198925241,54659.89047974471,1515647.875720821
2017-10-10,0.198112023,0.240418317,0.178242045,0.196293826,49016.34418978381,1510080.6491683032
2017-10-09,0.232873441,0.237800864,0.194050937,0.194070193,17017.78419483744,1710560.7413801395
2017-10-08,0.233055559,0.238057922,0.228516385,0.232946271,19014.311977200643,1739101.1152159
2017-10-07,0.244206687,0.251629269,0.232355766,0.233102639,30667.6370421296,1806876.0071133992
2017-10-06,0.230979771,0.257415566,0.228840658,0.244365655,62331.23968307265,1785257.9738784328
2017-10-05,0.23879706,0.246937902,0.228056046,0.233727784,21486.357337887937,1766510.5249351494
2017-10-04,0.253488149,0.260694449,0.23693171,0.238783976,51181.876282900106,1832980.745753439
2017-10-03,0.258496764,0.279513443,0.252421624,0.252545902,40278.42610221964,1990117.1643800205
2017-10-02,0.258605967,0.263618743,0.253841645,0.258491839,53941.77275432822,1926778.919105468
2017-10-01,0.248782196,0.280369153,0.246261661,0.258553799,60549.06869848052,1934677.1281224985
2017-09-30,0.259529,0.261293,0.245072,0.248690204,23193.11877740235,1871540.707708128
2017-09-29,0.263116,0.272105,0.253514,0.260345,25423.355400696862,1947062.8036854332
2017-09-28,0.253447,0.269892,0.249086,0.263564,22460.54861111111,1901774.397415809
2017-09-27,0.243959,0.259777,0.239706,0.252424,38440.34843205575,1851415.84697487
2017-09-26,0.235247,0.253613,0.232357,0.243958,63233.41958041958,1784232.0475602215
2017-09-25,0.23486,0.248353,0.223602,0.235802,88146.31358885017,1752826.0602766995
2017-09-24,0.210542,0.240888,0.207933,0.234865,172381.375,1656223.4013473128
2017-09-23,0.206704,0.27742,0.206282,0.210733,199437.93031358885,1599681.525229678
2017-09-22,0.236487,0.240647,0.205492,0.206441,54306.15734265735,1662158.514918371
2017-09-21,0.242805,0.257333,0.230985,0.23392,102937.4375,1785282.154488483
2017-09-20,0.264058,0.272498,0.237692,0.243006,52392.41463414634,1856325.410165156
2017-09-19,0.248477,0.284649,0.247982,0.263451,115633.78321678322,1964455.04399108
2017-09-18,0.256781,0.300941,0.226823,0.248636,294993.2048611111,1884596.8808828292
2017-09-17,0.229655,0.320011,0.196191,0.25442,145119.23693379792,1724067.0120534156
2017-09-16,0.223439,0.241304,0.183516,0.227541,142976.96875,1620090.7725279145
2017-09-15,0.270156,0.34937,0.222798,0.223792,688007.7073170731,1912799.112067319
2017-09-14,0.266735,0.381832,0.242467,0.270141,690921.4270833334,2083241.5088706573
2017-09-13,0.220526,0.281554,0.215984,0.262823,67766.65734265734,1812140.2646870168
2017-09-12,0.228022,0.232484,0.210579,0.220597,5681.682926829269,1631658.5444981928
2017-09-11,0.230153,0.236894,0.213164,0.227304,8520.493055555555,1631424.7342230438
2017-09-10,0.227987,0.238372,0.218717,0.229909,33666.802083333336,1647297.916044333
2017-09-09,0.25369,0.284502,0.217751,0.22758,78212.32986111111,1826914.2188978891
2017-09-08,0.231957,0.261003,0.221592,0.253758,27531.304659498208,1731430.859528654
2017-09-07,0.221665,0.24873,0.221665,0.231862,13186.263888888889,1713653.254951868
2017-09-06,0.231451,0.232652,0.203882,0.223351,17627.652777777777,1622113.9514349035
2017-09-05,0.265938,0.268381,0.220245,0.232278,15326.90243902439,1767051.1464122322
2017-09-04,0.280709,0.283717,0.252996,0.265767,37781.05555555556,1948669.585411943
2017-09-03,0.27789,0.289682,0.251981,0.270899,54324.9375,1952304.801082784
2017-09-02,0.266218,0.292694,0.252195,0.277611,56394.12847222222,1975804.4152726303
2017-09-01,0.247948,0.265687,0.247516,0.265218,40241.3476702509,1888107.290694742
2017-08-31,0.265933,0.269646,0.237365,0.247887,69887.34375,1857631.9084750712
2017-08-30,0.266766,0.281475,0.243338,0.266089,515157.4791666667,1966674.8597059504
2017-08-29,0.217917,0.332317,0.207518,0.264934,290576.26480836235,1748419.191003157
2017-08-28,0.230241,0.230866,0.216706,0.217698,19226.63888888889,1623034.8947856044
2017-08-27,0.222387,0.230724,0.219268,0.230302,78817.44444444444,1634706.8607030688
2017-08-26,0.219755,0.252031,0.207053,0.221961,65317.569444444445,1620286.2109833015
2017-08-25,0.212206,0.223312,0.200566,0.219997,157740.3275261324,1546044.7784193584
2017-08-24,0.212877,0.264111,0.199072,0.212758,81037.50694444444,1530745.2140419146
2017-08-23,0.221912,0.222426,0.181562,0.204298,123887.32986111112,1459145.635177659
2017-08-22,0.234182,0.256015,0.219855,0.221756,131667.1219512195,1673073.349003278
2017-08-21,0.249115,0.299347,0.224044,0.231813,81652.87152777778,1752693.446189669
2017-08-20,0.267219,0.328621,0.224115,0.245516,280956.85069444444,1889463.544053381
2017-08-19,0.246608,0.313014,0.22614,0.235277,273252.85069444444,1855938.6912401929
2017-08-18,0.365437,0.385811,0.237312,0.245344,1002568.212543554,2045342.95478589
2017-08-17,0.451663,0.476869,0.293006,0.365303,3633330.451388889,2645304.000573982
2017-08-16,0.150731,0.439328,0.150731,0.432086,1893149.65625,1752064.452522443
2017-08-15,0.142409,0.151986,0.136109,0.150012,19846.14285714286,1051035.187822231
2017-08-14,0.154327,0.1611,0.136403,0.142851,49789.9375,1074689.9224478698
2017-08-13,0.145774,0.179383,0.13638,0.154595,56079.458333333336,1059111.9254974509
2017-08-12,0.151354,0.153189,0.135627,0.142615,26135.194444444445,1047792.5911580864
2017-08-11,0.183789,0.186181,0.15142,0.15142,50690.00348432056,1197941.5793215386
2017-08-10,0.184801,0.194036,0.17307,0.184195,262854.40625,1293252.9119279548
2017-08-09,0.163327,0.240733,0.157299,0.187768,641295.2326388889,1449649.9085185886
2017-08-08,0.123907,0.265311,0.120155,0.163088,104809.03832752613,1019279.0427776604
2017-08-07,0.116739,0.125578,0.116133,0.123868,9790.142361111111,873863.8577863456
2017-08-06,0.106061,0.123589,0.105914,0.116648,11759.34375,821648.5201570961
2017-08-05,0.109097,0.110365,0.102032,0.106291,6521.783972125436,764653.057480591
2017-08-04,0.104042,0.109594,0.0999034,0.109082,14525.541666666666,744937.8939440527
2017-08-03,0.113004,0.113492,0.0986396,0.103891,6861.798611111111,770006.0223182035
2017-08-02,0.105548,0.115257,0.0951608,0.112952,5461.079861111111,764269.3124788611
2017-08-01,0.105272,0.111913,0.103371,0.105488,2891.2369337979094,761320.6020294767
2017-07-31,0.10422,0.112902,0.103168,0.105053,3730.3854166666665,782001.8796212057
2017-07-30,0.110244,0.112477,0.101939,0.104128,3849.305555555556,750136.3954016736
2017-07-29,0.111822,0.115612,0.106628,0.109784,26598.285714285717,791345.0119647937
2017-07-28,0.115754,0.128527,0.102931,0.111959,9655.482638888889,805318.0006280652
2017-07-27,0.107783,0.116538,0.102484,0.115644,5938.329861111111,772168.9052954512
2017-07-26,0.131373,0.132158,0.103646,0.107846,5203.166666666667,827876.8220020528
2017-07-25,0.130955,0.131864,0.127102,0.131182,4002.27972027972,928619.1996406056
2017-07-24,0.127713,0.139125,0.123816,0.130549,7884.4375,925100.3804605938
2017-07-23,0.117072,0.145943,0.113376,0.12788,5332.041666666667,875992.1551041083
2017-07-22,0.128819,0.133156,0.11527,0.116623,6477.268292682927,872235.4419438146
2017-07-21,0.105237,0.217243,0.103334,0.128192,7090.989583333333,819231.0088473605
2017-07-20,0.105772,0.119408,0.100838,0.104534,13710.555555555557,779457.9443474737
2017-07-19,0.103281,0.11553,0.0958991,0.106721,60353.21180555556,758222.8691053041
2017-07-18,0.0754643,0.130534,0.0753546,0.104053,33460.79442508711,649993.6189625664
2017-07-17,0.0991632,0.0995555,0.0722238,0.076407,13293.829861111111,599325.2307805824
2017-07-16,0.123199,0.128414,0.0996511,0.0996511,32966.42013888889,836574.6882900835
2017-07-15,0.0999944,0.135516,0.0999189,0.122591,13691.01393728223,790798.885458154
2017-07-14,0.119428,0.124079,0.0985074,0.10016,14706.75265017668,762386.564994931
2017-07-13,0.0964327,0.234767,0.0933673,0.116726,12440.41116751269,765870.7161587023
2017-07-12,0.113454,0.117316,0.0795121,0.0965761,17879.881944444445,674657.0749603617
2017-07-11,0.138357,0.150996,0.10991,0.113281,8675.811846689896,932397.001472162
2017-07-10,0.141646,0.155991,0.134562,0.138625,5104.534722222223,1016887.3579036
2017-07-09,0.143307,0.146891,0.136128,0.140432,11798.131944444443,1018628.805068561
2017-07-08,0.172149,0.188497,0.136094,0.143879,12730.454861111111,1156736.9412995407
2017-07-07,0.171496,0.174337,0.169919,0.172357,7604.905923344948,1226665.0997357126
2017-07-06,0.176634,0.176634,0.168665,0.171246,11636.774305555557,1221986.2766944878
2017-07-05,0.174867,0.181503,0.169636,0.176643,19012.125,1246548.7710606554
2017-07-04,0.158626,0.179679,0.151168,0.171173,13649.188153310104,1138893.8047005562
2017-07-03,0.151805,0.162488,0.148649,0.158953,13203.420138888889,1106504.4401865343
2017-07-02,0.166856,0.178369,0.150914,0.152197,16417.520833333332,1179143.1192982653
2017-07-01,0.167238,0.180891,0.163843,0.166615,13265.1875,1220533.9144749318
2017-06-30,0.173696,0.183557,0.165828,0.167333,171526.08013937282,1240530.9558825358
2017-06-29,0.190369,0.191595,0.149233,0.174289,105493.77927927928,1257328.237343529
2017-06-28,0.183744,0.200669,0.165568,0.189023,19129.234375,1274698.6835471443
2017-06-27,0.176236,0.189731,0.158404,0.170136,20698.326693227093,1223647.991442363
2017-06-26,0.212966,0.224801,0.175771,0.176615,40551.37630662021,1462939.3064530117
2017-06-25,0.183288,0.242737,0.180148,0.212741,48135.26041666666,1440438.9212856372
2017-06-24,0.148522,0.197574,0.147746,0.183135,18362.350694444445,1198300.3554572433
2017-06-23,0.172349,0.172501,0.145442,0.148522,18269.752613240416,1143858.095640082
2017-06-22,0.149686,0.172351,0.146943,0.172275,18906.274305555555,1133245.5907848729
2017-06-21,0.138731,0.149721,0.12798,0.149686,9702.670138888889,945016.782196074
2017-06-20,0.125947,0.142656,0.123532,0.138731,16540.625,928221.9264519964
2017-06-19,0.13926,0.139511,0.109279,0.125947,7245.473867595819,925173.1068227348
2017-06-18,0.14158,0.142878,0.131926,0.139259,4781.592334494773,991707.3946099743
2017-06-17,0.142003,0.145881,0.12855,0.14158,19390.194444444445,991941.4485966136
2017-06-16,0.149555,0.160458,0.123734,0.14139,37783.57491289199,977102.5077993298
2017-06-15,0.119354,0.161896,0.117935,0.147055,17984.399305555555,945559.9661903012
2017-06-14,0.126384,0.127281,0.113607,0.119361,8916.609756097561,859381.9554111552
2017-06-13,0.145852,0.145852,0.114186,0.1268,6780.104166666667,925248.3461559662
2017-06-12,0.150225,0.15025,0.130491,0.145889,5314.414634146341,997364.6103303218
2017-06-11,0.143812,0.152145,0.138717,0.14967,9710.565972222224,1030367.3447621376
2017-06-10,0.135153,0.152373,0.134359,0.143788,5709.395833333333,1007526.55097173
2017-06-09,0.133892,0.144407,0.131005,0.135105,17016.362369337978,971803.7623174452
2017-06-08,0.173184,0.173228,0.134497,0.135135,16105.010714285714,1060154.2921714557
2017-06-07,0.159967,0.183195,0.144585,0.17327,36584.770833333336,1166291.5158841766
2017-06-06,0.115785,0.168759,0.115114,0.159753,29615.496527777777,969455.9117400654
2017-06-05,0.106547,0.12927,0.100003,0.115735,22210.44947735192,785573.0936474159
2017-06-04,0.0812312,0.103601,0.0781289,0.101551,5946.020833333333,621646.3159730039
2017-06-03,0.0818063,0.0847607,0.0768204,0.0810709,3714.993055555556,576298.8333759189
2017-06-02,0.0719247,0.0841604,0.0701631,0.0814626,1535.5261324041812,539883.396091036
2017-06-01,0.067843,0.072959,0.0663618,0.0719317,3474.21875,512285.8475279877
2017-05-31,0.080933,0.0829636,0.0669461,0.0675132,2266.208333333333,550760.3712135055
2017-05-30,0.0793618,0.0823718,0.0751444,0.0804543,3448.4861111111118,558683.2485954285
2017-05-29,0.0745811,0.0858482,0.0745811,0.0794508,3581.243902439024,564575.9404346248
2017-05-28,0.0855856,0.0902051,0.0661346,0.0741741,6585.895833333333,551470.3803769718
2017-05-27,0.0880711,0.097445,0.0787589,0.0864033,8075.954861111111,636889.2949701438
2017-05-26,0.0879669,0.104276,0.0742804,0.0894602,10452.20640569395,624360.2699159415
2017-05-25,0.0808584,0.091223,0.0808584,0.087777,6008.25,619994.5171450191
2017-05-24,0.079189,0.0846049,0.0756314,0.0806738,3469.4479166666665,565416.5368049671
2017-05-23,0.0815702,0.0864192,0.0715865,0.0787042,6089.451388888889,562039.4665733222
2017-05-22,0.0807848,0.0863983,0.0730704,0.0817239,8182.707317073171,571579.1820569327
2017-05-21,0.071103,0.0966412,0.0675404,0.0807315,12795.0,528147.2765334179
2017-05-20,0.0518532,0.0711812,0.0509939,0.0710976,7257.010416666667,418319.5246653129
2017-05-19,0.0514636,0.052969,0.0489397,0.0518302,2270.968641114983,360910.17016101006
2017-05-18,0.0490084,0.0518496,0.0461532,0.0515411,1953.3402777777776,342706.6533092917
2017-05-17,0.0479326,0.0497974,0.0452723,0.0489267,2460.0138888888887,329188.98664345674
2017-05-16,0.0494095,0.0502935,0.045249,0.0478942,3207.305555555556,333798.6370110186
2017-05-15,0.0476426,0.0493687,0.0468263,0.0493687,830.0209059233449,335448.51937321265
2017-05-14,0.0466669,0.048611,0.0442565,0.0476079,2812.3298611111118,325382.0445783631
2017-05-13,0.0493523,0.0534312,0.0440521,0.0466731,2964.1388888888887,337544.2024898654
2017-05-12,0.0505181,0.0526125,0.0471894,0.0495052,2894.724738675958,324841.8692147557
2017-05-11,0.0473869,0.0509382,0.0463278,0.0505199,2240.083333333333,336266.37058739405
2017-05-10,0.0498219,0.0512801,0.0462209,0.048158,3679.6770833333335,339312.6309542292
2017-05-09,0.0448002,0.0498127,0.0440817,0.0498127,5503.892361111111,314200.2063365541
2017-05-08,0.050744,0.0508385,0.0419194,0.0448002,5001.606271777004,315911.8829481758
2017-05-07,0.0436329,0.05103,0.0436329,0.0507365,12090.177083333334,325096.82398645935
2017-05-06,0.0508473,0.0536635,0.0418388,0.0436453,8059.149305555556,335307.3205121114
2017-05-05,0.0609823,0.0610081,0.0495787,0.050724,5595.724738675958,378748.0587132965
2017-05-04,0.0644129,0.0657783,0.0561186,0.0617137,15749.604166666666,421163.1256710162
2017-05-03,0.0698553,0.0698553,0.055518,0.0643915,49954.25,422119.4028840359
2017-05-02,0.0730309,0.0776239,0.0573081,0.0704258,92868.69791666669,462599.2928821047
2017-05-01,0.0863767,0.11204,0.0710379,0.0730182,260187.76306620208,605678.7576062615
2017-04-30,0.0685189,0.147401,0.0644917,0.0862681,307883.8298611111,538804.2476769846
2017-04-29,0.0626901,0.219726,0.058431,0.068538,149856.58680555556,508785.3017093393
2017-04-28,0.0538002,0.0628664,0.0513101,0.0626148,20481.571428571428,385332.026310364
2017-04-27,0.0516677,0.0555326,0.0457977,0.0539318,29670.17708333333,345948.56678581773
2017-04-26,0.0395713,0.0529376,0.0365891,0.0506731,22757.947916666668,297673.80167679494
2017-04-25,0.0345466,0.0395288,0.0320673,0.0393096,5450.261324041812,233620.2754260249
2017-04-24,0.0388619,0.0400693,0.0344523,0.034524,12886.243055555557,248331.2031841859
2017-04-23,0.0355514,0.0417897,0.0352918,0.0388619,7116.256944444444,259056.6536257042
2017-04-22,0.0319696,0.0362377,0.0307019,0.0355261,21202.305555555555,233930.52154754
2017-04-21,0.0354784,0.0385029,0.0281209,0.0319678,49179.50522648083,234161.6396256341
2017-04-20,0.0993883,0.0994292,0.02617,0.0373134,121536.39930555556,259468.5617441557
2017-04-19,0.0954003,0.103644,0.090192,0.0993896,36695.36805555556,670388.5689119151
2017-04-18,0.0993292,0.110086,0.0874202,0.0950246,85048.29616724739,662142.7992381295
2017-04-17,0.0771699,0.113566,0.0761076,0.0975154,24731.010416666668,599397.8139487279
2017-04-16,0.0802809,0.0817741,0.0748331,0.0771751,19507.336805555555,537486.412799451
2017-04-15,0.0781506,0.0868228,0.0732521,0.0801884,32257.222222222223,530949.6532161935
2017-04-14,0.065619,0.0885956,0.0654924,0.0781325,54377.0,531810.2076841863
2017-04-13,0.071519,0.0786385,0.0626422,0.0655333,25583.42013888889,480499.2617016863
2017-04-12,0.0620812,0.0741,0.0597587,0.073232,9413.315972222224,430193.8054350336
2017-04-11,0.0583696,0.0662305,0.0548934,0.0621086,13492.55400696864,406997.9369111371
2017-04-10,0.058594,0.0670114,0.0571062,0.0583784,15169.708333333334,412063.8483667584
2017-04-09,0.056493,0.0585863,0.0525924,0.0585863,7499.576388888889,383154.4030861352
2017-04-08,0.0549189,0.0597524,0.0542297,0.0564274,7209.711805555556,378048.24941263045
2017-04-07,0.0575084,0.0610151,0.0538753,0.0563359,20509.08362369338,396317.7215863108
2017-04-06,0.060763,0.0683819,0.0563223,0.0574853,178380.81944444444,407223.7793654266
2017-04-05,0.0478134,0.0868009,0.0475752,0.0601839,60844.62152777778,366457.00603687
2017-04-04,0.0494155,0.0508916,0.0457573,0.0475637,12058.951219512195,324010.68364298966
2017-04-03,0.0491108,0.051619,0.0484997,0.0494107,11103.052083333334,336123.30379052105
2017-04-02,0.0494842,0.0517779,0.0484015,0.0489762,12156.076388888889,336349.4031884504
2017-04-01,0.0484078,0.0519829,0.0479324,0.049423,8701.868055555555,336790.38584701734
2017-03-31,0.0474853,0.049181,0.0459552,0.0484075,10300.15331010453,320910.7680457076
2017-03-30,0.0486577,0.0532684,0.0464262,0.047435,47628.48263888889,336034.0255460328
2017-03-29,0.0538389,0.0783951,0.0459129,0.0497351,104312.70486111112,362825.2237563325
2017-03-28,0.0380601,0.0521501,0.0379314,0.0521501,10743.975609756097,280042.15930270834
2017-03-27,0.0378382,0.0413217,0.0361481,0.0380601,50229.21875,251830.41384969268
2017-03-26,0.0428232,0.0526578,0.0310058,0.0379174,113535.55555555556,273752.68694188935
2017-03-25,0.0298062,0.0485862,0.0285277,0.0458636,31216.819444444445,248536.5236481869
2017-03-24,0.0288345,0.0310581,0.027781,0.0297987,4452.98606271777,197996.9876571713
2017-03-23,0.0291018,0.0319704,0.0275171,0.0288411,11093.444444444443,201946.0585999807
2017-03-22,0.0329048,0.0377711,0.0290308,0.0290857,4612.225694444444,227838.81171584077
2017-03-21,0.0306369,0.0338569,0.0290284,0.0328761,3254.450704225352,208302.5458488941
2017-03-20,0.0268747,0.0314539,0.0268153,0.0306756,2697.024305555556,195557.3855609908
2017-03-19,0.0321309,0.0325457,0.0262652,0.0268607,4289.118055555556,200109.2112521444
2017-03-18,0.0328825,0.03341,0.0297333,0.0321012,2393.409722222222,209977.53942340304
2017-03-17,0.0337308,0.0361499,0.0315115,0.0329027,6286.191637630662,227611.47205569185
2017-03-16,0.036071,0.0386408,0.0321863,0.0337295,8524.895833333334,239850.62341645907
2017-03-15,0.0295295,0.0388969,0.0294733,0.0361609,9001.996527777777,218593.34473644965
2017-03-14,0.0299699,0.0310167,0.0248161,0.0295255,3198.3449477351915,198663.1976579741
2017-03-13,0.0285341,0.0302061,0.0284782,0.0299701,1077.0381944444443,195092.1300232359
2017-03-12,0.02791,0.0297027,0.0271618,0.0285094,1443.2534722222222,187955.9939942216
2017-03-11,0.0294676,0.0330462,0.0268205,0.0276755,2003.9791666666667,204403.96039430157
2017-03-10,0.0293615,0.0297731,0.0283112,0.0294641,1981.0522648083625,195247.15453711196
2017-03-09,0.0287199,0.0300166,0.0260398,0.0294083,2526.7291666666665,189016.71288069256
2017-03-08,0.0272294,0.0304689,0.0272259,0.0287188,1334.5,193712.31391395928
2017-03-07,0.0272345,0.0275101,0.0261022,0.0272271,610.0975609756098,181975.7207093043
2017-03-06,0.0254478,0.0282139,0.0216826,0.0272382,1420.142361111111,179812.4349947072
2017-03-05,0.0280847,0.0286117,0.0253875,0.0254591,1641.9895833333333,183768.39831590847
2017-03-04,0.0278478,0.0308699,0.027502,0.028088,1266.111111111111,190901.96169025637
2017-03-03,0.029786,0.0302051,0.0275553,0.0278587,925.3135888501744,192151.4137055424
2017-03-02,0.0299487,0.0303655,0.0283174,0.0297597,2729.645833333333,197714.82527506823
2017-03-01,0.0264519,0.0300156,0.0264286,0.0299429,1083.3146853146852,184357.3825614736
2017-02-28,0.0275338,0.0281249,0.0264272,0.0264335,285.33101045296166,182227.0124344365
2017-02-27,0.0281316,0.0288555,0.0274849,0.0275424,788.3645833333334,188077.96931005392
2017-02-26,0.0270339,0.0283472,0.0265926,0.0283472,1200.78125,180688.64898537725
2017-02-25,0.0259396,0.0277252,0.0251375,0.0270378,831.9097222222222,175529.40446831912
2017-02-24,0.0256279,0.0265226,0.0251129,0.0261155,1221.7491289198606,171927.0659453968
2017-02-23,0.0269315,0.0271715,0.0249966,0.0256339,1944.7152777777776,173053.70734588482
2017-02-22,0.0276946,0.028626,0.0269126,0.0269298,1918.236111111111,182327.6174840346
2017-02-21,0.0291525,0.0291845,0.0267911,0.0277076,1329.4146341463415,183680.9842777458
2017-02-20,0.0292243,0.0295566,0.0272664,0.0291486,1560.142361111111,188776.71979573945
2017-02-19,0.0330989,0.0336377,0.0282243,0.0292171,3460.722222222222,201962.91383587348
2017-02-18,0.0300807,0.0344154,0.030028,0.0331315,3672.5365853658536,208211.053319641
2017-02-17,0.0275199,0.0326754,0.0266345,0.0300842,2350.7951388888887,188030.43409246477
2017-02-16,0.0293123,0.0294462,0.0270076,0.0275182,890.6076388888889,190595.49433380825
2017-02-15,0.0287923,0.02984,0.0287923,0.0293131,845.8846153846154,193593.42176036604
2017-02-14,0.0301637,0.0301678,0.0282527,0.0288034,2925.7038327526134,192036.12784833985
2017-02-13,0.032394,0.032394,0.0300947,0.0301611,1844.649305555556,202774.4530487034
2017-02-12,0.034497,0.035927,0.0291463,0.0323853,9646.086805555557,217190.56069348147
2017-02-11,0.027307,0.0357227,0.0263658,0.034261,4972.003484320558,197879.972400874
2017-02-10,0.0297602,0.0313847,0.0256116,0.0272672,1730.7291666666667,186491.32413481976
2017-02-09,0.0319098,0.0320477,0.0297516,0.029758,628.7326388888889,203325.1240488444
2017-02-08,0.0294443,0.0329196,0.0285399,0.0319071,3762.4201388888887,208401.3252558956
2017-02-07,0.0285279,0.0315658,0.0278962,0.029433,5620.554006968641,193351.55271900812
2017-02-06,0.027563,0.0331598,0.0270059,0.0285556,4992.520833333333,191871.3181200721
2017-02-05,0.0255086,0.0285277,0.0255086,0.027554,1354.763888888889,176343.97986528778
2017-02-04,0.0268144,0.0292234,0.0251452,0.0254797,4028.466898954704,171326.04539199092
2017-02-03,0.0245715,0.0283432,0.0244334,0.026811,1720.7777777777778,166738.6929209892
2017-02-02,0.0234207,0.0251502,0.0231686,0.0245555,962.411149825784,156881.1160370572
2017-02-01,0.0225537,0.0241557,0.0221256,0.02342,2616.6666666666665,149195.02296107102
2017-01-31,0.0210877,0.0237258,0.0205879,0.0225552,5968.5993031358885,143560.75875991114
2017-01-30,0.0190106,0.0225671,0.0185545,0.0211028,2918.5763888888887,129747.02107764575
2017-01-29,0.0176151,0.0273762,0.0173599,0.0190046,3760.7048611111113,123722.0719459142
2017-01-28,0.0162326,0.0180345,0.0158245,0.0174524,5408.024390243902,109402.92838324564
2017-01-27,0.0178254,0.0181929,0.0154964,0.0164163,5194.659722222223,109233.01335828652
2017-01-26,0.0179953,0.0188984,0.0169993,0.0176761,2461.878472222222,117602.70452334727
2017-01-25,0.0185719,0.0202621,0.017828,0.0179979,1735.5694444444443,121844.40085070315
2017-01-24,0.0198475,0.020222,0.0180401,0.0185646,2243.9163763066204,121938.77045304648
2017-01-23,0.0200677,0.0210118,0.0192468,0.0198331,2384.3229166666665,130171.32409873046
2017-01-22,0.0210798,0.0221167,0.0186491,0.0201442,992.3298611111112,137466.8684419213
2017-01-21,0.0214741,0.022021,0.0208871,0.0210788,573.5644599303135,135961.1969899901
2017-01-20,0.0214884,0.0221186,0.0206788,0.0214671,970.5729166666666,138873.62126372237
2017-01-19,0.0241125,0.0247001,0.0197462,0.0214023,7798.25,141137.7141073274
2017-01-18,0.0201655,0.0240514,0.0179303,0.0240514,3328.090277777778,130114.85484074555
2017-01-17,0.0216316,0.0228514,0.0198908,0.0201477,5701.508710801394,135074.0327371956
2017-01-16,0.0203801,0.0216123,0.0190218,0.0213212,2815.899305555556,129859.76965511474
2017-01-15,0.0231133,0.0234407,0.0183747,0.0203609,15884.083333333334,124965.1471550113
2017-01-14,0.0170698,0.0278506,0.0165187,0.023021,4631.355400696864,123753.28586289348
2017-01-13,0.0128512,0.0172199,0.0124201,0.0170362,1238.7083333333333,87391.58586693346
2017-01-12,0.0157982,0.0162457,0.012535,0.0128557,334.53472222222223,91777.57354987317
2017-01-11,0.0150653,0.0163422,0.0145041,0.0158179,210.98958333333331,97202.10949334688
2017-01-10,0.0147628,0.0158458,0.0144219,0.0150987,619.8675958188153,95156.34139692226
2017-01-09,0.0133504,0.0190045,0.0126629,0.0147747,1191.107638888889,91428.4840825914
2017-01-08,0.0154204,0.0157997,0.0128042,0.0133843,1935.9722222222224,89959.90747517155
2017-01-07,0.0145902,0.0165079,0.0131826,0.0153884,914.1358885017422,94253.73438416382
2017-01-06,0.0154486,0.0193116,0.0134566,0.0146657,798.6354166666666,102109.04758757354
2017-01-05,0.017586,0.020376,0.0154846,0.0154846,387.8645833333333,116359.1609227114
2017-01-04,0.0177203,0.0190022,0.0172721,0.0175803,650.6041666666666,113480.78591223164
2017-01-03,0.0179645,0.0180345,0.017485,0.0177121,554.3554006968641,112625.64845963866
2017-01-02,0.0160569,0.0179911,0.0155988,0.0179735,589.3958333333334,104626.04023496406
2017-01-01,0.0179466,0.0184783,0.0158447,0.0160508,1043.607638888889,105308.36102120356
2016-12-31,0.0145754,0.018409,0.0144243,0.0179525,802.5853658536586,104462.14090721606
2016-12-30,0.014623,0.0150639,0.0142573,0.0145836,180.61458333333331,92025.22714803329
2016-12-29,0.0144532,0.0147593,0.0140823,0.0146226,633.7673611111111,91877.3345886665
2016-12-28,0.0158883,0.0160894,0.0143089,0.0144472,598.6875,97656.37301352192
2016-12-27,0.0149647,0.0174392,0.0149647,0.0158884,861.7665505226481,101571.6260440503
2016-12-26,0.0170098,0.0174893,0.0134796,0.0149682,499.27777777777777,101375.17027182825
2016-12-25,0.0168587,0.0171905,0.0161416,0.0170042,459.1875,106879.06945753164
2016-12-24,0.0179594,0.0183487,0.0166892,0.0168402,1300.6480836236933,108418.30924813548
2016-12-23,0.0188259,0.0193037,0.0173719,0.0179558,1020.6597222222222,117011.66610404356
2016-12-22,0.0187141,0.0189741,0.0182039,0.0187907,412.5104166666667,117191.45142216848
2016-12-21,0.0188615,0.0192037,0.0185827,0.0188249,422.9791666666667,117883.58681878296
2016-12-20,0.0190298,0.0191591,0.0184949,0.0188631,498.9581881533101,118338.24887094862
2016-12-19,0.0190602,0.0192295,0.0185858,0.019028,379.97569444444446,117850.60080027668
2016-12-18,0.0188788,0.0192485,0.0185899,0.0190572,346.6701388888889,117696.89316823133
2016-12-17,0.020092,0.0201707,0.018634,0.0188792,532.6933797909408,120005.4517522958
2016-12-16,0.0211328,0.0225778,0.01976,0.0200917,3227.7916666666665,126906.98281610927
2016-12-15,0.0190386,0.0215531,0.0183952,0.0211284,666.21875,118161.5120878786
2016-12-14,0.0193453,0.0196693,0.0184486,0.01901,871.7157894736843,116218.66163911475
2016-12-13,0.0173445,0.0194453,0.0172928,0.0192127,184.875,110429.49362576992
2016-12-12,0.0175155,0.0178257,0.0170796,0.0173399,805.9375,108887.08738819868
2016-12-11,0.0175884,0.0187489,0.0171539,0.0175269,642.1006944444445,110049.6461907614
2016-12-10,0.0172684,0.0184964,0.0171159,0.0172101,810.8989547038327,109749.81352027928
2016-12-09,0.01801,0.0215876,0.017274,0.017274,736.4895833333334,115266.77100004724
2016-12-08,0.0183891,0.0191801,0.0175595,0.018308,690.9618055555555,111758.09683954871
2016-12-07,0.0196895,0.0199214,0.0176067,0.0183877,983.616724738676,115185.52005865976
2016-12-06,0.019486,0.0196942,0.0190717,0.0196896,602.7777777777778,119255.25506423227
2016-12-05,0.0191475,0.0206047,0.0189991,0.0194821,869.0763888888889,119589.7258281414
2016-12-04,0.018665,0.0194682,0.0178718,0.0191429,406.4216027874565,114276.61745178336
2016-12-03,0.0178253,0.0195929,0.0178253,0.0186618,531.8710801393728,114830.91632553349
2016-12-02,0.0192946,0.0195206,0.0177707,0.0177889,1106.451388888889,116718.94969030283
2016-12-01,0.018869,0.0201242,0.0180361,0.0191955,438.84027777777777,118017.73832090128
2016-11-30,0.0215613,0.0215785,0.018727,0.0188667,723.7560975609756,118916.73061274744
2016-11-29,0.0190648,0.0218933,0.0182447,0.0216466,501.03125,118140.99460882832
2016-11-28,0.0184124,0.01962,0.0184066,0.0190609,432.0,115182.92532458216
2016-11-27,0.0187612,0.0206143,0.0182581,0.0184121,849.1701388888889,115501.4559519184
2016-11-26,0.0194998,0.0195013,0.018757,0.0187593,184.62369337979092,117230.09063625468
2016-11-25,0.0198365,0.0198686,0.0190281,0.0195014,294.25,118040.89786169252
2016-11-24,0.0201406,0.0205673,0.0190639,0.0198229,1038.6215277777778,120274.88285626832
2016-11-23,0.0203109,0.0214195,0.0196277,0.02014,570.4355400696865,124623.6319662648
2016-11-22,0.0195582,0.0210075,0.0195582,0.0203092,343.7700348432056,123547.98111913176
2016-11-21,0.0210806,0.0212949,0.0195036,0.0195543,382.60069444444446,123786.10023004322
2016-11-20,0.0215194,0.0220099,0.0210818,0.0210853,658.4513888888889,130526.67957664434
2016-11-19,0.020338,0.0286541,0.0202148,0.0215082,1317.425087108014,135966.20259327866
2016-11-18,0.0212749,0.0220408,0.0200257,0.0203474,881.3159722222222,125768.94078422152
2016-11-17,0.0213962,0.0218949,0.020333,0.0212762,699.6354166666666,128101.3711930896
2016-11-16,0.0217594,0.0221143,0.0206443,0.0213905,719.8466898954704,128971.8076778427
2016-11-15,0.0219566,0.0223703,0.0206665,0.0215109,769.2777777777778,130010.70455299458
2016-11-14,0.022134,0.0236385,0.0215907,0.0219584,592.9756944444445,132686.2405919061
2016-11-13,0.0222886,0.0228324,0.0219308,0.0221341,638.8090277777778,133978.43588160584
2016-11-12,0.0226187,0.0235564,0.02175,0.0222862,733.9233449477352,135143.78626730398
2016-11-11,0.02363,0.0244387,0.0217434,0.0226116,808.4826388888889,131282.98652812166
2016-11-10,0.0238304,0.0244772,0.0225164,0.0236297,483.375,140908.69677004806
2016-11-09,0.0231328,0.0246724,0.0228893,0.0238372,1436.780487804878,139963.7559118429
2016-11-08,0.0247958,0.0273966,0.0231497,0.0231497,436.52430555555554,146704.60545075024
2016-11-07,0.0243214,0.0251613,0.0241585,0.0248028,487.6847826086956,147808.50897956322
2016-11-06,0.0231137,0.0250985,0.0227634,0.0243245,611.9201388888889,142555.83776656125
2016-11-05,0.0228,0.0239162,0.0223806,0.0231115,797.184668989547,136848.3022201764
2016-11-04,0.0251495,0.0253116,0.0224401,0.0228102,648.8576388888889,144887.42375374178
2016-11-03,0.026426,0.0264485,0.0246018,0.0250229,754.7326388888889,150608.015591303
2016-11-02,0.0244075,0.0266175,0.0244059,0.026422,1860.432055749129,152574.3276874203
2016-11-01,0.0271749,0.0279366,0.0236397,0.0247702,771.2326388888889,156982.003639751
2016-10-31,0.0251294,0.0279232,0.0244881,0.027184,1068.451388888889,154986.51425083994
2016-10-30,0.0247006,0.0290454,0.0247006,0.0251462,2072.4599303135888,155405.9936965613
2016-10-29,0.0277215,0.0277365,0.0246421,0.0246977,1965.97212543554,159300.73832263882
2016-10-28,0.0299759,0.0304162,0.0269083,0.0276917,2545.8923611111118,169110.8995311576
2016-10-27,0.0315397,0.033094,0.0292645,0.0299836,1341.2256944444443,183694.645704384
2016-10-26,0.0321932,0.0352079,0.0314721,0.0315334,638.5226480836237,192083.41582774135
2016-10-25,0.0322642,0.0331279,0.0318463,0.0321912,1604.920138888889,193914.3709192085
2016-10-24,0.0379604,0.0380071,0.0322438,0.0322654,7976.392361111111,201386.78224810032
2016-10-23,0.0316065,0.0394298,0.0308804,0.0379492,6642.604166666667,200998.3563117217
2016-10-22,0.0302899,0.0352166,0.0292406,0.0316005,3877.2508710801394,187295.24904534584
2016-10-21,0.0316014,0.0337294,0.0298038,0.0302895,1925.8333333333333,182765.59977691717
2016-10-20,0.03398,0.0344078,0.0310615,0.0315996,1494.28125,189969.17584110316
2016-10-19,0.0309833,0.0349767,0.0289858,0.032737,705.9094076655052,177735.99513235997
2016-10-18,0.0308168,0.0310263,0.0293863,0.0300321,1889.0590277777776,177405.68219234658
2016-10-17,0.0332499,0.0344626,0.0298269,0.0315464,1362.8055555555557,190234.5694228438
2016-10-16,0.0339828,0.0351305,0.0321626,0.0329684,3004.2881944444443,199309.1881785206
2016-10-15,0.0377828,0.0378679,0.0332342,0.0339791,4766.797909407665,207227.94102409383
2016-10-14,0.0349537,0.0383658,0.0348761,0.0377798,6617.40625,217405.02775807207
2016-10-13,0.0329851,0.0445163,0.0329459,0.0349546,17054.854166666668,220504.02116207848
2016-10-12,0.0266884,0.0346403,0.0259368,0.032937,7620.88850174216,179158.802678219
2016-10-11,0.0234771,0.0272052,0.0234455,0.0266921,1813.1354166666667,147988.3592858115
2016-10-10,0.0241256,0.0247208,0.0229502,0.0234796,1283.736111111111,139724.5283885942
2016-10-09,0.0244939,0.0246618,0.0237498,0.0241265,1064.226480836237,140230.6363812765
2016-10-08,0.0253905,0.0253905,0.0236333,0.0244952,2436.8854166666665,141697.67831678153
2016-10-07,0.0258753,0.0259078,0.0245432,0.0253899,412.46527777777777,147432.95936961926
2016-10-06,0.0260537,0.02611,0.0249666,0.0258294,496.9791666666667,148609.68430437133
2016-10-05,0.0259179,0.0267921,0.0253944,0.0260493,847.7421602787457,150957.53599229187
2016-10-04,0.0249575,0.02754,0.0245344,0.0259195,3061.9166666666665,152183.7112826779
2016-10-03,0.0269019,0.0269019,0.0247508,0.0249515,1466.53125,151108.97611543658
2016-10-02,0.0269844,0.027845,0.0257231,0.0269003,2123.8048780487807,153595.64587009733
