Date,Unnamed: 0,compound,negative,neutral,positive,likes,retweets,Start,Open,High,Low,Close,Volume,Market Cap,order_number,risk_of_PAD
2016-10-01,0,1,0.0,0.80325,0.19675,2.5,1.5,2016-09-30,0.0255628,0.0277368,0.0255628,0.026981,655.1354166666666,153096.95254477265,10,0
2016-10-02,1,1,0.0,0.749,0.251,2.0,2.0,2016-10-01,0.0269844,0.027845,0.0257231,0.0269003,2123.8048780487807,153595.64587009733,10,0
2016-10-08,2,1,0.076,0.729,0.195,3.0,3.0,2016-10-07,0.0253905,0.0253905,0.0236333,0.0244952,2436.8854166666665,141697.67831678153,10,0
2016-10-10,3,1,0.0,0.7845,0.2155,0.0,0.0,2016-10-09,0.0241256,0.0247208,0.0229502,0.0234796,1283.736111111111,139724.5283885942,10,0
2016-10-11,4,1,0.0,0.748,0.252,3.0,2.0,2016-10-10,0.0234771,0.0272052,0.0234455,0.0266921,1813.1354166666667,147988.3592858115,10,0
2016-10-12,5,1,0.0,0.861,0.139,2.5,2.5,2016-10-11,0.0266884,0.0346403,0.0259368,0.032937,7620.88850174216,179158.802678219,10,0
2016-10-14,6,1,0.0,0.6900000000000001,0.31,2.333333333333333,2.0,2016-10-13,0.0349537,0.0383658,0.0348761,0.0377798,6617.40625,217405.02775807207,10,0
2016-10-15,7,1,0.0,0.711,0.289,4.0,1.0,2016-10-14,0.0377828,0.0378679,0.0332342,0.0339791,4766.797909407665,207227.94102409383,10,0
2016-10-18,8,1,0.0,0.684,0.316,8.0,4.0,2016-10-17,0.0308168,0.0310263,0.0293863,0.0300321,1889.0590277777776,177405.68219234658,10,0
2016-10-19,9,1,0.0,0.8905000000000001,0.1095,4.0,2.5,2016-10-18,0.0309833,0.0349767,0.0289858,0.032737,705.9094076655052,177735.99513235997,10,0
2016-10-20,10,0,0.0,1.0,0.0,3.0,2.0,2016-10-19,0.03398,0.0344078,0.0310615,0.0315996,1494.28125,189969.1758411032,10,0
2016-10-21,11,1,0.03425,0.8255,0.1402499999999999,2.25,1.5,2016-10-20,0.0316014,0.0337294,0.0298038,0.0302895,1925.8333333333333,182765.5997769172,10,0
2016-10-22,12,1,0.0,0.8084,0.1916,1.8,0.8,2016-10-21,0.0302899,0.0352166,0.0292406,0.0316005,3877.2508710801394,187295.24904534584,10,0
2016-10-23,13,1,0.0,0.8645,0.1355,0.0,0.0,2016-10-22,0.0316065,0.0394298,0.0308804,0.0379492,6642.604166666667,200998.3563117217,10,0
2016-10-24,14,1,0.0,0.8775,0.1225,2.5,2.5,2016-10-23,0.0379604,0.0380071,0.0322438,0.0322654,7976.392361111111,201386.78224810032,10,0
2016-10-25,15,0,0.0,1.0,0.0,4.0,3.0,2016-10-24,0.0322642,0.0331279,0.0318463,0.0321912,1604.920138888889,193914.3709192085,10,0
2016-10-26,16,1,0.0,0.8433333333333334,0.1566666666666666,3.333333333333333,2.333333333333333,2016-10-25,0.0321932,0.0352079,0.0314721,0.0315334,638.5226480836237,192083.4158277413,10,0
2016-10-28,17,1,0.0,0.8472,0.1528,1.8,1.4,2016-10-27,0.0299759,0.0304162,0.0269083,0.0276917,2545.892361111112,169110.8995311576,10,0
2016-10-29,18,0,0.0,1.0,0.0,0.0,0.0,2016-10-28,0.0277215,0.0277365,0.0246421,0.0246977,1965.97212543554,159300.73832263882,10,0
2016-10-30,19,1,0.0,0.86925,0.1307499999999999,2.0,0.75,2016-10-29,0.0247006,0.0290454,0.0247006,0.0251462,2072.4599303135888,155405.9936965613,10,0
2016-10-31,20,0,0.0,1.0,0.0,0.0,0.0,2016-10-30,0.0251294,0.0279232,0.0244881,0.027184,1068.451388888889,154986.51425083994,10,0
2016-11-01,21,1,0.0225,0.8305,0.147,1.75,1.0,2016-10-31,0.0271749,0.0279366,0.0236397,0.0247702,771.2326388888889,156982.003639751,10,0
2016-11-03,22,0,0.0,1.0,0.0,1.0,2.0,2016-11-02,0.026426,0.0264485,0.0246018,0.0250229,754.7326388888889,150608.015591303,10,0
2016-11-04,23,1,0.0,0.8390000000000001,0.161,2.571428571428572,2.7142857142857144,2016-11-03,0.0251495,0.0253116,0.0224401,0.0228102,648.8576388888889,144887.42375374178,10,0
2016-11-05,24,1,0.0,0.8845000000000001,0.1155,2.5,1.0,2016-11-04,0.0228,0.0239162,0.0223806,0.0231115,797.184668989547,136848.3022201764,10,0
2016-11-06,25,1,0.0,0.7235,0.2764999999999999,1.5,1.0,2016-11-05,0.0231137,0.0250985,0.0227634,0.0243245,611.9201388888889,142555.83776656125,10,0
2016-11-07,26,0,0.0,1.0,0.0,0.0,1.0,2016-11-06,0.0243214,0.0251613,0.0241585,0.0248028,487.6847826086956,147808.50897956322,10,0
2016-11-09,27,0,0.0,0.916,0.084,1.6666666666666667,0.6666666666666666,2016-11-08,0.0231328,0.0246724,0.0228893,0.0238372,1436.780487804878,139963.7559118429,10,0
2016-11-10,28,0,0.0,1.0,0.0,0.0,0.0,2016-11-09,0.0238304,0.0244772,0.0225164,0.0236297,483.375,140908.69677004806,10,0
2016-11-11,29,1,0.0,0.8552,0.1448,1.8,1.0,2016-11-10,0.02363,0.0244387,0.0217434,0.0226116,808.4826388888889,131282.98652812166,10,0
2016-11-14,30,0,0.0,1.0,0.0,1.0,0.0,2016-11-13,0.022134,0.0236385,0.0215907,0.0219584,592.9756944444445,132686.2405919061,10,0
2016-11-15,31,0,0.0,1.0,0.0,0.0,1.0,2016-11-14,0.0219566,0.0223703,0.0206665,0.0215109,769.2777777777778,130010.70455299458,10,0
2016-11-16,32,1,0.0,0.7919999999999999,0.208,2.6666666666666665,1.6666666666666667,2016-11-15,0.0217594,0.0221143,0.0206443,0.0213905,719.8466898954704,128971.8076778427,10,0
2016-11-17,33,0,0.0485,0.7785,0.173,1.25,1.25,2016-11-16,0.0213962,0.0218949,0.020333,0.0212762,699.6354166666666,128101.3711930896,10,0
2016-11-18,34,1,0.0,0.756,0.244,3.0,2.0,2016-11-17,0.0212749,0.0220408,0.0200257,0.0203474,881.3159722222222,125768.94078422152,10,0
2016-11-19,35,1,0.0,0.7428,0.2572,1.2,0.8,2016-11-18,0.020338,0.0286541,0.0202148,0.0215082,1317.425087108014,135966.20259327866,10,0
2016-11-21,36,1,0.0065555555555555,0.7405555555555555,0.2528888888888889,1.3333333333333333,1.1111111111111112,2016-11-20,0.0210806,0.0212949,0.0195036,0.0195543,382.60069444444446,123786.10023004322,10,0
2016-11-23,37,1,0.0,0.739,0.261,5.0,3.0,2016-11-22,0.0203109,0.0214195,0.0196277,0.02014,570.4355400696865,124623.6319662648,10,0
2016-11-24,38,0,0.0,1.0,0.0,0.5,0.0,2016-11-23,0.0201406,0.0205673,0.0190639,0.0198229,1038.6215277777778,120274.88285626832,10,0
2016-11-25,39,1,0.0,0.773,0.2269999999999999,0.0,0.25,2016-11-24,0.0198365,0.0198686,0.0190281,0.0195014,294.25,118040.89786169252,10,0
2016-11-28,40,1,0.0,0.855,0.145,3.0,3.0,2016-11-27,0.0184124,0.01962,0.0184066,0.0190609,432.0,115182.92532458216,10,0
2016-11-29,41,1,0.0,0.72175,0.27825,0.75,0.75,2016-11-28,0.0190648,0.0218933,0.0182447,0.0216466,501.03125,118140.99460882832,10,0
2016-11-30,42,1,0.0,0.747,0.253,1.0,0.0,2016-11-29,0.0215613,0.0215785,0.018727,0.0188667,723.7560975609756,118916.73061274744,10,0
2016-12-02,43,1,0.0,0.546,0.4539999999999999,0.0,0.0,2016-12-01,0.0192946,0.0195206,0.0177707,0.0177889,1106.451388888889,116718.94969030283,10,0
2016-12-03,44,0,0.0,1.0,0.0,4.0,6.0,2016-12-02,0.0178253,0.0195929,0.0178253,0.0186618,531.8710801393728,114830.91632553349,10,0
2016-12-06,45,1,0.059,0.711,0.229,1.0,2.0,2016-12-05,0.019486,0.0196942,0.0190717,0.0196896,602.7777777777778,119255.25506423227,10,0
2016-12-08,46,1,0.0,0.766,0.234,1.0,2.0,2016-12-07,0.0183891,0.0191801,0.0175595,0.018308,690.9618055555555,111758.09683954871,10,0
2016-12-11,47,1,0.0,0.832875,0.167125,1.0,1.875,2016-12-10,0.0175884,0.0187489,0.0171539,0.0175269,642.1006944444445,110049.6461907614,10,0
2016-12-13,48,1,0.0,0.662,0.3379999999999999,3.5,4.0,2016-12-12,0.0173445,0.0194453,0.0172928,0.0192127,184.875,110429.49362576992,10,0
2016-12-15,49,1,0.0,0.546,0.4539999999999999,0.0,0.5,2016-12-14,0.0190386,0.0215531,0.0183952,0.0211284,666.21875,118161.5120878786,10,0
2016-12-16,50,0,0.089,0.805,0.106,2.0,2.0,2016-12-15,0.0211328,0.0225778,0.01976,0.0200917,3227.7916666666665,126906.98281610927,10,0
2016-12-17,51,1,0.0,0.546,0.4539999999999999,0.5,0.5,2016-12-16,0.020092,0.0201707,0.018634,0.0188792,532.6933797909408,120005.4517522958,10,0
2016-12-20,52,1,0.0,0.6973333333333334,0.3026666666666666,0.0,0.3333333333333333,2016-12-19,0.0190298,0.0191591,0.0184949,0.0188631,498.9581881533101,118338.24887094862,10,0
2016-12-22,53,1,0.0,0.7124999999999999,0.2875,5.5,5.5,2016-12-21,0.0187141,0.0189741,0.0182039,0.0187907,412.5104166666667,117191.45142216848,10,0
2016-12-23,54,1,0.0,0.576,0.424,0.0,3.0,2016-12-22,0.0188259,0.0193037,0.0173719,0.0179558,1020.6597222222222,117011.66610404356,10,0
2016-12-24,55,1,0.0,0.68,0.32,1.6666666666666667,5.0,2016-12-23,0.0179594,0.0183487,0.0166892,0.0168402,1300.6480836236933,108418.30924813548,10,0
2016-12-25,56,1,0.0,0.738,0.262,1.5,4.75,2016-12-24,0.0168587,0.0171905,0.0161416,0.0170042,459.1875,106879.06945753164,10,0
2016-12-27,57,1,0.0,0.7224999999999999,0.2774999999999999,0.5,1.0,2016-12-26,0.0149647,0.0174392,0.0149647,0.0158884,861.7665505226481,101571.6260440503,10,0
2016-12-29,58,1,0.0,0.7941666666666666,0.2058333333333333,1.0,2.333333333333333,2016-12-28,0.0144532,0.0147593,0.0140823,0.0146226,633.7673611111111,91877.3345886665,10,0
2016-12-30,59,1,0.0,0.546,0.4539999999999999,0.0,0.0,2016-12-29,0.014623,0.0150639,0.0142573,0.0145836,180.6145833333333,92025.22714803329,10,0
2016-12-31,60,1,0.0,0.8031666666666667,0.1968333333333333,1.6666666666666667,1.8333333333333333,2016-12-30,0.0145754,0.018409,0.0144243,0.0179525,802.5853658536586,104462.14090721606,10,0
2017-01-02,61,1,0.0,0.7224999999999999,0.2774999999999999,0.0,0.0,2017-01-01,0.0160569,0.0179911,0.0155988,0.0179735,589.3958333333334,104626.04023496406,10,0
2017-01-03,62,0,0.0,1.0,0.0,0.0,0.0,2017-01-02,0.0179645,0.0180345,0.017485,0.0177121,554.3554006968641,112625.64845963866,10,0
2017-01-04,63,1,0.0,0.7163333333333334,0.2836666666666667,0.3333333333333333,0.3333333333333333,2017-01-03,0.0177203,0.0190022,0.0172721,0.0175803,650.6041666666666,113480.78591223164,10,0
2017-01-06,64,1,0.0,0.7855,0.2145,1.5,1.0,2017-01-05,0.0154486,0.0193116,0.0134566,0.0146657,798.6354166666666,102109.04758757354,10,0
2017-01-07,65,0,0.0,1.0,0.0,0.0,0.0,2017-01-06,0.0145902,0.0165079,0.0131826,0.0153884,914.1358885017422,94253.73438416382,10,0
2017-01-08,66,0,0.0,0.939,0.061,0.0,0.5,2017-01-07,0.0154204,0.0157997,0.0128042,0.0133843,1935.9722222222224,89959.90747517155,10,0
2017-01-09,67,1,0.0,0.8770000000000001,0.123,4.0,1.6666666666666667,2017-01-08,0.0133504,0.0190045,0.0126629,0.0147747,1191.107638888889,91428.4840825914,10,0
2017-01-14,68,0,0.0,0.93625,0.06375,3.25,1.0,2017-01-13,0.0170698,0.0278506,0.0165187,0.023021,4631.355400696864,123753.28586289348,10,0
2017-01-16,69,1,0.0,0.82625,0.17375,2.25,4.25,2017-01-15,0.0203801,0.0216123,0.0190218,0.0213212,2815.899305555556,129859.76965511474,10,0
2017-01-17,70,1,0.0,0.887,0.113,1.75,1.75,2017-01-16,0.0216316,0.0228514,0.0198908,0.0201477,5701.508710801394,135074.0327371956,10,0
2017-01-18,71,0,0.0,1.0,0.0,0.0,0.0,2017-01-17,0.0201655,0.0240514,0.0179303,0.0240514,3328.090277777778,130114.85484074555,10,0
2017-01-19,72,0,0.0,1.0,0.0,5.0,3.0,2017-01-18,0.0241125,0.0247001,0.0197462,0.0214023,7798.25,141137.7141073274,10,0
2017-01-20,73,1,0.0147999999999999,0.7667999999999999,0.2184,3.6,4.0,2017-01-19,0.0214884,0.0221186,0.0206788,0.0214671,970.5729166666666,138873.62126372237,10,0
2017-01-24,74,1,0.0,0.7005,0.2995,2.0,1.5,2017-01-23,0.0198475,0.020222,0.0180401,0.0185646,2243.9163763066204,121938.77045304648,10,0
2017-02-03,75,-1,0.105,0.895,0.0,0.6666666666666666,0.0,2017-02-02,0.0245715,0.0283432,0.0244334,0.026811,1720.7777777777778,166738.6929209892,10,0
2017-02-08,76,1,0.0,0.62,0.38,6.0,3.0,2017-02-07,0.0294443,0.0329196,0.0285399,0.0319071,3762.4201388888887,208401.3252558956,10,0
2017-02-09,77,0,0.0,0.9593333333333334,0.0406666666666666,0.0,0.0,2017-02-08,0.0319098,0.0320477,0.0297516,0.029758,628.7326388888889,203325.1240488444,10,0
2017-02-10,78,0,0.0,0.939625,0.060375,2.375,2.875,2017-02-09,0.0297602,0.0313847,0.0256116,0.0272672,1730.7291666666667,186491.32413481976,10,0
2017-02-11,79,0,0.0,1.0,0.0,6.0,4.0,2017-02-10,0.027307,0.0357227,0.0263658,0.034261,4972.003484320558,197879.972400874,10,0
2017-02-12,80,0,0.0,0.9458,0.0542,0.8,2.2,2017-02-11,0.034497,0.035927,0.0291463,0.0323853,9646.086805555557,217190.56069348147,10,0
2017-02-13,81,1,0.0,0.715,0.285,2.6666666666666665,5.0,2017-02-12,0.032394,0.032394,0.0300947,0.0301611,1844.649305555556,202774.4530487034,10,0
2017-02-15,82,1,0.0,0.754,0.246,1.0,0.0,2017-02-14,0.0287923,0.02984,0.0287923,0.0293131,845.8846153846154,193593.42176036604,10,0
2017-02-16,83,1,0.051,0.725,0.224,0.0,0.0,2017-02-15,0.0293123,0.0294462,0.0270076,0.0275182,890.6076388888889,190595.49433380825,10,0
2017-02-17,84,-1,0.507,0.493,0.0,1.0,0.0,2017-02-16,0.0275199,0.0326754,0.0266345,0.0300842,2350.7951388888887,188030.4340924648,10,0
2017-02-23,85,1,0.0,0.778,0.222,0.0,0.0,2017-02-22,0.0269315,0.0271715,0.0249966,0.0256339,1944.7152777777776,173053.70734588482,10,0
2017-02-24,86,0,0.0,1.0,0.0,0.0,0.0,2017-02-23,0.0256279,0.0265226,0.0251129,0.0261155,1221.7491289198606,171927.0659453968,10,0
2017-02-26,87,1,0.0,0.778,0.222,0.0,0.0,2017-02-25,0.0270339,0.0283472,0.0265926,0.0283472,1200.78125,180688.64898537725,10,0
2017-03-11,88,1,0.0,0.773,0.227,3.0,3.0,2017-03-10,0.0294676,0.0330462,0.0268205,0.0276755,2003.9791666666667,204403.9603943016,10,0
2017-03-12,89,1,0.0,0.722,0.278,0.0,0.0,2017-03-11,0.02791,0.0297027,0.0271618,0.0285094,1443.2534722222222,187955.9939942216,10,0
2017-03-13,90,1,0.0,0.778,0.222,0.0,0.0,2017-03-12,0.0285341,0.0302061,0.0284782,0.0299701,1077.0381944444443,195092.1300232359,10,0
2017-03-17,91,1,0.0,0.66,0.34,4.0,3.0,2017-03-16,0.0337308,0.0361499,0.0315115,0.0329027,6286.191637630662,227611.47205569185,10,0
2017-03-19,92,0,0.0,0.939,0.061,0.0,0.0,2017-03-18,0.0321309,0.0325457,0.0262652,0.0268607,4289.118055555556,200109.2112521444,10,0
2017-03-20,93,0,0.0,0.9503333333333334,0.0496666666666666,1.6666666666666667,2.6666666666666665,2017-03-19,0.0268747,0.0314539,0.0268153,0.0306756,2697.024305555556,195557.3855609908,10,0
2017-03-25,94,1,0.0,0.7916666666666666,0.2083333333333333,1.0,0.6666666666666666,2017-03-24,0.0298062,0.0485862,0.0285277,0.0458636,31216.819444444445,248536.5236481869,10,0
2017-03-26,95,1,0.0,0.778,0.222,0.0,0.0,2017-03-25,0.0428232,0.0526578,0.0310058,0.0379174,113535.55555555556,273752.68694188935,10,0
2017-03-28,96,1,0.0,0.765,0.235,2.0,1.0,2017-03-27,0.0380601,0.0521501,0.0379314,0.0521501,10743.975609756097,280042.15930270834,10,0
2017-03-29,97,0,0.0,0.878,0.122,0.0,0.0,2017-03-28,0.0538389,0.0783951,0.0459129,0.0497351,104312.70486111112,362825.2237563325,10,0
2017-04-12,98,1,0.0,0.816,0.184,4.0,3.0,2017-04-11,0.0620812,0.0741,0.0597587,0.073232,9413.315972222224,430193.8054350336,10,0
2017-04-14,99,0,0.0,0.8724000000000001,0.1276,2.2,1.4,2017-04-13,0.065619,0.0885956,0.0654924,0.0781325,54377.0,531810.2076841863,10,0
2017-04-16,100,0,0.0,1.0,0.0,0.25,0.25,2017-04-15,0.0802809,0.0817741,0.0748331,0.0771751,19507.336805555555,537486.412799451,10,0
2017-04-17,101,1,0.0,0.843,0.157,0.0,0.0,2017-04-16,0.0771699,0.113566,0.0761076,0.0975154,24731.010416666668,599397.8139487279,10,0
2017-04-19,102,0,0.0576666666666666,0.7806666666666667,0.162,4.666666666666667,5.333333333333333,2017-04-18,0.0954003,0.103644,0.090192,0.0993896,36695.36805555556,670388.5689119151,10,0
2017-04-20,103,1,0.0,0.9066666666666666,0.0933333333333333,2.0,2.333333333333333,2017-04-19,0.0993883,0.0994292,0.02617,0.0373134,121536.39930555556,259468.5617441557,10,0
2017-04-21,104,0,0.0,0.9592,0.0407999999999999,1.2,0.6,2017-04-20,0.0354784,0.0385029,0.0281209,0.0319678,49179.50522648083,234161.6396256341,10,0
2017-04-22,105,1,0.0,0.8378333333333333,0.1621666666666666,2.333333333333333,4.0,2017-04-21,0.0319696,0.0362377,0.0307019,0.0355261,21202.305555555555,233930.52154754,10,0
2017-04-23,106,1,0.0,0.89375,0.10625,3.0,4.0,2017-04-22,0.0355514,0.0417897,0.0352918,0.0388619,7116.256944444444,259056.6536257042,10,0
2017-04-25,107,1,0.0,0.799,0.2009999999999999,2.4,2.0,2017-04-24,0.0345466,0.0395288,0.0320673,0.0393096,5450.261324041812,233620.2754260249,10,0
2017-04-26,108,1,0.022,0.8205,0.1575,0.75,0.0,2017-04-25,0.0395713,0.0529376,0.0365891,0.0506731,22757.947916666668,297673.80167679494,10,0
2017-04-27,109,0,0.0,1.0,0.0,4.0,4.0,2017-04-26,0.0516677,0.0555326,0.0457977,0.0539318,29670.17708333333,345948.56678581773,10,0
2017-04-28,110,1,0.0,0.903,0.097,2.0,1.0,2017-04-27,0.0538002,0.0628664,0.0513101,0.0626148,20481.571428571428,385332.026310364,10,0
2017-04-29,111,1,0.0,0.7585,0.2415,1.0,2.0,2017-04-28,0.0626901,0.219726,0.058431,0.068538,149856.58680555556,508785.3017093393,10,0
2017-04-30,112,0,0.0705,0.8863333333333333,0.0431666666666666,0.5,0.0,2017-04-29,0.0685189,0.147401,0.0644917,0.0862681,307883.8298611111,538804.2476769846,10,0
2017-05-01,113,1,0.0236666666666666,0.8584999999999999,0.1178333333333333,1.0,1.0,2017-04-30,0.0863767,0.11204,0.0710379,0.0730182,260187.76306620208,605678.7576062615,10,0
2017-05-02,114,1,0.0,0.762,0.238,2.0,6.0,2017-05-01,0.0730309,0.0776239,0.0573081,0.0704258,92868.69791666669,462599.2928821047,10,0
2017-05-03,115,1,0.0,0.9173333333333332,0.0826666666666666,2.333333333333333,1.3333333333333333,2017-05-02,0.0698553,0.0698553,0.055518,0.0643915,49954.25,422119.4028840359,10,0
2017-05-04,116,0,0.0,0.9185,0.0815,3.5,3.0,2017-05-03,0.0644129,0.0657783,0.0561186,0.0617137,15749.604166666666,421163.1256710162,10,0
2017-05-09,117,0,0.0,1.0,0.0,0.0,0.0,2017-05-08,0.0448002,0.0498127,0.0440817,0.0498127,5503.892361111111,314200.2063365541,10,0
2017-05-11,118,0,0.0,0.9593333333333334,0.0406666666666666,2.333333333333333,1.3333333333333333,2017-05-10,0.0473869,0.0509382,0.0463278,0.0505199,2240.083333333333,336266.37058739405,10,0
2017-05-15,119,1,0.0,0.83,0.17,5.0,6.0,2017-05-14,0.0476426,0.0493687,0.0468263,0.0493687,830.0209059233449,335448.51937321265,10,0
2017-05-18,120,0,0.0,1.0,0.0,3.0,4.0,2017-05-17,0.0490084,0.0518496,0.0461532,0.0515411,1953.3402777777776,342706.6533092917,10,0
2017-05-19,121,1,0.0,0.8206666666666665,0.1793333333333333,3.333333333333333,9.333333333333334,2017-05-18,0.0514636,0.052969,0.0489397,0.0518302,2270.968641114983,360910.17016101006,10,0
2017-05-22,122,1,0.0,0.7853333333333333,0.2146666666666666,2.0,2.333333333333333,2017-05-21,0.0807848,0.0863983,0.0730704,0.0817239,8182.707317073171,571579.1820569327,10,0
2017-05-23,123,1,0.0785,0.781,0.14,6.5,6.5,2017-05-22,0.0815702,0.0864192,0.0715865,0.0787042,6089.451388888889,562039.4665733222,10,0
2017-05-25,124,1,0.0,0.635,0.365,5.0,5.0,2017-05-24,0.0808584,0.091223,0.0808584,0.087777,6008.25,619994.5171450191,10,0
2017-05-27,125,1,0.0,0.8,0.2,3.0,2.0,2017-05-26,0.0880711,0.097445,0.0787589,0.0864033,8075.954861111111,636889.2949701438,10,0
2017-05-29,126,1,0.0,0.8554999999999999,0.1445,6.5,10.5,2017-05-28,0.0745811,0.0858482,0.0745811,0.0794508,3581.243902439024,564575.9404346248,10,0
2017-05-30,127,1,0.0,0.859,0.141,4.0,8.5,2017-05-29,0.0793618,0.0823718,0.0751444,0.0804543,3448.486111111112,558683.2485954285,10,0
2017-05-31,128,1,0.0,0.81125,0.18875,3.25,2.5,2017-05-30,0.080933,0.0829636,0.0669461,0.0675132,2266.208333333333,550760.3712135055,10,0
2017-06-01,129,1,0.0,0.882,0.118,0.0,0.0,2017-05-31,0.067843,0.072959,0.0663618,0.0719317,3474.21875,512285.8475279877,10,0
2017-06-02,130,0,0.0,1.0,0.0,4.0,4.0,2017-06-01,0.0719247,0.0841604,0.0701631,0.0814626,1535.5261324041812,539883.396091036,10,0
2017-06-03,131,1,0.0,0.526,0.474,2.0,2.0,2017-06-02,0.0818063,0.0847607,0.0768204,0.0810709,3714.993055555556,576298.8333759189,10,0
2017-06-04,132,1,0.0,0.869,0.131,5.0,7.0,2017-06-03,0.0812312,0.103601,0.0781289,0.101551,5946.020833333333,621646.3159730039,10,0
2017-06-05,133,1,0.0,0.8264285714285714,0.1735714285714285,2.857142857142857,2.4285714285714284,2017-06-04,0.106547,0.12927,0.100003,0.115735,22210.44947735192,785573.0936474159,10,0
2017-06-06,134,1,0.0,0.7130000000000001,0.287,4.666666666666667,4.666666666666667,2017-06-05,0.115785,0.168759,0.115114,0.159753,29615.496527777777,969455.9117400654,10,0
2017-06-07,135,1,0.0,0.8996666666666666,0.1003333333333333,5.0,5.0,2017-06-06,0.159967,0.183195,0.144585,0.17327,36584.770833333336,1166291.5158841766,10,0
2017-06-08,136,0,0.0682857142857142,0.7768571428571428,0.1551428571428571,1.7142857142857142,1.4285714285714286,2017-06-07,0.173184,0.173228,0.134497,0.135135,16105.010714285714,1060154.2921714557,10,0
2017-06-09,137,1,0.0265555555555555,0.8335555555555555,0.1398888888888889,3.2222222222222223,3.6666666666666665,2017-06-08,0.133892,0.144407,0.131005,0.135105,17016.362369337978,971803.7623174452,10,0
2017-06-10,138,1,0.0,0.8220000000000001,0.178,1.5,3.0,2017-06-09,0.135153,0.152373,0.134359,0.143788,5709.395833333333,1007526.55097173,10,0
2017-06-11,139,1,0.0,0.8536666666666667,0.1463333333333333,2.333333333333333,2.6666666666666665,2017-06-10,0.143812,0.152145,0.138717,0.14967,9710.565972222224,1030367.3447621376,10,0
2017-06-12,140,1,0.0,0.72725,0.27275,2.5,1.75,2017-06-11,0.150225,0.15025,0.130491,0.145889,5314.414634146341,997364.6103303218,10,0
2017-06-13,141,1,0.0,0.847,0.153,4.5,3.5,2017-06-12,0.145852,0.145852,0.114186,0.1268,6780.104166666667,925248.3461559662,10,0
2017-06-14,142,1,0.0205,0.672,0.3075,3.0,2.25,2017-06-13,0.126384,0.127281,0.113607,0.119361,8916.609756097561,859381.9554111552,10,0
2017-06-15,143,1,0.0266,0.808,0.1654,2.6,2.8,2017-06-14,0.119354,0.161896,0.117935,0.147055,17984.399305555555,945559.9661903012,10,0
2017-06-16,144,0,0.0,0.8963333333333333,0.1036666666666666,1.6666666666666667,2.333333333333333,2017-06-15,0.149555,0.160458,0.123734,0.14139,37783.57491289199,977102.5077993298,10,0
2017-06-17,145,0,0.0,0.92,0.08,0.5,1.5,2017-06-16,0.142003,0.145881,0.12855,0.14158,19390.194444444445,991941.4485966136,10,0
2017-06-18,146,1,0.0,0.5365,0.4635,7.0,11.0,2017-06-17,0.14158,0.142878,0.131926,0.139259,4781.592334494773,991707.3946099743,10,0
2017-06-19,147,1,0.0,0.892,0.108,3.888888888888889,4.111111111111111,2017-06-18,0.13926,0.139511,0.109279,0.125947,7245.473867595819,925173.1068227348,10,0
2017-06-20,148,0,0.0,0.935,0.065,0.0,0.0,2017-06-19,0.125947,0.142656,0.123532,0.138731,16540.625,928221.9264519964,10,0
2017-06-21,149,1,0.0,0.8488333333333333,0.1511666666666666,2.333333333333333,1.6666666666666667,2017-06-20,0.138731,0.149721,0.12798,0.149686,9702.670138888889,945016.782196074,10,0
2017-06-22,150,1,0.0,0.647,0.353,1.0,0.0,2017-06-21,0.149686,0.172351,0.146943,0.172275,18906.274305555555,1133245.5907848729,10,0
2017-06-23,151,1,0.0,0.8438888888888889,0.1561111111111111,1.6666666666666667,1.4444444444444444,2017-06-22,0.172349,0.172501,0.145442,0.148522,18269.752613240416,1143858.095640082,10,0
2017-06-24,152,1,0.0,0.849,0.151,2.0,0.5,2017-06-23,0.148522,0.197574,0.147746,0.183135,18362.350694444445,1198300.3554572433,10,0
2017-06-25,153,1,0.0271428571428571,0.7932857142857143,0.1795714285714285,5.0,4.285714285714286,2017-06-24,0.183288,0.242737,0.180148,0.212741,48135.26041666666,1440438.9212856372,10,0
2017-06-26,154,1,0.0,0.7373333333333333,0.2626666666666666,2.6666666666666665,2.333333333333333,2017-06-25,0.212966,0.224801,0.175771,0.176615,40551.37630662021,1462939.3064530117,10,0
2017-06-27,155,1,0.0,0.8406666666666668,0.1593333333333333,3.333333333333333,2.333333333333333,2017-06-26,0.176236,0.189731,0.158404,0.170136,20698.326693227093,1223647.991442363,10,0
2017-06-28,156,1,0.085,0.707,0.208,0.0,0.0,2017-06-27,0.183744,0.200669,0.165568,0.189023,19129.234375,1274698.6835471443,10,0
2017-06-29,157,1,0.005,0.7807272727272726,0.2142727272727272,2.727272727272727,1.0,2017-06-28,0.190369,0.191595,0.149233,0.174289,105493.77927927928,1257328.237343529,10,0
2017-07-01,158,1,0.01425,0.7302500000000001,0.2555,3.375,2.5,2017-06-30,0.167238,0.180891,0.163843,0.166615,13265.1875,1220533.9144749318,10,0
2017-07-02,159,1,0.0,0.7496666666666667,0.2503333333333333,1.3333333333333333,1.0,2017-07-01,0.166856,0.178369,0.150914,0.152197,16417.520833333332,1179143.1192982653,10,0
2017-07-03,160,1,0.0,0.7602,0.2398,1.8,2.0,2017-07-02,0.151805,0.162488,0.148649,0.158953,13203.420138888889,1106504.4401865343,10,0
2017-07-04,161,1,0.0,0.7406666666666667,0.2593333333333333,4.333333333333333,5.0,2017-07-03,0.158626,0.179679,0.151168,0.171173,13649.188153310104,1138893.8047005562,10,0
2017-07-05,162,0,0.0863333333333333,0.8356666666666667,0.078,4.0,1.0,2017-07-04,0.174867,0.181503,0.169636,0.176643,19012.125,1246548.7710606554,10,0
2017-07-06,163,0,0.0,0.913,0.087,2.0,6.0,2017-07-05,0.176634,0.176634,0.168665,0.171246,11636.774305555557,1221986.2766944878,10,0
2017-07-07,164,1,0.033,0.8230000000000001,0.144,3.333333333333333,2.6666666666666665,2017-07-06,0.171496,0.174337,0.169919,0.172357,7604.905923344948,1226665.0997357126,10,0
2017-07-08,165,1,0.0,0.805,0.195,5.0,4.0,2017-07-07,0.172149,0.188497,0.136094,0.143879,12730.454861111111,1156736.9412995407,10,0
2017-07-09,166,0,0.0961428571428571,0.856,0.0478571428571428,2.4285714285714284,1.0,2017-07-08,0.143307,0.146891,0.136128,0.140432,11798.131944444443,1018628.805068561,10,0
2017-07-10,167,1,0.0643333333333333,0.7453333333333334,0.1906666666666666,1.3333333333333333,1.3333333333333333,2017-07-09,0.141646,0.155991,0.134562,0.138625,5104.534722222223,1016887.3579036,10,0
2017-07-11,168,1,0.0,0.8415,0.1585,3.5,3.5,2017-07-10,0.138357,0.150996,0.10991,0.113281,8675.811846689896,932397.001472162,10,0
2017-07-12,169,1,0.0,0.888,0.1119999999999999,3.0,2.333333333333333,2017-07-11,0.113454,0.117316,0.0795121,0.0965761,17879.881944444445,674657.0749603617,10,0
2017-07-13,170,0,0.0,1.0,0.0,2.0,5.0,2017-07-12,0.0964327,0.234767,0.0933673,0.116726,12440.41116751269,765870.7161587023,10,0
2017-07-14,171,0,0.096,0.7805,0.1235,3.0,1.0,2017-07-13,0.119428,0.124079,0.0985074,0.10016,14706.75265017668,762386.564994931,10,0
2017-07-16,172,1,0.0187142857142857,0.8322857142857144,0.149,3.142857142857143,4.142857142857143,2017-07-15,0.123199,0.128414,0.0996511,0.0996511,32966.42013888889,836574.6882900835,10,0
2017-07-17,173,0,0.0543333333333333,0.848,0.098,4.333333333333333,4.0,2017-07-16,0.0991632,0.0995555,0.0722238,0.076407,13293.829861111111,599325.2307805824,10,0
2017-07-18,174,1,0.0225,0.806,0.1714999999999999,3.0,2.25,2017-07-17,0.0754643,0.130534,0.0753546,0.104053,33460.79442508711,649993.6189625664,10,0
2017-07-22,175,1,0.0,0.515,0.485,3.0,3.0,2017-07-21,0.128819,0.133156,0.11527,0.116623,6477.268292682927,872235.4419438146,10,0
2017-07-23,176,1,0.0,0.886,0.114,7.0,5.0,2017-07-22,0.117072,0.145943,0.113376,0.12788,5332.041666666667,875992.1551041083,10,0
2017-07-26,177,1,0.0,0.684,0.316,4.0,2.0,2017-07-25,0.131373,0.132158,0.103646,0.107846,5203.166666666667,827876.8220020528,10,0
2017-07-27,178,1,0.0158333333333333,0.7913333333333333,0.1928333333333333,3.8333333333333335,2.6666666666666665,2017-07-26,0.107783,0.116538,0.102484,0.115644,5938.329861111111,772168.9052954512,10,0
2017-07-28,179,0,0.0,1.0,0.0,6.0,3.0,2017-07-27,0.115754,0.128527,0.102931,0.111959,9655.482638888889,805318.0006280652,10,0
2017-07-29,180,1,0.0,0.6085,0.3915,5.0,2.5,2017-07-28,0.111822,0.115612,0.106628,0.109784,26598.28571428572,791345.0119647937,10,0
2017-07-30,181,1,0.0,0.615,0.385,0.0,0.0,2017-07-29,0.110244,0.112477,0.101939,0.104128,3849.305555555556,750136.3954016736,10,0
2017-08-01,182,1,0.0,0.8645,0.1355,6.5,6.5,2017-07-31,0.105272,0.111913,0.103371,0.105488,2891.2369337979094,761320.6020294767,10,0
2017-08-02,183,1,0.0,0.802,0.198,2.5,2.0,2017-08-01,0.105548,0.115257,0.0951608,0.112952,5461.079861111111,764269.3124788611,10,0
2017-08-03,184,1,0.0,0.702,0.298,1.75,0.5,2017-08-02,0.113004,0.113492,0.0986396,0.103891,6861.798611111111,770006.0223182035,10,0
2017-08-04,185,0,0.0,1.0,0.0,1.0,1.0,2017-08-03,0.104042,0.109594,0.0999034,0.109082,14525.541666666666,744937.8939440527,10,0
2017-08-05,186,1,0.0,0.8245,0.1755,2.5,1.25,2017-08-04,0.109097,0.110365,0.102032,0.106291,6521.783972125436,764653.057480591,10,0
2017-08-06,187,1,0.0158,0.8802,0.104,4.0,2.8,2017-08-05,0.106061,0.123589,0.105914,0.116648,11759.34375,821648.5201570961,10,0
2017-08-07,188,0,0.053,0.8569000000000001,0.0901,2.1,1.2,2017-08-06,0.116739,0.125578,0.116133,0.123868,9790.142361111111,873863.8577863456,10,0
2017-08-08,189,0,0.085,0.8143333333333334,0.1006666666666666,1.5,2.1666666666666665,2017-08-07,0.123907,0.265311,0.120155,0.163088,104809.03832752613,1019279.0427776604,10,0
2017-08-09,190,0,0.0,0.935,0.065,2.5,6.0,2017-08-08,0.163327,0.240733,0.157299,0.187768,641295.2326388889,1449649.9085185886,10,0
2017-08-10,191,0,0.0,1.0,0.0,0.0,0.0,2017-08-09,0.184801,0.194036,0.17307,0.184195,262854.40625,1293252.9119279548,10,0
2017-08-14,192,0,0.0,0.932,0.068,3.75,3.0,2017-08-13,0.154327,0.1611,0.136403,0.142851,49789.9375,1074689.9224478698,10,0
2017-08-15,193,1,0.0,0.8718333333333333,0.1281666666666666,0.6666666666666666,0.6666666666666666,2017-08-14,0.142409,0.151986,0.136109,0.150012,19846.14285714286,1051035.187822231,10,0
2017-08-16,194,0,0.0283333333333333,0.899888888888889,0.0717777777777777,1.6666666666666667,1.2222222222222223,2017-08-15,0.150731,0.439328,0.150731,0.432086,1893149.65625,1752064.452522443,10,0
2017-08-17,195,0,0.0181428571428571,0.9632857142857144,0.0185714285714285,0.5714285714285714,0.0,2017-08-16,0.451663,0.476869,0.293006,0.365303,3633330.451388889,2645304.000573982,10,0
2017-08-18,196,1,0.0,0.8633333333333333,0.1366666666666667,4.0,3.6666666666666665,2017-08-17,0.365437,0.385811,0.237312,0.245344,1002568.212543554,2045342.95478589,10,0
2017-08-19,197,1,0.0,0.7466666666666667,0.2533333333333333,3.0,3.6666666666666665,2017-08-18,0.246608,0.313014,0.22614,0.235277,273252.85069444444,1855938.6912401929,10,0
2017-08-20,198,0,0.0,1.0,0.0,9.0,18.0,2017-08-19,0.267219,0.328621,0.224115,0.245516,280956.85069444444,1889463.544053381,10,0
2017-08-23,199,0,0.0,0.9193333333333332,0.0806666666666666,2.6666666666666665,2.0,2017-08-22,0.221912,0.222426,0.181562,0.204298,123887.32986111112,1459145.635177659,10,0
2017-08-24,200,1,0.0233333333333333,0.8256666666666668,0.151,4.666666666666667,7.666666666666667,2017-08-23,0.212877,0.264111,0.199072,0.212758,81037.50694444444,1530745.2140419146,10,0
2017-08-25,201,0,0.0,0.8834,0.1166,4.6,2.6,2017-08-24,0.212206,0.223312,0.200566,0.219997,157740.3275261324,1546044.7784193584,10,0
2017-08-26,202,0,0.0,0.77325,0.22675,2.25,7.75,2017-08-25,0.219755,0.252031,0.207053,0.221961,65317.569444444445,1620286.2109833015,10,0
2017-08-28,203,1,0.0,0.8329999999999999,0.167,0.6666666666666666,2.6666666666666665,2017-08-27,0.230241,0.230866,0.216706,0.217698,19226.63888888889,1623034.8947856044,10,0
2017-08-29,204,1,0.0,0.714,0.286,5.5,4.5,2017-08-28,0.217917,0.332317,0.207518,0.264934,290576.26480836235,1748419.191003157,10,0
2017-08-30,205,1,0.0,0.7335,0.2665,1.25,0.5,2017-08-29,0.266766,0.281475,0.243338,0.266089,515157.4791666667,1966674.8597059504,10,0
2017-08-31,206,0,0.0,1.0,0.0,3.0,1.0,2017-08-30,0.265933,0.269646,0.237365,0.247887,69887.34375,1857631.9084750712,10,0
2017-09-01,207,1,0.0,0.892,0.108,4.0,2.0,2017-08-31,0.247948,0.265687,0.247516,0.265218,40241.3476702509,1888107.290694742,10,0
2017-09-02,208,1,0.026,0.8323333333333333,0.1416666666666666,2.6666666666666665,1.3333333333333333,2017-09-01,0.266218,0.292694,0.252195,0.277611,56394.12847222222,1975804.4152726303,10,0
2017-09-03,209,1,0.0,0.641,0.359,0.0,0.0,2017-09-02,0.27789,0.289682,0.251981,0.270899,54324.9375,1952304.801082784,10,0
2017-09-06,210,1,0.0,0.775,0.225,0.0,0.0,2017-09-05,0.231451,0.232652,0.203882,0.223351,17627.652777777777,1622113.9514349035,10,0
2017-09-07,211,0,0.0,1.0,0.0,9.0,7.0,2017-09-06,0.221665,0.24873,0.221665,0.231862,13186.263888888889,1713653.254951868,10,0
2017-09-08,212,1,0.0,0.764,0.236,5.0,6.0,2017-09-07,0.231957,0.261003,0.221592,0.253758,27531.304659498208,1731430.859528654,10,0
2017-09-10,213,1,0.0,0.877,0.123,9.0,8.0,2017-09-09,0.227987,0.238372,0.218717,0.229909,33666.802083333336,1647297.916044333,10,0
2017-09-12,214,0,0.0105555555555555,0.8748888888888888,0.1145555555555555,2.7777777777777777,2.4444444444444446,2017-09-11,0.228022,0.232484,0.210579,0.220597,5681.682926829269,1631658.5444981928,10,0
2017-09-13,215,0,0.0,0.9635,0.0365,2.0,1.75,2017-09-12,0.220526,0.281554,0.215984,0.262823,67766.65734265734,1812140.2646870168,10,0
2017-09-14,216,0,0.0,0.9874444444444443,0.0125555555555555,1.3333333333333333,0.7777777777777778,2017-09-13,0.266735,0.381832,0.242467,0.270141,690921.4270833334,2083241.5088706573,10,0
2017-09-15,217,1,0.0,0.8734999999999999,0.1265,5.5,5.5,2017-09-14,0.270156,0.34937,0.222798,0.223792,688007.7073170731,1912799.112067319,10,0
2017-09-16,218,0,0.0,1.0,0.0,0.0,0.0,2017-09-15,0.223439,0.241304,0.183516,0.227541,142976.96875,1620090.7725279145,10,0
2017-09-17,219,1,0.0,0.837,0.163,7.0,4.0,2017-09-16,0.229655,0.320011,0.196191,0.25442,145119.23693379792,1724067.0120534156,10,0
2017-09-19,220,0,0.01675,0.86725,0.116,3.75,3.0,2017-09-18,0.248477,0.284649,0.247982,0.263451,115633.78321678322,1964455.04399108,10,0
2017-09-20,221,1,0.0166,0.8071999999999999,0.1762,3.6,2.0,2017-09-19,0.264058,0.272498,0.237692,0.243006,52392.41463414634,1856325.410165156,10,0
2017-09-21,222,0,0.0,1.0,0.0,0.0,0.0,2017-09-20,0.242805,0.257333,0.230985,0.23392,102937.4375,1785282.154488483,10,0
2017-09-22,223,0,0.0348,0.8800000000000001,0.0852,3.8,2.8,2017-09-21,0.236487,0.240647,0.205492,0.206441,54306.15734265735,1662158.514918371,10,0
2017-09-24,224,0,0.0,1.0,0.0,10.0,3.0,2017-09-23,0.210542,0.240888,0.207933,0.234865,172381.375,1656223.4013473128,10,0
2017-09-25,225,-1,0.127,0.8123333333333335,0.0606666666666666,1.6666666666666667,1.3333333333333333,2017-09-24,0.23486,0.248353,0.223602,0.235802,88146.31358885017,1752826.0602766995,10,0
2017-09-26,226,1,0.0,0.7959999999999999,0.204,3.333333333333333,2.6666666666666665,2017-09-25,0.235247,0.253613,0.232357,0.243958,63233.41958041958,1784232.0475602215,10,0
2017-09-28,227,0,0.0,0.8506,0.1493999999999999,3.8,2.6,2017-09-27,0.253447,0.269892,0.249086,0.263564,22460.54861111111,1901774.397415809,10,0
2017-09-29,228,1,0.0,0.708,0.292,8.0,6.0,2017-09-28,0.263116,0.272105,0.253514,0.260345,25423.355400696862,1947062.8036854328,10,0
2017-09-30,229,1,0.0,0.698,0.302,18.0,14.0,2017-09-29,0.259529,0.261293,0.245072,0.248690204,23193.11877740235,1871540.707708128,10,0
2017-10-02,230,0,0.0579999999999999,0.9056666666666668,0.0363333333333333,6.0,2.6666666666666665,2017-10-01,0.258605967,0.263618743,0.253841645,0.258491839,53941.77275432822,1926778.919105468,10,0
2017-10-03,231,1,0.0,0.84,0.16,12.0,6.0,2017-10-02,0.258496764,0.279513443,0.252421624,0.252545902,40278.42610221964,1990117.1643800205,10,0
2017-10-05,232,0,0.0,0.9615,0.0385,6.25,4.75,2017-10-04,0.23879706,0.246937902,0.228056046,0.233727784,21486.357337887937,1766510.5249351494,10,0
2017-10-06,233,0,0.0,1.0,0.0,1.0,0.0,2017-10-05,0.230979771,0.257415566,0.228840658,0.244365655,62331.23968307265,1785257.9738784328,10,0
2017-10-07,234,0,0.0,0.943,0.057,4.833333333333333,4.333333333333333,2017-10-06,0.244206687,0.251629269,0.232355766,0.233102639,30667.6370421296,1806876.0071133992,10,0
2017-10-09,235,0,0.11325,0.61575,0.271,5.0,4.5,2017-10-08,0.232873441,0.237800864,0.194050937,0.194070193,17017.78419483744,1710560.7413801395,10,0
2017-10-10,236,1,0.0,0.763,0.237,0.0,0.0,2017-10-09,0.198112023,0.240418317,0.178242045,0.196293826,49016.34418978381,1510080.6491683032,10,0
2017-10-15,237,0,0.0,1.0,0.0,0.0,0.0,2017-10-14,0.240682296,0.258986146,0.230772502,0.233928786,19639.08176267987,1768356.5113923869,10,0
2017-10-16,238,0,0.0,0.8945000000000001,0.1055,4.5,3.0,2017-10-15,0.234756472,0.301170359,0.23000077,0.277837381,70370.74403225977,1878198.5980933844,10,0
2017-10-19,239,1,0.0515,0.6355,0.313,4.0,3.0,2017-10-18,0.232889822,0.237718364,0.210874801,0.224543885,45300.14365194425,1701259.77403508,10,0
2017-10-20,240,1,0.0,0.83,0.17,1.0,0.0,2017-10-19,0.224100856,0.229623079,0.220259949,0.228530402,87161.04045983923,1702498.5757306763,10,0
2017-10-21,241,0,0.0,1.0,0.0,0.0,0.0,2017-10-20,0.228571445,0.238339818,0.21420807,0.216196744,19838.49139911316,1707474.503923076,10,0
2017-10-22,242,-1,0.258,0.652,0.09,3.0,0.0,2017-10-21,0.21584559,0.225184736,0.207860185,0.216148288,25520.44935808154,1635967.3028596514,10,0
2017-10-23,243,1,0.0,0.67,0.33,7.0,6.0,2017-10-22,0.216146893,0.222917683,0.200056512,0.21331152,13384.318827730493,1578484.696717714,10,0
2017-10-24,244,0,0.0,1.0,0.0,0.0,0.0,2017-10-23,0.213094601,0.213927177,0.194801153,0.198104724,8358.94392689465,1524118.4392130612,10,0
2017-10-29,245,0,0.0364285714285714,0.8727142857142857,0.0908571428571428,1.0,0.1428571428571428,2017-10-28,0.202954353,0.219694295,0.197465471,0.203486005,14768.739272166458,1527368.0437952264,10,0
2017-10-31,246,1,0.0,0.8125,0.1875,2.0,2.5,2017-10-30,0.244567792,0.286741909,0.227100433,0.242709279,496744.7700286488,1796176.0508233842,10,0
2017-11-02,247,1,0.0,0.8335,0.1665,5.25,4.0,2017-11-01,0.234711004,0.235850169,0.219080228,0.235850169,63034.90468294256,1737959.9593174034,10,0
2017-11-06,248,1,0.0,0.767,0.233,8.5,7.5,2017-11-05,0.231202513,0.246144092,0.226133346,0.231468888,35330.49308291492,1767929.579613458,10,0
2017-11-09,249,0,0.0,1.0,0.0,8.0,6.0,2017-11-08,0.23701054,0.252039324,0.23345857,0.251681739,52972.873808838194,1821646.8825271567,10,0
2017-11-10,250,1,0.0,0.71525,0.28475,5.75,2.25,2017-11-09,0.244199381,0.266877363,0.239489968,0.260408999,71105.76243544892,1933475.015082444,10,1
2017-11-13,251,0,0.0,1.0,0.0,0.0,0.0,2017-11-12,0.225874938,0.227060391,0.190974969,0.215381539,34982.35314906832,1611879.3888729603,10,1
2017-11-14,252,0,0.0,1.0,0.0,8.0,1.0,2017-11-13,0.210917677,0.246307684,0.20860839,0.232861648,16669.369283324657,1686611.6096848082,10,1
2017-11-17,253,1,0.0,0.89,0.11,8.0,4.6,2017-11-16,0.261846903,0.28394872,0.252025728,0.276854737,19269.37557521797,1998855.9326819184,10,1
2017-11-18,254,1,0.0,0.861,0.139,8.0,5.0,2017-11-17,0.276748583,0.283932934,0.256226266,0.259338964,40539.44459360803,2054418.2782182845,10,1
2017-11-21,255,0,0.087,0.8354999999999999,0.0775,8.0,7.0,2017-11-20,0.251489085,0.269328942,0.242432511,0.25427876,55767.646022405774,1935768.884350743,10,1
2017-11-24,256,0,0.0,0.864,0.136,0.0,0.0,2017-11-23,0.252465433,0.26023456,0.247118849,0.251003129,30431.00140698109,1915913.8006427505,10,1
2017-11-26,257,-1,0.16,0.84,0.0,0.0,0.0,2017-11-25,0.263377624,0.290997754,0.259541762,0.290997754,318933.4216632526,2098577.2964283954,10,1
2017-11-28,258,0,0.0239999999999999,0.8966666666666666,0.0793333333333333,5.333333333333333,3.333333333333333,2017-11-27,0.2863481,0.308189718,0.2863481,0.301869405,36383.19562170485,2276137.626699,10,1
2017-12-02,259,1,0.0,0.677,0.323,6.0,5.0,2017-12-01,0.308314843,0.330601733,0.29267813,0.323883531,40563.68993950015,2318323.269196847,10,1
2017-12-03,260,1,0.0,0.8045,0.1955,8.5,6.0,2017-12-02,0.323571105,0.338591507,0.31948615,0.325713932,22052.87516027259,2484727.7129406123,10,1
2017-12-04,261,1,0.0173333333333333,0.8671666666666668,0.1155,1.5,0.6666666666666666,2017-12-03,0.322598986,0.353998021,0.320200025,0.334571588,27464.72963461735,2531390.862732028,10,1
2017-12-05,262,0,0.2293333333333333,0.7706666666666667,0.0,1.0,0.0,2017-12-04,0.334994892,0.475796451,0.330210424,0.372619451,408610.2377243149,2751222.1392284534,10,1
2017-12-06,263,1,0.0,0.897,0.103,3.0,0.0,2017-12-05,0.377997791,0.390177482,0.360739365,0.371872379,500304.7798235968,2821338.8569717435,10,1
2017-12-07,264,-1,0.08,0.92,0.0,0.0,0.0,2017-12-06,0.372953047,0.448363261,0.372953047,0.448363261,104746.1906282739,2965980.960713431,10,1
2017-12-09,265,1,0.0,0.722,0.278,3.0,2.0,2017-12-08,0.524757223,0.546906925,0.39785783,0.469690339,312022.4876486691,3244324.1333493185,10,1
2017-12-11,266,1,0.089,0.694,0.217,1.0,0.0,2017-12-10,0.440224284,0.441870436,0.351720977,0.389756153,98179.01273801892,2911945.941141474,10,1
2017-12-12,267,0,0.0,1.0,0.0,0.0,0.0,2017-12-11,0.377335792,0.434996692,0.377335792,0.394195104,57598.86679364663,3076127.1190216616,10,1
2017-12-13,268,1,0.0105,0.907,0.0825,6.0,3.5,2017-12-12,0.395447647,0.637300285,0.369250035,0.435877449,329659.33814085496,3299955.976789521,10,1
2017-12-14,269,0,0.0401666666666666,0.8633333333333333,0.0964999999999999,2.1666666666666665,1.1666666666666667,2017-12-13,0.436422762,0.475429332,0.408522791,0.452265722,501751.176666908,3446095.1795522813,10,1
2017-12-15,270,1,0.0,0.884,0.116,12.0,5.0,2017-12-14,0.452829054,0.473943791,0.422982407,0.469380038,117987.40303479834,3389245.876263285,10,1
2017-12-16,271,1,0.01975,0.789,0.19125,4.0,2.0,2017-12-15,0.467529671,0.476707729,0.436330014,0.4614315,140860.30233209964,3491142.560704893,10,1
2017-12-18,272,0,0.0424444444444444,0.847,0.1105555555555555,3.888888888888889,2.333333333333333,2017-12-17,0.517678862,0.545253376,0.489249754,0.506501632,62730.70810478625,3906451.5499447095,10,1
2017-12-19,273,1,0.0068571428571428,0.7718571428571429,0.2212857142857142,2.2857142857142856,1.0,2017-12-18,0.507418702,0.630388269,0.485672583,0.550917445,206893.8249345897,3986599.1215756647,10,1
2017-12-20,274,1,0.0,0.536,0.464,0.0,0.0,2017-12-19,0.548530235,0.610182895,0.519719915,0.537746741,512397.5547067588,4354989.61082625,10,1
2017-12-21,275,0,0.02325,0.904125,0.072625,4.5,2.625,2017-12-20,0.538087701,0.564655851,0.492061241,0.526856756,207517.84275797207,4058070.986722004,10,1
2017-12-22,276,0,0.0175999999999999,0.9248,0.0576,4.4,2.2,2017-12-21,0.535278361,0.564495755,0.479690312,0.559525161,193602.3945399959,3982855.7480027145,10,1
2017-12-23,277,0,0.0334,0.8184000000000001,0.1482,2.6,1.2,2017-12-22,0.562172445,0.618229598,0.391331728,0.46405987,467493.02907024487,3897148.8070107577,10,1
2017-12-24,278,1,0.0,0.66625,0.33375,13.25,5.75,2017-12-23,0.46697029,0.647033833,0.462262203,0.532445237,439365.1420327853,4165706.813343536,10,1
2017-12-25,279,1,0.0,0.847,0.153,18.0,5.0,2017-12-24,0.534965621,0.599552219,0.484216424,0.599552219,524655.3111059952,4324855.725966775,10,1
2017-12-26,280,0,0.0558999999999999,0.8751,0.0689999999999999,6.6,2.4,2017-12-25,0.601827796,0.771075441,0.552386556,0.732622462,414202.4029955881,5002711.308043953,10,1
2017-12-27,281,1,0.0591666666666666,0.8355,0.1053333333333333,1.8333333333333333,0.0,2017-12-26,0.716709304,0.834501142,0.663862926,0.811140255,948600.129575978,5959900.498362528,10,1
2017-12-28,282,0,0.0213414634146341,0.863609756097561,0.1150731707317073,4.317073170731708,1.5609756097560976,2017-12-27,0.80754118,0.854355274,0.73904174,0.785242937,578348.2541648735,6027351.713343834,10,1
2017-12-29,283,0,0.0427499999999999,0.838625,0.118625,4.1875,2.125,2017-12-28,0.762279235,2.568392621,0.711385286,1.542655283,4101781.577123746,8712853.917992039,10,1
2017-12-30,284,1,0.0,0.900421052631579,0.099578947368421,4.947368421052632,2.3684210526315788,2017-12-29,1.584439881,2.145231396,1.422547399,1.481635955,20690272.86263545,13412265.634557094,10,1
2017-12-31,285,1,0.0,0.9047,0.0953,4.1,1.0,2017-12-30,1.501192023,1.551974696,0.98090269,1.181309603,4675472.314558979,9237720.741632588,10,1
2018-01-01,286,1,0.0,0.8420000000000001,0.158,6.333333333333333,4.0,2017-12-31,1.167941992,1.370805332,1.034315154,1.307149419,2422400.47382258,9226246.446890833,10,1
2018-01-02,287,0,0.1079999999999999,0.8375833333333333,0.0544166666666666,2.333333333333333,0.6666666666666666,2018-01-01,1.318340165,1.318340165,1.115815672,1.231424652,1474982.5631286523,9332438.501143498,10,1
2018-01-03,288,0,0.0342105263157894,0.8799473684210527,0.0858421052631579,3.0,1.631578947368421,2018-01-02,1.237547177,1.512065623,1.161154008,1.463546821,1094776.7482290107,10014591.683928031,10,1
2018-01-04,289,1,0.0046666666666666,0.8633333333333333,0.132,3.4444444444444446,2.333333333333333,2018-01-03,1.45005062,1.902165809,1.361544364,1.662289029,2480510.398111876,12111317.02304692,10,1
2018-01-05,290,0,0.0436315789473684,0.8448947368421053,0.1114736842105263,3.210526315789474,1.1578947368421053,2018-01-04,1.667993427,1.842087824,1.402281246,1.56944753,2659620.9964282857,12008349.403850684,10,1
2018-01-06,291,0,0.0128421052631578,0.8946315789473684,0.0925263157894736,4.0,2.0,2018-01-05,1.567642661,1.749485939,1.353688386,1.611105078,1238173.4516243385,11629166.54487116,10,1
2018-01-07,292,0,0.03485,0.83415,0.131,2.75,0.95,2018-01-06,1.59012535,1.686915405,1.470737141,1.571922061,1148284.7318518537,12282116.030454949,10,1
2018-01-08,293,1,0.018,0.8676666666666667,0.1143333333333333,5.222222222222222,3.0,2018-01-07,1.570175167,1.570175167,1.427740432,1.496717457,1012901.9827526278,11207254.750461308,10,1
2018-01-09,294,1,0.0272857142857142,0.8407142857142856,0.1321428571428571,5.0,2.571428571428572,2018-01-08,1.449010413,1.672064383,1.359572086,1.51894771,1019093.61861429,11743681.572285753,10,1
2018-01-10,295,1,0.023625,0.7945,0.18175,3.25,1.0,2018-01-09,1.506383198,1.587158681,1.341245829,1.399743503,963772.6167245152,11176800.302429892,10,1
2018-01-11,296,0,0.0425,0.8256666666666667,0.1318333333333333,5.666666666666667,3.8333333333333335,2018-01-10,1.410424828,1.497133215,1.233838205,1.473649534,641261.0588030335,10430818.134784743,10,1
2018-01-12,297,0,0.032,0.9258,0.0422,5.8,1.8,2018-01-11,1.479091872,1.482218177,1.141819454,1.15568584,473199.0447935874,9858725.93748078,10,1
2018-01-13,298,0,0.0293809523809523,0.8532857142857143,0.1173333333333333,3.1904761904761907,0.8095238095238095,2018-01-12,1.161658291,1.324371629,1.121808344,1.233210588,256403.90904729007,9490483.05559488,10,1
2018-01-14,299,1,0.0,0.7742,0.2258,7.4,3.8,2018-01-13,1.257991451,1.555051147,1.239566457,1.37445085,410549.2110605299,10579129.90112856,10,1
2018-01-15,300,1,0.0076,0.9032,0.089,8.6,4.2,2018-01-14,1.36910655,1.36910655,1.175209093,1.262916408,469275.5643200701,9585165.455888037,10,1
2018-01-16,301,0,0.0,1.0,0.0,1.5,0.0,2018-01-15,1.260407981,1.34890718,1.210243729,1.210243729,208596.88869638008,9747176.689900495,10,1
2018-01-17,302,0,0.0218571428571428,0.889,0.0891428571428571,8.428571428571429,3.7142857142857135,2018-01-16,1.237618558,1.294374252,0.703606001,0.803548132,166718.06709813743,7417191.871224094,10,1
2018-01-18,303,1,0.0,0.853,0.147,9.0,2.5,2018-01-17,0.801351354,0.836980696,0.63716902,0.80241567,143352.58982692126,5879287.214096304,10,1
2018-01-19,304,1,0.013,0.862,0.1250714285714285,6.928571428571429,2.0,2018-01-18,0.806357508,0.911826158,0.781268418,0.894828112,102866.98442814156,6490182.432357077,10,1
2018-01-20,305,0,0.0,0.9457777777777778,0.0542222222222222,3.888888888888889,1.5555555555555556,2018-01-19,0.892090165,0.998362424,0.826903671,0.902808437,184854.54272117183,6877516.656475031,10,1
2018-01-21,306,1,0.004,0.927,0.0689999999999999,3.857142857142857,1.8571428571428568,2018-01-20,0.921638238,1.055237575,0.915680201,0.987204697,130169.83267776936,7857344.800923341,10,1
2018-01-22,307,1,0.0073636363636363,0.8548181818181818,0.1378181818181818,3.272727272727273,0.9090909090909092,2018-01-21,0.988858651,1.002650042,0.778269878,0.792953263,81746.20753340673,6829957.912151247,10,1
2018-01-23,308,1,0.0,0.9398,0.0602,6.6,3.0,2018-01-22,0.801865713,0.939779401,0.715781462,0.778646161,128919.678087965,6208530.838638698,10,1
2018-01-24,309,1,0.0101111111111111,0.8607777777777778,0.1291111111111111,5.333333333333333,2.0,2018-01-23,0.781308006,0.817805155,0.708395307,0.796585009,83239.82167653603,5885647.644910796,10,1
2018-01-25,310,1,0.0695,0.8105,0.12,14.5,6.75,2018-01-24,0.791037471,0.791037471,0.791037471,0.791037471,61073.867711128,6060231.2861802,10,1
2018-01-26,311,1,0.0036363636363636,0.8504545454545455,0.1459090909090909,4.454545454545454,1.6363636363636365,2018-01-25,0.920601881,0.948026413,0.82636482,0.830866047,116244.66014433112,6846445.418969511,10,1
2018-01-27,312,1,0.0,0.8718,0.1282,2.2,0.4,2018-01-26,0.830056863,0.877306269,0.741355501,0.840139948,74692.38711075218,6367033.645996896,10,1
2018-01-28,313,0,0.0231111111111111,0.852,0.125,1.7777777777777777,0.6666666666666666,2018-01-27,0.83913841,0.894180244,0.815537967,0.867949741,52156.09043336353,6579522.798994596,10,1
2018-01-29,314,0,0.0348333333333333,0.8740833333333334,0.0910833333333333,2.333333333333333,0.5,2018-01-28,0.871451535,0.916542651,0.867036942,0.916542651,54395.76228911905,6840877.193145601,10,1
2018-01-30,315,0,0.0,0.9421666666666668,0.0578333333333333,3.1666666666666665,1.5,2018-01-29,0.920011386,1.10752808,0.883779004,0.976877904,422595.9627980393,7433266.254298379,10,1
2018-01-31,316,0,0.0032727272727272,0.921181818181818,0.0755454545454545,2.4545454545454546,0.9090909090909092,2018-01-30,0.975469331,0.989595825,0.737699893,0.754496071,781522.3768208761,6438084.709256273,10,1
2018-02-01,317,0,0.0377777777777777,0.8667777777777778,0.0954444444444444,4.444444444444445,2.4444444444444446,2018-01-31,0.736999474,0.775319644,0.71143006,0.755388794,202677.17711582125,5594099.773449662,10,1
2018-02-02,318,0,0.0,0.978,0.022,4.5,0.75,2018-02-01,0.758301386,0.76213165,0.525076356,0.546048226,136996.08314587848,4975475.924331055,10,1
2018-02-03,319,1,0.0,0.8651666666666666,0.1348333333333333,7.5,3.333333333333333,2018-02-02,0.542891574,0.543454498,0.402871051,0.491065961,164744.19379730982,3648015.0090592136,10,1
2018-02-04,320,0,0.0,1.0,0.0,0.3333333333333333,0.0,2018-02-03,0.489343258,0.565085706,0.472578636,0.527199607,66386.20824035011,3993884.8534443807,10,1
2018-02-05,321,1,0.0116,0.8795999999999999,0.1088,8.0,4.0,2018-02-04,0.528820214,0.544236245,0.414585733,0.427897786,30743.15138280589,3783994.147776501,10,1
2018-02-06,322,0,0.0,0.8704444444444444,0.1295555555555555,2.7777777777777777,1.4444444444444444,2018-02-05,0.425768918,0.43081453,0.298580675,0.301690707,36889.525273107305,2844708.071818008,10,1
2018-02-07,323,0,0.0,0.861,0.139,0.0,0.0,2018-02-06,0.303112384,0.402352868,0.261011313,0.381504606,67107.09183097542,2495381.618102378,10,1
2018-02-08,324,0,0.017125,0.916625,0.06625,3.375,1.875,2018-02-07,0.378702653,0.420658529,0.34120902,0.377756509,71584.4738915878,3002289.9734232686,10,1
2018-02-09,325,0,0.085,0.8223333333333334,0.0926666666666666,0.3333333333333333,0.0,2018-02-08,0.378262515,0.593717688,0.368434784,0.465218479,183224.90921262067,3439329.637067172,10,1
2018-02-11,326,1,0.0,0.902,0.098,7.0,7.0,2018-02-10,0.498446935,0.516080092,0.470692414,0.502065732,36866.73097667872,3837508.03612192,10,1
2018-02-12,327,0,0.0053,0.9041,0.0905,3.5,2.2,2018-02-11,0.502066872,0.502066872,0.442941309,0.450275483,19289.88899944628,3552656.351152611,10,1
2018-02-13,328,0,0.053,0.9076666666666668,0.0393333333333333,0.6666666666666666,0.0,2018-02-12,0.450874141,0.494871708,0.431089039,0.470609088,45932.32120666702,3561711.824080908,10,1
2018-02-14,329,1,0.042625,0.792625,0.164625,2.5,1.125,2018-02-13,0.47037492,0.479983993,0.433916653,0.441547204,27791.246488508,3535269.609574968,10,1
2018-02-15,330,0,0.02625,0.92475,0.049,4.5,3.0,2018-02-14,0.440884605,0.492416211,0.43189391,0.481356793,22228.632381867723,3547982.004375186,10,1
2018-02-16,331,0,0.0833333333333333,0.8306666666666667,0.086,13.0,7.666666666666667,2018-02-15,0.480956919,0.509406883,0.471617297,0.490583787,17095.306540753867,3777178.652029608,10,0
2018-02-17,332,1,0.0356,0.8438000000000001,0.1206,2.0,0.6,2018-02-16,0.489363967,0.507006679,0.451,0.483754967,19690.75892325761,3744221.760584504,10,0
2018-02-20,333,1,0.0,0.84325,0.15675,10.75,5.0,2018-02-19,0.456577664,0.493666422,0.454513806,0.473595384,13857.612801907013,3599384.2718140027,10,0
2018-02-21,334,0,0.0,0.9595,0.0405,8.0,3.0,2018-02-20,0.473843233,0.83953759,0.456508702,0.456670382,39626.9870925409,4002155.088754296,10,0
2018-02-22,335,0,0.0,0.972,0.028,1.3333333333333333,0.3333333333333333,2018-02-21,0.456273726,0.475715245,0.37018836,0.43860322,36454.97451234933,3345645.608802405,10,0
2018-02-25,336,0,0.0,1.0,0.0,0.0,0.0,2018-02-24,0.428561887,0.46647028,0.40123926,0.416983294,30282.382500170545,3280925.441247192,10,0
2018-02-26,337,0,0.0,1.0,0.0,0.0,0.0,2018-02-25,0.417035838,0.439389706,0.36990947,0.416282541,20049.933233945103,2831439.701366698,10,0
2018-02-27,338,1,0.0213333333333333,0.8103333333333333,0.1683333333333333,29.666666666666668,13.333333333333334,2018-02-26,0.416440241,0.622397163,0.415680836,0.522009762,86003.61187449546,3634792.977019616,10,0
2018-03-06,339,0,0.0,0.938,0.062,5.666666666666667,2.6666666666666665,2018-03-05,0.532852927,0.543984337,0.498759414,0.499322566,16496.454554839187,4028599.5229820814,10,0
2018-03-07,340,1,0.0,0.83,0.1699999999999999,10.0,5.5,2018-03-06,0.496359005,0.523334058,0.448854931,0.450490723,19202.56902285568,3690394.449631812,10,0
2018-03-08,341,0,0.0,1.0,0.0,0.0,0.0,2018-03-07,0.451497163,0.473196103,0.415650623,0.420163869,16308.12317482544,3463619.0659174,10,0
2018-03-09,342,0,0.0,1.0,0.0,0.0,0.0,2018-03-08,0.421529323,0.52735,0.30000007,0.391243929,16758.454364199377,3153800.383339547,10,0
2018-03-11,343,0,0.0,0.9585,0.0415,0.0,0.0,2018-03-10,0.414486787,0.419339589,0.381051787,0.391283757,28069.86002289781,3092968.3377100285,10,0
2018-03-12,344,0,0.0,0.9595,0.0405,0.0,0.0,2018-03-11,0.389619715,0.425767792,0.370618878,0.422318249,17890.17203395533,3044718.2350660497,10,0
2018-03-13,345,0,0.0,1.0,0.0,7.0,2.0,2018-03-12,0.422655907,0.53999994,0.386210747,0.402300434,9584.72036181508,3219383.7286332306,10,0
2018-03-14,346,0,0.0,1.0,0.0,1.75,0.75,2018-03-13,0.400772918,0.53999994,0.392568609,0.396766423,10633.148812513457,3092292.363517184,10,0
2018-03-15,347,0,0.055,0.877,0.068,0.5,0.0,2018-03-14,0.396701218,0.402890931,0.305001798,0.321782972,17152.59786890629,2812444.510676952,10,0
2018-03-16,348,1,0.0,0.9358,0.0642,5.0,2.6,2018-03-15,0.321537772,0.336176361,0.291998616,0.326380495,20994.734394352163,2446559.2506977785,10,0
2018-03-17,349,0,0.0,0.956,0.044,6.5,2.5,2018-03-16,0.326797508,0.32775328,0.287558297,0.28803169,34533.314202682384,2394205.520680678,10,0
2018-03-18,350,1,0.0,0.827,0.173,5.0,2.0,2018-03-17,0.288251026,0.294168397,0.260317725,0.264168546,37981.56785528185,2123604.398304111,10,0
2018-03-19,351,0,0.0223333333333333,0.951,0.0266666666666666,0.3333333333333333,0.0,2018-03-18,0.264242775,0.272427055,0.241752966,0.267607765,22319.92455995288,1992285.8098330216,10,0
2018-03-20,352,-1,0.029,0.971,0.0,0.0,0.0,2018-03-19,0.270619604,0.303999367,0.267486008,0.300178386,8686.138318332738,2196893.654725695,10,0
2018-03-22,353,0,0.0255,0.90075,0.07375,3.0,0.5,2018-03-21,0.319967607,0.334948456,0.310920068,0.319103544,9359.890678639213,2555237.542824872,10,0
2018-03-23,354,1,0.0,0.831,0.169,12.0,2.0,2018-03-22,0.318841998,0.323793082,0.302516987,0.307586,6437.163120142474,2411158.6130073834,10,0
2018-03-25,355,0,0.0195,0.9805,0.0,0.0,0.0,2018-03-24,0.317938579,0.320734102,0.306210678,0.307934881,3328.18146369967,2454161.430935004,10,0
2018-03-26,356,1,0.0,0.78,0.22,1.0,0.0,2018-03-25,0.304234523,0.315009595,0.298116798,0.299567087,4536.695942324093,2345233.06372722,10,0
2018-03-27,357,0,0.07175,0.89875,0.02975,1.5,0.5,2018-03-26,0.299115979,0.31001175,0.274500414,0.286226229,6476.571559186721,2267213.984070699,10,0
2018-03-28,358,0,0.12625,0.8125,0.06125,5.25,2.5,2018-03-27,0.285681415,0.289781,0.249566673,0.259813524,17669.944877226735,2074050.9981906065,10,0
2018-03-29,359,1,0.0,0.8146666666666667,0.1853333333333333,2.6666666666666665,1.0,2018-03-28,0.254174802,0.256609778,0.24104845,0.250519344,26206.06193117901,1924468.8413999944,10,0
2018-03-30,360,0,0.08775,0.854,0.05825,2.25,0.5,2018-03-29,0.250292688,0.255215982,0.214498395,0.219568739,7494.675740877135,1822084.999850931,10,0
2018-03-31,361,1,0.053,0.858,0.089,0.5,0.0,2018-03-30,0.219041409,0.223927503,0.20547721,0.208947628,2822.491651748344,1647028.0967572064,10,0
2018-04-01,362,1,0.0,0.633,0.367,2.0,0.0,2018-03-31,0.208809059,0.220541306,0.208809059,0.213661564,2813.557910447517,1659623.0469549962,10,0
2018-04-02,363,1,0.0,0.863,0.1369999999999999,1.5,0.0,2018-04-01,0.2136911,0.218570955,0.197369891,0.206978849,10448.47473248292,1639206.9343109955,10,0
2018-04-03,364,-1,0.068,0.932,0.0,0.5,0.0,2018-04-02,0.207315068,0.222052971,0.206248623,0.221638053,8199.875465592617,1665209.592964706,10,0
2018-04-04,365,1,0.071,0.757,0.172,1.0,0.0,2018-04-03,0.221840174,0.24545826,0.213645201,0.234950775,9186.760065249258,1788941.9042942838,10,0
2018-04-05,366,0,0.0365,0.935,0.0285,1.0,0.0,2018-04-04,0.234886752,0.248325061,0.217324921,0.234406368,10778.536303975769,1790657.6261294207,10,0
2018-04-07,367,1,0.0,0.83,0.17,1.0,0.0,2018-04-06,0.235492817,0.238080803,0.22644672,0.232543817,8480.277559436829,1802331.0606936745,10,0
2018-04-10,368,1,0.0,0.7665,0.2335,1.5,0.0,2018-04-09,0.238642312,0.244161598,0.227692894,0.231436398,7185.622530517895,1839515.4194601204,10,0
2018-04-11,369,1,0.0,0.915,0.085,0.5,0.0,2018-04-10,0.232070292,0.233548693,0.222844813,0.231691702,10635.861108638772,1787864.0401119986,10,0
2018-04-12,370,0,0.0484999999999999,0.8893333333333334,0.0621666666666666,0.6666666666666666,0.0,2018-04-11,0.231727175,0.249831215,0.231727175,0.245235371,10342.465519760215,1859476.5467933405,10,0
2018-04-14,371,0,0.0396666666666666,0.926,0.0343333333333333,0.3333333333333333,0.0,2018-04-13,0.303076904,0.34489511,0.290944306,0.30473665,23640.871147393496,2444812.824187104,10,0
2018-04-15,372,-1,0.2115,0.758,0.0305,2.0,0.0,2018-04-14,0.305082293,0.334350218,0.304299096,0.314504665,26678.45799775203,2484657.7413017484,10,0
2018-04-16,373,0,0.069,0.827,0.104,0.0,0.0,2018-04-15,0.315016217,0.350979731,0.315016217,0.350979731,15078.232291015158,2639964.5573798288,10,0
2018-04-17,374,0,0.02175,0.916,0.062125,3.125,1.75,2018-04-16,0.351284374,0.354814935,0.30466885,0.313825857,12267.269959074782,2532669.967406269,10,0
2018-04-18,375,0,0.143,0.727,0.1303333333333333,0.6666666666666666,0.0,2018-04-17,0.313930143,0.334616494,0.313119051,0.316422864,16207.059083471975,2537151.1755334027,10,0
2018-04-19,376,1,0.0,0.709,0.291,0.0,0.0,2018-04-18,0.316903837,0.365827688,0.312308894,0.365527568,33367.113208797295,2632542.6035005404,10,0
2018-04-20,377,0,0.0,1.0,0.0,0.0,0.0,2018-04-19,0.365636835,0.382383994,0.356942744,0.382106488,43257.008104960325,2900028.4364895066,10,0
2018-04-21,378,0,0.14,0.727,0.134,0.0,0.0,2018-04-20,0.382223428,0.396893732,0.372331428,0.391994649,22850.17359260258,2975543.790350425,10,0
2018-04-22,379,0,0.04,0.9,0.06,1.0,0.0,2018-04-21,0.392662186,0.395436567,0.355721937,0.362033957,20889.86091633148,2966349.5172587293,10,0
2018-04-23,380,-1,0.198,0.802,0.0,2.0,0.0,2018-04-22,0.362768806,0.396037622,0.347408466,0.374915669,29341.77615989548,2938070.281635081,10,0
2018-04-24,381,0,0.0,0.9513333333333334,0.0486666666666666,0.3333333333333333,0.0,2018-04-23,0.374737303,0.375640175,0.35663842,0.364989097,27273.961136566377,2879650.8198760147,10,0
2018-04-27,382,1,0.0,0.849,0.151,3.0,2.0,2018-04-26,0.379112848,0.386656543,0.35192034,0.386656543,51894.18704254675,2887866.135125373,10,0
2018-04-28,383,1,0.0,0.8570000000000001,0.143,6.0,3.0,2018-04-27,0.386776296,0.388442695,0.362786516,0.362786516,27796.626036931782,2958212.663880504,10,0
2018-04-29,384,-1,0.0575,0.9425,0.0,0.0,0.0,2018-04-28,0.361595312,0.41641929,0.360106859,0.397125323,29757.510923482456,3067244.1485449546,10,0
2018-04-30,385,-1,0.174,0.826,0.0,0.0,1.0,2018-04-29,0.397340556,0.414486815,0.38071325,0.400174877,29253.180161175573,3157656.5037341216,10,0
2018-05-01,386,0,0.0,0.839,0.161,0.3333333333333333,0.0,2018-04-30,0.400048142,0.407441109,0.361288118,0.364755872,22273.90754043849,3054561.067261663,10,0
2018-05-06,387,1,0.0,0.881,0.119,6.0,1.0,2018-05-05,0.363723126,0.387868599,0.356852677,0.360701175,23658.328111024468,2924512.792180817,10,0
2018-05-07,388,0,0.0,1.0,0.0,0.0,0.0,2018-05-06,0.360818721,0.382104236,0.345628958,0.360211425,8859.210549551568,2848851.908471237,10,0
2018-05-10,389,-1,0.1593333333333333,0.8406666666666668,0.0,0.3333333333333333,0.0,2018-05-09,0.341225164,0.343442398,0.321028435,0.330631774,10727.465959273455,2651755.5506956903,10,0
2018-05-11,390,0,0.0,1.0,0.0,2.0,0.0,2018-05-10,0.330472202,0.355835811,0.322934957,0.349213179,12858.614224321736,2708656.811466243,10,0
2018-05-13,391,1,0.0,0.8075,0.1925,0.0,0.0,2018-05-12,0.299981694,0.308508297,0.278171727,0.300165,20250.177987706367,2380063.089300168,10,0
2018-05-14,392,0,0.0,1.0,0.0,1.0,0.0,2018-05-13,0.299976113,0.346755046,0.299976113,0.320267808,9473.067776284468,2494027.779902217,10,0
2018-05-15,393,-1,0.1415,0.8585,0.0,0.0,0.0,2018-05-14,0.319842751,0.336561727,0.301552177,0.332796877,8263.329311132347,2541573.37065255,10,0
2018-05-16,394,0,0.0,1.0,0.0,32.0,13.0,2018-05-15,0.332479363,0.3352284,0.304314117,0.306365677,8006.155594554584,2580411.963498338,10,0
2018-05-17,395,1,0.049,0.737,0.214,6.0,1.0,2018-05-16,0.305956562,0.351482035,0.294085266,0.307793627,5541.912015190742,2458666.447517679,10,0
2018-05-18,396,-1,0.47,0.53,0.0,1.0,0.0,2018-05-17,0.307772041,0.360802956,0.274735564,0.279993715,5925.617873107529,2456470.7319902745,10,0
2018-05-19,397,0,0.0853333333333333,0.7996666666666666,0.1149999999999999,0.6666666666666666,0.0,2018-05-18,0.279926542,0.289782876,0.269218974,0.289496964,5950.797995338335,2230060.493428804,10,0
2018-05-23,398,0,0.0,1.0,0.0,0.0,0.0,2018-05-22,0.283200602,0.286988281,0.269851289,0.280319254,8246.994292482457,2246228.8036233103,10,0
2018-05-24,399,0,0.0,1.0,0.0,2.0,1.0,2018-05-23,0.279985158,0.280303282,0.245917484,0.251821874,14373.230958661765,2122823.2290416434,10,0
2018-05-25,400,0,0.0,0.9444,0.0556,5.2,2.0,2018-05-24,0.251410955,0.257295295,0.241059226,0.24889646,16094.430169432528,2001816.486460154,10,0
2018-05-27,401,1,0.0,0.8505,0.1495,3.5,3.0,2018-05-26,0.24010844,0.277749222,0.23295337,0.233128888,5709.440344871263,1919561.434888556,10,0
2018-05-28,402,0,0.0,1.0,0.0,1.0,0.0,2018-05-27,0.23333434,0.277749222,0.23034499,0.231934248,2246.49868046933,1880568.714043245,10,0
2018-05-29,403,0,0.0,1.0,0.0,0.0,0.0,2018-05-28,0.232377983,0.277749222,0.224583094,0.225910546,14134.938801558905,1852643.162502892,10,0
2018-05-31,404,0,0.0,1.0,0.0,0.0,0.0,2018-05-30,0.239111816,0.277749222,0.228404134,0.230789074,11436.934997569422,1880768.034965449,10,0
2018-06-04,405,1,0.0,0.733,0.267,0.0,0.0,2018-06-03,0.246701955,0.277749222,0.242123594,0.251528967,6818.804723552058,2010245.8612841447,10,0
2018-06-05,406,0,0.0,1.0,0.0,0.0,0.0,2018-06-04,0.251654274,0.277749222,0.237495968,0.238804622,2734.139717226019,1973291.4178432715,10,0
2018-06-08,407,1,0.0,0.886,0.114,0.0,0.0,2018-06-07,0.22515879,0.233956019,0.222421041,0.229128167,5836.504007460183,1880400.277314483,10,0
2018-06-10,408,1,0.0,0.769,0.231,2.0,0.0,2018-06-09,0.221842528,0.33686066,0.215916687,0.222273574,6305.99238311264,1796407.5734886725,10,0
2018-06-11,409,1,0.0,0.609,0.391,2.0,1.0,2018-06-10,0.222271404,0.228637697,0.195316696,0.199330063,2023.6926932748377,1653109.299640025,10,0
2018-06-13,410,1,0.0,0.9283333333333332,0.0716666666666666,3.6666666666666665,3.0,2018-06-12,0.197689002,0.201004354,0.183833996,0.183836857,4180.261430817517,1539174.4693972724,10,0
2018-06-16,411,0,0.0973333333333333,0.8653333333333334,0.0373333333333333,0.0,0.3333333333333333,2018-06-15,0.16786563,0.16981103,0.163111794,0.164666659,2901.381076349112,1335675.424784921,10,0
2018-06-17,412,1,0.0,0.8365,0.1634999999999999,0.0,0.0,2018-06-16,0.164751217,0.164751217,0.14427214,0.155458092,5895.947052006545,1256358.1306778584,10,0
2018-06-18,413,0,0.0,1.0,0.0,0.0,0.0,2018-06-17,0.156330657,0.156331313,0.15023761,0.151592734,1012.9095987612546,1229750.8619241817,10,0
2018-06-19,414,1,0.101,0.651,0.248,1.5,0.5,2018-06-18,0.151592984,0.157498836,0.146612772,0.154969782,820.4071723440966,1210514.519744177,10,0
2018-06-20,415,0,0.0,1.0,0.0,0.0,0.0,2018-06-19,0.154969782,0.157507622,0.153512526,0.154127307,1925.6136106570648,1251773.9334281124,10,0
2018-06-23,416,0,0.0,1.0,0.0,0.0,0.0,2018-06-22,0.155127208,0.159280362,0.142207735,0.14378985,2476.158417757136,1200587.820094145,10,0
2018-06-25,417,0,0.0,1.0,0.0,0.0,0.0,2018-06-24,0.142291427,0.14508598,0.122690113,0.141276399,1353.9003380451447,1087076.9514505551,10,0
2018-06-26,418,0,0.0,1.0,0.0,1.0,0.0,2018-06-25,0.141276399,0.143887275,0.129068904,0.133495156,1510.7676837543013,1081786.9952893013,10,0
2018-06-28,419,0,0.0,1.0,0.0,0.0,0.0,2018-06-27,0.125237688,0.127789604,0.120635472,0.122676231,1487.5935145272165,992929.6835624586,10,0
2018-07-01,420,0,0.0,1.0,0.0,2.0,1.0,2018-06-30,0.101719154,0.130403001,0.100499627,0.130403001,2554.090242476006,934263.2859142048,10,0
