Date,Unnamed: 0,compound,negative,neutral,positive,likes,retweets,Open,High,Low,Close,Volume,Market Cap,Time Open,Time High,Time Low,Time Close,order_number,risk_of_PAD
2017-11-01,0,0,0.0,1.0,0.0,7.2,2.0,0.0027824700810015,0.0027970399241894,0.0024423499125987,0.0025104600936174,1398750.0,164505906.057,2017-11-01T00:00:00.000Z,2017-11-01T00:14:25.000Z,2017-11-01T20:39:25.000Z,2017-11-01T23:59:59.999Z,3,0
2017-11-02,1,1,0.0,0.7638,0.2362,4.8,1.4,0.002523629926145,0.0026242199819535,0.0021410800982266,0.0023117798846215,1429590.0,151486764.778,2017-11-02T00:00:00.000Z,2017-11-02T02:54:23.000Z,2017-11-02T11:09:25.000Z,2017-11-02T23:59:59.999Z,3,0
2017-11-03,2,0,0.0,0.9616,0.0384,9.8,3.2,0.0023038999643176,0.0023729701060801,0.0021152799017727,0.0022273398935794,1588360.0,145953564.206,2017-11-03T00:00:00.000Z,2017-11-03T06:19:23.000Z,2017-11-03T20:09:23.000Z,2017-11-03T23:59:59.999Z,3,0
2017-11-04,3,1,0.045,0.837,0.117,6.0,2.0,0.0022279699333012,0.0023252100218087,0.0021230999846011,0.002127950079739,1696040.0,139440717.157,2017-11-04T00:00:00.000Z,2017-11-04T14:39:23.000Z,2017-11-04T23:54:23.000Z,2017-11-04T23:59:59.999Z,3,0
2017-11-06,4,0,0.02825,0.925625,0.046125,0.375,0.0,0.0022134599275887,0.0022891499102115,0.0020740900654345,0.0021253700833767,1719120.0,139271654.42,2017-11-06T00:00:00.000Z,2017-11-06T03:14:27.000Z,2017-11-06T15:24:26.000Z,2017-11-06T23:59:59.999Z,3,0
2017-11-07,5,0,0.0,1.0,0.0,9.8,4.0,0.0021449299529194,0.0022630998864769,0.0020993601065129,0.0021835200022906,1497470.0,143082118.812,2017-11-07T00:00:00.000Z,2017-11-07T08:49:25.000Z,2017-11-07T00:44:25.000Z,2017-11-07T23:59:59.999Z,3,0
2017-11-10,6,0,0.0781666666666666,0.7995,0.1223333333333333,2.333333333333333,0.6666666666666666,0.0023350999690592,0.0023496900685131,0.0019887799862772,0.0020125999581068,2193620.0,131882040.156,2017-11-10T00:00:00.000Z,2017-11-10T01:09:24.000Z,2017-11-10T21:24:25.000Z,2017-11-10T23:59:59.999Z,3,0
2017-11-11,7,0,0.0,1.0,0.0,12.666666666666666,4.333333333333333,0.0020262999460101,0.0022976798936724,0.0018904999596998,0.002003249945119,1748460.0,131269351.557,2017-11-11T00:00:00.000Z,2017-11-11T11:34:24.000Z,2017-11-11T16:09:25.000Z,2017-11-11T23:59:59.999Z,3,0
2017-11-12,8,0,0.0,1.0,0.0,0.0,0.0,0.0020057898946106,0.0020057898946106,0.0016843499615788,0.0017826199764385,2174370.0,116811866.453,2017-11-12T00:00:00.000Z,2017-11-12T00:04:25.000Z,2017-11-12T06:54:24.000Z,2017-11-12T23:59:59.999Z,3,0
2017-11-13,9,0,0.0,1.0,0.0,0.0,0.0,0.001795409945771,0.0021461900323629,0.0017707300139591,0.0021118100266903,2889150.0,138562595.981,2017-11-13T00:00:00.000Z,2017-11-13T13:24:27.000Z,2017-11-13T00:19:25.000Z,2017-11-13T23:59:59.999Z,3,0
2017-11-14,10,1,0.0,0.8943333333333333,0.1056666666666666,4.111111111111111,1.5555555555555556,0.0021112100221216,0.002565860049799,0.0020632299128919,0.0024850899353623,4040400.0,163054688.464,2017-11-14T00:00:00.000Z,2017-11-14T17:29:32.000Z,2017-11-14T00:14:24.000Z,2017-11-14T23:59:59.999Z,3,0
2017-11-15,11,0,0.0,0.8914,0.1086,5.6,2.0,0.0024442900903522,0.0025000700261443,0.0021880900021642,0.002322319895029,5008060.0,152374829.126,2017-11-15T00:00:00.000Z,2017-11-15T00:44:26.000Z,2017-11-15T17:29:32.000Z,2017-11-15T23:59:59.999Z,3,0
2017-11-16,12,-1,0.106,0.8827499999999999,0.011375,4.875,1.125,0.0023234500549733,0.0023377800825983,0.0018227200489491,0.002209180034697,5082450.0,144951352.531,2017-11-16T00:00:00.000Z,2017-11-16T01:54:25.000Z,2017-11-16T11:24:29.000Z,2017-11-16T23:59:59.999Z,3,0
2017-11-17,13,-1,0.0925,0.8585,0.049,1.0,0.0,0.0021869901102036,0.0021887300536036,0.0019494800362735,0.0019840400200337,5720510.0,130179198.379,2017-11-17T00:00:00.000Z,2017-11-17T00:09:29.000Z,2017-11-17T21:44:29.000Z,2017-11-17T23:59:59.999Z,3,0
2017-11-18,14,1,0.0,0.805,0.195,2.0,0.4,0.0019799799192696,0.0020426500122994,0.001905670040287,0.00202800007537,5709820.0,133063554.32,2017-11-18T00:00:00.000Z,2017-11-18T23:39:30.000Z,2017-11-18T14:49:26.000Z,2017-11-18T23:59:59.999Z,3,0
2017-11-19,15,1,0.0,0.8335,0.1664999999999999,11.25,2.75,0.0020202700980007,0.002112670103088,0.0019511500140652,0.002001600107178,4289470.0,131331366.039,2017-11-19T00:00:00.000Z,2017-11-19T06:34:27.000Z,2017-11-19T21:59:28.000Z,2017-11-19T23:59:59.999Z,3,0
2017-11-20,16,0,0.0,1.0,0.0,73.28571428571429,22.0,0.001992650097236,0.0021847200114279,0.001992650097236,0.0021337699145078,3909200.0,140003461.687,2017-11-20T00:00:00.000Z,2017-11-20T22:24:34.000Z,2017-11-20T00:04:27.000Z,2017-11-20T23:59:59.999Z,3,0
2017-11-21,17,0,0.0,1.0,0.0,0.0,0.0,0.0021481800358742,0.0021993499249219,0.0020049600861966,0.002143430057913,3417520.0,140637285.126,2017-11-21T00:00:00.000Z,2017-11-21T18:54:35.000Z,2017-11-21T05:24:33.000Z,2017-11-21T23:59:59.999Z,3,0
2017-11-22,18,1,0.0186666666666666,0.8483333333333333,0.133,7.666666666666667,2.833333333333333,0.0021456799004226,0.002540280111134,0.0021219800692051,0.0023024200927466,4119730.0,151069126.596,2017-11-22T00:00:00.000Z,2017-11-22T09:44:32.000Z,2017-11-22T02:49:34.000Z,2017-11-22T23:59:59.999Z,3,0
2017-11-23,19,1,0.0273333333333333,0.749,0.2233333333333333,10.0,4.666666666666667,0.0023114499635994,0.0024286799598485,0.0020428600255399,0.0021049799397587,4402340.0,138114457.876,2017-11-23T00:00:00.000Z,2017-11-23T04:34:31.000Z,2017-11-23T20:34:30.000Z,2017-11-23T23:59:59.999Z,3,0
2017-11-24,20,-1,0.1456,0.7998000000000001,0.0546,1.4,0.4,0.0021056199911981,0.0021629000548273,0.0019690298940986,0.0020248899236321,4204470.0,132859497.291,2017-11-24T00:00:00.000Z,2017-11-24T00:49:30.000Z,2017-11-24T09:24:28.000Z,2017-11-24T23:59:59.999Z,3,0
2017-11-25,21,-1,0.1163333333333333,0.8563333333333333,0.0273333333333333,0.0,0.0,0.0020271700341254,0.0021092800889164,0.0019929399713873,0.0020479399245232,4704770.0,134371881.378,2017-11-25T00:00:00.000Z,2017-11-25T14:09:33.000Z,2017-11-25T02:29:30.000Z,2017-11-25T23:59:59.999Z,3,0
2017-11-26,22,-1,0.083,0.889,0.028,0.5,0.5,0.0020495799835771,0.0021897701080888,0.001971110003069,0.0021381399128586,6245890.0,140471933.238,2017-11-26T00:00:00.000Z,2017-11-26T19:44:30.000Z,2017-11-26T13:54:29.000Z,2017-11-26T23:59:59.999Z,3,0
2017-11-27,23,0,0.0,0.8335,0.1665,18.0,3.5,0.0021506301127374,0.0022245598956942,0.0020088900346308,0.0020616000983864,6405580.0,135546473.607,2017-11-27T00:00:00.000Z,2017-11-27T04:59:31.000Z,2017-11-27T12:09:33.000Z,2017-11-27T23:59:59.999Z,3,0
2017-11-28,24,0,0.0,1.0,0.0,27.0,9.0,0.0020616599358618,0.0023904999252408,0.0019905599765479,0.0023080199025571,6065010.0,151748143.197,2017-11-28T00:00:00.000Z,2017-11-28T15:09:36.000Z,2017-11-28T02:04:30.000Z,2017-11-28T23:59:59.999Z,3,0
2017-11-29,25,0,0.0,1.0,0.0,9.0,3.5,0.0023101500701159,0.0026096599176526,0.0019351700320839,0.0020682699978351,7852660.0,135985014.051,2017-11-29T00:00:00.000Z,2017-11-29T14:19:36.000Z,2017-11-29T19:49:38.000Z,2017-11-29T23:59:59.999Z,3,0
2017-11-30,26,0,0.0,0.9035,0.0964999999999999,10.833333333333334,3.5,0.0020902000833302,0.0023003099486231,0.0020307700615376,0.0022438101004809,4155450.0,147526451.758,2017-11-30T00:00:00.000Z,2017-11-30T04:59:29.000Z,2017-11-30T13:59:34.000Z,2017-11-30T23:59:59.999Z,3,0
2017-12-01,27,-1,0.0917142857142857,0.818,0.0902857142857142,5.571428571428571,2.2857142857142856,0.0022410100791603,0.0022465800866484,0.0020568200852721,0.0021180899348109,6294070.0,139260589.0,2017-12-01T00:00:00.000Z,2017-12-01T00:34:29.000Z,2017-12-01T09:19:30.000Z,2017-12-01T23:59:59.999Z,3,0
2017-12-02,28,-1,0.0852,0.8882,0.0266,1.0,0.0,0.0021102901082485,0.0022119299974292,0.0020319600589573,0.0020727899391204,5760180.0,136282195.881,2017-12-02T00:00:00.000Z,2017-12-02T01:54:32.000Z,2017-12-02T16:49:34.000Z,2017-12-02T23:59:59.999Z,3,0
2017-12-03,29,1,0.0,0.8685,0.1315,1.0,0.0,0.002079979982227,0.0022040500771254,0.0020335300359874,0.0021159800235182,7261200.0,139121860.314,2017-12-03T00:00:00.000Z,2017-12-03T13:04:32.000Z,2017-12-03T22:14:33.000Z,2017-12-03T23:59:59.999Z,3,0
2017-12-06,30,0,0.0321818181818181,0.9081818181818182,0.0596363636363636,0.5454545454545454,0.0,0.0020679500885307,0.0040767798200249,0.0020679500885307,0.003054830012843,33314700.0,200849550.82,2017-12-06T00:00:00.000Z,2017-12-06T21:09:43.000Z,2017-12-06T00:04:40.000Z,2017-12-06T23:59:59.999Z,3,0
2017-12-07,31,0,0.00753125,0.90071875,0.09178125,6.21875,2.3125,0.0031337800901383,0.0058076600544154,0.0029742100741714,0.0042745601385831,44215300.0,281044593.628,2017-12-07T00:00:00.000Z,2017-12-07T04:19:36.000Z,2017-12-07T00:19:38.000Z,2017-12-07T23:59:59.999Z,3,0
2017-12-08,32,0,0.0356,0.9144,0.05,11.4,3.0,0.0043109101243317,0.0047310697846114,0.0036817600484937,0.0043944302015006,21605600.0,288925829.46,2017-12-08T00:00:00.000Z,2017-12-08T08:24:33.000Z,2017-12-08T05:44:37.000Z,2017-12-08T23:59:59.999Z,3,0
2017-12-09,33,0,0.0,0.9591428571428572,0.0408571428571428,0.7142857142857143,0.2857142857142857,0.0044410498812794,0.0047892900183796,0.0043048099614679,0.0044732801616191,17520500.0,294110074.437,2017-12-09T00:00:00.000Z,2017-12-09T05:24:45.000Z,2017-12-09T18:04:42.000Z,2017-12-09T23:59:59.999Z,3,0
2017-12-10,34,0,0.0,0.9456,0.0544,0.4,0.2,0.0044521801173686,0.0046303099952638,0.0034889299422502,0.0044077299535274,18145200.0,289800280.42,2017-12-10T00:00:00.000Z,2017-12-10T14:04:36.000Z,2017-12-10T04:09:41.000Z,2017-12-10T23:59:59.999Z,3,0
2017-12-11,35,0,0.0,0.911,0.089,16.727272727272727,7.181818181818182,0.0044356300495564,0.005281529854983,0.0043832901865243,0.005281529854983,20137200.0,347251051.005,2017-12-11T00:00:00.000Z,2017-12-11T23:59:41.000Z,2017-12-11T00:14:38.000Z,2017-12-11T23:59:59.999Z,3,0
2017-12-12,36,0,0.0118,0.936775,0.051425,4.55,1.275,0.005176989827305,0.0076750298030674,0.0049025500193238,0.0076132398098707,48699100.0,500556768.882,2017-12-12T00:00:00.000Z,2017-12-12T23:39:42.000Z,2017-12-12T04:14:41.000Z,2017-12-12T23:59:59.999Z,3,0
2017-12-13,37,1,0.0195,0.8543235294117647,0.1261764705882353,7.147058823529412,2.9411764705882355,0.0076138000003993,0.0180939994752407,0.0068227499723434,0.0164599996060132,174319008.0,1082215248.15,2017-12-13T00:00:00.000Z,2017-12-13T23:14:44.000Z,2017-12-13T02:59:40.000Z,2017-12-13T23:59:59.999Z,3,0
2017-12-14,38,0,0.0088958333333333,0.9311666666666666,0.0598958333333333,9.4375,3.0625,0.0164446998387575,0.0200635008513927,0.0151139004155993,0.0176899991929531,192816992.0,1163085524.89,2017-12-14T00:00:00.000Z,2017-12-14T13:49:45.000Z,2017-12-14T03:34:46.000Z,2017-12-14T23:59:59.999Z,3,0
2017-12-15,39,0,0.0057142857142857,0.9423571428571428,0.0519285714285714,10.023809523809524,2.9047619047619047,0.0174196995794773,0.0184336006641387,0.0145795000717043,0.0184336006641387,139710000.0,1211975880.82,2017-12-15T00:00:00.000Z,2017-12-15T23:59:46.000Z,2017-12-15T02:54:42.000Z,2017-12-15T23:59:59.999Z,3,1
2017-12-16,40,0,0.026891304347826,0.8975869565217391,0.0755217391304347,8.195652173913043,4.065217391304348,0.0184048991650342,0.0373274981975555,0.0184048991650342,0.0362705998122692,336496000.0,2384726390.0,2017-12-16T00:00:00.000Z,2017-12-16T23:54:49.000Z,2017-12-16T00:04:50.000Z,2017-12-16T23:59:59.999Z,3,1
2017-12-17,41,0,0.0178571428571428,0.909142857142857,0.073,13.833333333333334,2.761904761904762,0.0376695990562438,0.0413872003555297,0.0345988981425762,0.0361902005970478,338444992.0,2379440235.33,2017-12-17T00:00:00.000Z,2017-12-17T01:04:47.000Z,2017-12-17T19:04:58.000Z,2017-12-17T23:59:59.999Z,3,1
2017-12-18,42,1,0.0206136363636363,0.8336136363636364,0.14575,5.295454545454546,0.9318181818181818,0.0363721996545791,0.0469123981893062,0.032633900642395,0.0445886999368667,369401984.0,2931626429.83,2017-12-18T00:00:00.000Z,2017-12-18T08:54:48.000Z,2017-12-18T01:39:47.000Z,2017-12-18T23:59:59.999Z,3,1
2017-12-19,43,0,0.0103170731707317,0.911780487804878,0.0779268292682927,58.63414634146341,17.365853658536587,0.0444419011473655,0.0539586991071701,0.0401447005569934,0.0468478016555309,235095008.0,3080158171.45,2017-12-19T00:00:00.000Z,2017-12-19T09:39:40.000Z,2017-12-19T21:54:34.000Z,2017-12-19T23:59:59.999Z,3,1
2017-12-20,44,0,0.0096041666666666,0.919125,0.07125,10.875,3.7083333333333335,0.0468523986637592,0.0488829985260963,0.0366687998175621,0.0488829985260963,317193984.0,3213968892.78,2017-12-20T00:00:00.000Z,2017-12-20T23:59:31.000Z,2017-12-20T06:34:35.000Z,2017-12-20T23:59:59.999Z,3,1
2017-12-21,45,1,0.0030217391304347,0.8934130434782609,0.1035434782608695,17.82608695652174,6.673913043478261,0.049966100603342,0.0709078013896942,0.0397339984774589,0.0459690988063812,460308000.0,3022385234.73,2017-12-21T00:00:00.000Z,2017-12-21T04:29:31.000Z,2017-12-21T21:29:37.000Z,2017-12-21T23:59:59.999Z,3,1
2017-12-22,46,1,0.0164130434782608,0.8897608695652174,0.0938478260869565,17.217391304347824,5.086956521739131,0.045661699026823,0.0463697016239166,0.0226163007318973,0.0390739999711513,494380000.0,2569044872.79,2017-12-22T00:00:00.000Z,2017-12-22T00:19:34.000Z,2017-12-22T14:29:46.000Z,2017-12-22T23:59:59.999Z,3,1
2017-12-23,47,1,0.0065869565217391,0.875891304347826,0.1175,23.76086956521739,11.630434782608695,0.0403002984821796,0.0570629984140396,0.0359751991927623,0.051791101694107,503996992.0,3405171211.32,2017-12-23T00:00:00.000Z,2017-12-23T23:39:39.000Z,2017-12-23T06:29:32.000Z,2017-12-23T23:59:59.999Z,3,1
2017-12-24,48,1,0.013063829787234,0.873595744680851,0.1133404255319149,77.42553191489361,28.0,0.0514730997383594,0.0517424009740352,0.0332645997405052,0.0362085998058319,230931008.0,2380650002.07,2017-12-24T00:00:00.000Z,2017-12-24T00:09:44.000Z,2017-12-24T18:29:49.000Z,2017-12-24T23:59:59.999Z,3,1
2017-12-25,49,0,0.0204864864864864,0.8738108108108109,0.1057027027027027,43.32432432432432,9.83783783783784,0.0367062017321586,0.0417916998267173,0.0332962982356548,0.0351773984730243,189610000.0,2312850465.99,2017-12-25T00:00:00.000Z,2017-12-25T02:04:15.000Z,2017-12-25T10:54:15.000Z,2017-12-25T23:59:59.999Z,3,1
2017-12-26,50,1,0.0194285714285714,0.8637142857142858,0.1168392857142857,88.33928571428571,27.053571428571427,0.0357479006052017,0.0454731993377208,0.0328375995159149,0.037831500172615,263744992.0,2487352743.64,2017-12-26T00:00:00.000Z,2017-12-26T14:09:14.000Z,2017-12-26T00:14:14.000Z,2017-12-26T23:59:59.999Z,3,1
2017-12-27,51,0,0.0268717948717948,0.8847435897435898,0.0883846153846153,78.02564102564102,22.743589743589745,0.0378298982977867,0.0413252003490924,0.0353624001145362,0.0368309989571571,173156000.0,2421571677.06,2017-12-27T00:00:00.000Z,2017-12-27T09:39:14.000Z,2017-12-27T20:19:13.000Z,2017-12-27T23:59:59.999Z,3,1
2017-12-28,52,0,0.022690909090909,0.8902545454545454,0.0870727272727272,69.21818181818182,23.145454545454545,0.0367219001054763,0.0419735014438629,0.0322576016187667,0.0419735014438629,261940992.0,2759681756.87,2017-12-28T00:00:00.000Z,2017-12-28T23:59:13.000Z,2017-12-28T02:59:14.000Z,2017-12-28T23:59:59.999Z,3,1
2017-12-29,53,1,0.0051020408163265,0.908469387755102,0.0864081632653061,122.6122448979592,27.693877551020407,0.0420074015855789,0.0431615002453327,0.0347568988800048,0.0363483987748622,246896992.0,2389841599.38,2017-12-29T00:00:00.000Z,2017-12-29T00:19:13.000Z,2017-12-29T11:04:14.000Z,2017-12-29T23:59:59.999Z,3,1
2017-12-30,54,0,0.0373513513513513,0.8620540540540541,0.1005675675675675,64.67567567567568,19.75675675675676,0.0363572016358375,0.0387956015765666,0.0311165004968643,0.0364126004278659,256698000.0,2394062633.33,2017-12-30T00:00:00.000Z,2017-12-30T20:44:14.000Z,2017-12-30T13:19:13.000Z,2017-12-30T23:59:59.999Z,3,1
2017-12-31,55,1,0.0073,0.8717333333333334,0.1209666666666666,219.46666666666667,58.43333333333333,0.0361285991966724,0.0452576987445354,0.0346807986497879,0.0447515994310379,375152000.0,2942336810.39,2017-12-31T00:00:00.000Z,2017-12-31T23:54:14.000Z,2017-12-31T05:59:14.000Z,2017-12-31T23:59:59.999Z,3,1
2018-01-01,56,1,0.03,0.8307301587301587,0.1392698412698413,78.22222222222223,26.0,0.0446817018091678,0.0528132990002632,0.0434000007808208,0.0516946017742157,516798016.0,3398826510.74,2018-01-01T00:00:00.000Z,2018-01-01T23:14:14.000Z,2018-01-01T05:19:13.000Z,2018-01-01T23:59:59.999Z,3,1
2018-01-05,57,0,0.0250645161290322,0.8708494623655915,0.1040752688172043,71.46236559139786,22.387096774193548,0.2095790058374405,0.3003630042076111,0.1767120063304901,0.2205549925565719,3864399872.0,14501092591.4,2018-01-05T00:00:00.000Z,2018-01-05T02:24:15.000Z,2018-01-05T17:49:13.000Z,2018-01-05T23:59:59.999Z,3,1
2018-01-07,58,0,0.0316129032258064,0.8812150537634409,0.0871935483870967,60.2258064516129,34.87096774193548,0.1736779958009719,0.199654996395111,0.1456969976425171,0.199654996395111,1750349952.0,13126955368.7,2018-01-07T00:00:00.000Z,2018-01-07T23:59:13.000Z,2018-01-07T20:29:13.000Z,2018-01-07T23:59:59.999Z,3,1
2018-01-09,59,0,0.0504886363636363,0.8591363636363636,0.0903636363636363,27.03409090909091,8.113636363636363,0.1541649997234344,0.156468003988266,0.1059629991650581,0.1247820034623146,1262109952.0,8204190953.48,2018-01-09T00:00:00.000Z,2018-01-09T01:24:15.000Z,2018-01-09T22:59:15.000Z,2018-01-09T23:59:59.999Z,3,1
2018-01-11,60,0,0.0337032967032967,0.8602637362637363,0.106,128.25274725274724,41.56043956043956,0.1308269947767257,0.1308269947767257,0.0974249020218849,0.1090800017118454,1074579968.0,7171812835.23,2018-01-11T00:00:00.000Z,2018-01-11T00:04:14.000Z,2018-01-11T04:34:15.000Z,2018-01-11T23:59:59.999Z,3,1
2018-01-13,61,0,0.0412386363636363,0.8781818181818182,0.0805568181818181,95.4090909090909,29.34090909090909,0.1086940020322799,0.119218997657299,0.100101999938488,0.1030350029468536,819091008.0,6774365011.71,2018-01-13T00:00:00.000Z,2018-01-13T01:54:14.000Z,2018-01-13T21:34:13.000Z,2018-01-13T23:59:59.999Z,3,1
2018-01-15,62,1,0.0318117647058823,0.8654588235294117,0.1027294117647058,101.41176470588236,24.8,0.0848895981907844,0.0978967994451522,0.0677210986614227,0.0756938979029655,1013430016.0,4976737106.42,2018-01-15T00:00:00.000Z,2018-01-15T13:54:14.000Z,2018-01-15T10:14:14.000Z,2018-01-15T23:59:59.999Z,3,1
2018-01-17,63,0,0.0416179775280898,0.8598539325842697,0.098505617977528,30.662921348314608,9.269662921348315,0.053796399384737,0.0843096002936363,0.044650699943304,0.0756229013204574,1326569984.0,4972068984.76,2018-01-17T00:00:00.000Z,2018-01-17T21:09:18.000Z,2018-01-17T15:39:19.000Z,2018-01-17T23:59:59.999Z,3,1
2018-01-18,64,0,0.0,0.878,0.122,1868.0,542.25,0.0764323994517326,0.1108670011162757,0.073540098965168,0.0831791013479232,1392329984.0,5468875476.74,2018-01-18T00:00:00.000Z,2018-01-18T12:24:18.000Z,2018-01-18T05:24:18.000Z,2018-01-18T23:59:59.999Z,3,1
2018-01-19,65,0,0.0168045977011494,0.9065287356321838,0.0766781609195402,93.26436781609196,35.91954022988506,0.0824085026979446,0.0881329029798507,0.0729947015643119,0.0804992020130157,706521984.0,5292676895.72,2018-01-19T00:00:00.000Z,2018-01-19T13:04:19.000Z,2018-01-19T03:24:19.000Z,2018-01-19T23:59:59.999Z,3,1
2018-01-20,66,1,0.0431666666666666,0.8483333333333333,0.1085,19.666666666666668,6.666666666666667,0.0811581015586853,0.0887240022420883,0.0806080028414726,0.0852013006806373,626438976.0,5601831471.56,2018-01-20T00:00:00.000Z,2018-01-20T21:59:18.000Z,2018-01-20T02:39:19.000Z,2018-01-20T23:59:59.999Z,3,1
2018-01-21,67,0,0.0263855421686746,0.8835783132530121,0.0900481927710843,148.84337349397592,53.12048192771084,0.08486820012331,0.0856975987553596,0.0684214010834693,0.0711861029267311,561259008.0,4680357404.38,2018-01-21T00:00:00.000Z,2018-01-21T00:19:18.000Z,2018-01-21T20:59:18.000Z,2018-01-21T23:59:59.999Z,3,1
2018-01-22,68,0,0.0223076923076923,0.8776923076923077,0.0999999999999999,8.307692307692308,2.5384615384615383,0.0719472020864486,0.0828094035387039,0.0638305991888046,0.0714116990566253,623766976.0,4695190196.6,2018-01-22T00:00:00.000Z,2018-01-22T08:39:18.000Z,2018-01-22T21:54:18.000Z,2018-01-22T23:59:59.999Z,3,1
2018-01-23,69,1,0.0161973684210526,0.8705,0.1132894736842105,205.2894736842105,68.82894736842105,0.0712101981043815,0.0740351006388664,0.0628907978534698,0.0685717016458511,409592000.0,4508465329.97,2018-01-23T00:00:00.000Z,2018-01-23T17:04:19.000Z,2018-01-23T11:59:18.000Z,2018-01-23T23:59:59.999Z,3,1
2018-01-24,70,0,0.0176363636363636,0.9213636363636364,0.0610454545454545,435.7272727272728,146.9090909090909,0.0685964003205299,0.0743203982710838,0.0669386014342308,0.0704208016395568,505468992.0,4630040312.68,2018-01-24T00:00:00.000Z,2018-01-24T15:09:19.000Z,2018-01-24T00:59:18.000Z,2018-01-24T23:59:59.999Z,3,1
2018-01-25,71,0,0.0306716417910447,0.8832537313432836,0.0860597014925373,133.65671641791045,44.52238805970149,0.0712518021464347,0.0736809968948364,0.0670221969485282,0.0687656998634338,362497984.0,4521220479.31,2018-01-25T00:00:00.000Z,2018-01-25T07:54:19.000Z,2018-01-25T17:24:18.000Z,2018-01-25T23:59:59.999Z,3,1
2018-01-26,72,1,0.032095238095238,0.8796190476190476,0.0882857142857142,7.952380952380952,2.238095238095238,0.0685997977852821,0.0710550025105476,0.0603595003485679,0.0666299983859062,381401984.0,4380802064.64,2018-01-26T00:00:00.000Z,2018-01-26T02:59:20.000Z,2018-01-26T09:59:19.000Z,2018-01-26T23:59:59.999Z,3,1
2018-01-27,73,0,0.032047619047619,0.8967936507936508,0.0711746031746031,209.9206349206349,73.88888888888889,0.0664947032928466,0.0694260969758033,0.064973197877407,0.0684219002723693,282556992.0,4498616250.74,2018-01-27T00:00:00.000Z,2018-01-27T23:14:18.000Z,2018-01-27T02:14:18.000Z,2018-01-27T23:59:59.999Z,3,1
2018-01-28,74,1,0.0286363636363636,0.8552727272727272,0.1160454545454545,7.454545454545454,1.7272727272727273,0.0689160004258155,0.0708753019571304,0.0650485977530479,0.0654949024319648,276320992.0,4306171291.36,2018-01-28T00:00:00.000Z,2018-01-28T06:54:19.000Z,2018-01-28T20:24:19.000Z,2018-01-28T23:59:59.999Z,3,1
2018-01-29,75,0,0.0238529411764705,0.8794117647058823,0.0967058823529411,123.16176470588236,44.60294117647059,0.0654314011335372,0.0667689964175224,0.0631131008267402,0.0640008971095085,256876000.0,4207943491.8,2018-01-29T00:00:00.000Z,2018-01-29T06:04:20.000Z,2018-01-29T11:59:18.000Z,2018-01-29T23:59:59.999Z,3,1
2018-01-30,76,0,0.045551724137931,0.8718965517241379,0.082551724137931,71.10344827586206,69.82758620689656,0.0640650019049644,0.0641198977828025,0.051581498235464,0.0537612996995449,267126000.0,3534708300.13,2018-01-30T00:00:00.000Z,2018-01-30T00:54:19.000Z,2018-01-30T19:19:20.000Z,2018-01-30T23:59:59.999Z,3,1
2018-01-31,77,0,0.0299016393442622,0.875688524590164,0.0943606557377049,77.9672131147541,42.9344262295082,0.053958099335432,0.0544539988040924,0.0496358014643192,0.0544539988040924,251080992.0,3580252073.06,2018-01-31T00:00:00.000Z,2018-01-31T23:59:19.000Z,2018-01-31T01:09:20.000Z,2018-01-31T23:59:59.999Z,3,1
2018-02-01,78,1,0.0274347826086956,0.8867391304347826,0.0859565217391304,10.217391304347826,4.043478260869565,0.0547532998025417,0.0585630983114242,0.0431611016392707,0.0462273992598056,288656000.0,3039367992.84,2018-02-01T00:00:00.000Z,2018-02-01T01:39:20.000Z,2018-02-01T20:24:18.000Z,2018-02-01T23:59:59.999Z,3,1
2018-02-02,79,0,0.0244307692307692,0.8762307692307693,0.0993076923076923,37.16923076923077,10.33846153846154,0.046042300760746,0.046042300760746,0.0310912001878023,0.0407990999519825,363928992.0,2682467079.63,2018-02-02T00:00:00.000Z,2018-02-02T00:04:20.000Z,2018-02-02T12:29:19.000Z,2018-02-02T23:59:59.999Z,3,0
2018-02-03,80,0,0.0204615384615384,0.955846153846154,0.0236923076923076,2.1538461538461537,0.7692307692307693,0.0410347990691661,0.0473382994532585,0.035080000758171,0.0444720983505249,241928992.0,2923960190.59,2018-02-03T00:00:00.000Z,2018-02-03T15:14:20.000Z,2018-02-03T04:09:20.000Z,2018-02-03T23:59:59.999Z,3,0
2018-02-04,81,0,0.0264533333333333,0.8925200000000001,0.081,51.21333333333333,19.84,0.0445246994495391,0.0460198000073432,0.0360485985875129,0.0379329994320869,169960992.0,2494026185.17,2018-02-04T00:00:00.000Z,2018-02-04T06:09:20.000Z,2018-02-04T20:39:20.000Z,2018-02-04T23:59:59.999Z,3,0
2018-02-07,82,1,0.0196060606060606,0.8634242424242424,0.117,89.0,31.96969696969697,0.036234900355339,0.0389565005898475,0.0319052003324031,0.0327458009123802,204200000.0,2152977161.16,2018-02-07T00:00:00.000Z,2018-02-07T13:34:19.000Z,2018-02-07T04:09:20.000Z,2018-02-07T23:59:59.999Z,3,0
2018-02-08,83,0,0.0209615384615384,0.9035384615384616,0.0755192307692307,165.73076923076923,42.82692307692308,0.032667901366949,0.0380474999547004,0.032667901366949,0.0367252007126808,193436992.0,2414615518.3,2018-02-08T00:00:00.000Z,2018-02-08T10:34:19.000Z,2018-02-08T00:04:19.000Z,2018-02-08T23:59:59.999Z,3,0
2018-02-09,84,0,0.0462857142857142,0.8767857142857143,0.0768571428571428,3.5,1.0714285714285714,0.0367852002382278,0.0479675009846687,0.0349512994289398,0.0479675009846687,176363008.0,3153776422.57,2018-02-09T00:00:00.000Z,2018-02-09T23:59:14.000Z,2018-02-09T05:29:13.000Z,2018-02-09T23:59:59.999Z,3,0
2018-02-10,85,1,0.0153947368421052,0.8849736842105262,0.0996447368421052,130.55263157894737,40.67105263157895,0.0474241003394126,0.0559413991868495,0.0447805002331733,0.0486993007361888,470408992.0,3201890949.82,2018-02-10T00:00:00.000Z,2018-02-10T03:44:14.000Z,2018-02-10T21:29:14.000Z,2018-02-10T23:59:59.999Z,3,0
2018-02-11,86,0,0.0161111111111111,0.8999722222222223,0.0838888888888888,113.63888888888889,37.0,0.0485638007521629,0.0485638007521629,0.0400662012398242,0.0424009002745151,273583008.0,2787782534.33,2018-02-11T00:00:00.000Z,2018-02-11T00:04:13.000Z,2018-02-11T08:09:13.000Z,2018-02-11T23:59:59.999Z,3,0
2018-02-12,87,0,0.0176949152542372,0.8934915254237288,0.0888135593220339,32.0,14.677966101694915,0.0426033996045589,0.0474928990006446,0.0426033996045589,0.0461162999272346,219120000.0,3032063368.66,2018-02-12T00:00:00.000Z,2018-02-12T10:49:13.000Z,2018-02-12T00:04:13.000Z,2018-02-12T23:59:59.999Z,3,0
2018-02-13,88,1,0.0089428571428571,0.9046571428571428,0.0864285714285714,16.97142857142857,5.0285714285714285,0.0461031012237072,0.0464826002717018,0.0424984991550445,0.0433558002114295,178960992.0,2850565483.33,2018-02-13T00:00:00.000Z,2018-02-13T00:14:14.000Z,2018-02-13T11:29:13.000Z,2018-02-13T23:59:59.999Z,3,0
2018-02-14,89,1,0.0180181818181818,0.8736363636363635,0.1084,54.50909090909091,15.8,0.0432951003313064,0.0467486009001731,0.0430216006934642,0.0459357984364032,186660000.0,3020195819.92,2018-02-14T00:00:00.000Z,2018-02-14T13:39:14.000Z,2018-02-14T03:14:13.000Z,2018-02-14T23:59:59.999Z,3,0
2018-02-15,90,0,0.01925,0.8896499999999999,0.0911,5.0,2.0,0.0459223985671997,0.0484566017985343,0.0450867004692554,0.0464960001409053,178912992.0,3057027957.34,2018-02-15T00:00:00.000Z,2018-02-15T09:39:14.000Z,2018-02-15T03:09:15.000Z,2018-02-15T23:59:59.999Z,3,0
2018-02-16,91,1,0.0143378378378378,0.8932297297297298,0.0924729729729729,97.7162162162162,33.432432432432435,0.0464886985719203,0.053081601858139,0.0463792011141777,0.0524486005306243,310512992.0,3448400647.87,2018-02-16T00:00:00.000Z,2018-02-16T01:09:13.000Z,2018-02-16T00:09:13.000Z,2018-02-16T23:59:59.999Z,3,0
2018-02-17,92,0,0.0071666666666666,0.9345,0.0583333333333333,10.0,5.666666666666667,0.0521547012031078,0.0549136996269226,0.0509685985743999,0.0549136996269226,231988000.0,3610476517.14,2018-02-17T00:00:00.000Z,2018-02-17T23:59:14.000Z,2018-02-17T00:34:14.000Z,2018-02-17T23:59:59.999Z,3,0
2018-02-18,93,1,0.0179512195121951,0.8476463414634147,0.1344024390243902,49.35365853658536,14.670731707317072,0.0549345985054969,0.0553109012544155,0.0487080998718738,0.0496058017015457,195043008.0,3261491686.3,2018-02-18T00:00:00.000Z,2018-02-18T01:34:14.000Z,2018-02-18T10:04:13.000Z,2018-02-18T23:59:59.999Z,3,0
2018-02-19,94,1,0.0055555555555555,0.8944074074074074,0.100074074074074,13.444444444444445,4.481481481481482,0.0495553016662597,0.052700400352478,0.0493635982275009,0.0515419989824295,178480992.0,3388793336.57,2018-02-19T00:00:00.000Z,2018-02-19T10:29:13.000Z,2018-02-19T00:19:14.000Z,2018-02-19T23:59:59.999Z,3,0
2018-02-20,95,1,0.0261666666666666,0.8569074074074075,0.1169444444444444,9.555555555555555,2.7962962962962963,0.051536601036787,0.0520741008222103,0.046560101211071,0.0468610003590583,198212992.0,3081026047.59,2018-02-20T00:00:00.000Z,2018-02-20T01:44:14.000Z,2018-02-20T23:49:14.000Z,2018-02-20T23:59:59.999Z,3,0
2018-02-21,96,1,0.0200294117647058,0.8804705882352941,0.0995,169.2941176470588,37.91176470588236,0.0469091013073921,0.048234898597002,0.0429348982870578,0.0445800013840198,179052992.0,2931054420.56,2018-02-21T00:00:00.000Z,2018-02-21T10:09:14.000Z,2018-02-21T16:54:13.000Z,2018-02-21T23:59:59.999Z,3,0
2018-02-22,97,0,0.0197586206896551,0.912655172413793,0.0675862068965517,4.913793103448276,1.7586206896551724,0.0444610007107257,0.046146098524332,0.0395909994840621,0.0406743995845317,162732992.0,2674268280.03,2018-02-22T00:00:00.000Z,2018-02-22T06:34:17.000Z,2018-02-22T17:44:13.000Z,2018-02-22T23:59:59.999Z,3,0
2018-02-24,98,1,0.0249012345679012,0.8666913580246913,0.1084197530864197,6.469135802469136,2.580246913580247,0.0428560003638267,0.0456080995500087,0.0393741987645626,0.0409291982650756,194792992.0,2691020919.47,2018-02-24T00:00:00.000Z,2018-02-24T01:09:14.000Z,2018-02-24T20:59:13.000Z,2018-02-24T23:59:59.999Z,3,0
2018-02-26,99,0,0.0232962962962962,0.9023703703703704,0.0743086419753086,115.17283950617283,27.97530864197531,0.0398994013667106,0.0428935997188091,0.0389996990561485,0.0417685993015766,189976000.0,2746209952.23,2018-02-26T00:00:00.000Z,2018-02-26T14:19:14.000Z,2018-02-26T08:49:13.000Z,2018-02-26T23:59:59.999Z,3,0
2018-02-27,100,1,0.049,0.8433333333333334,0.108,22.33333333333333,5.0,0.0417916998267173,0.0430992990732193,0.0411865003407001,0.0427311994135379,219795008.0,2809499162.31,2018-02-27T00:00:00.000Z,2018-02-27T23:24:14.000Z,2018-02-27T02:24:14.000Z,2018-02-27T23:59:59.999Z,3,0
2018-02-28,101,0,0.0251785714285714,0.915904761904762,0.0589285714285714,63.66666666666666,16.988095238095237,0.0427361987531185,0.0464051999151706,0.0406849011778831,0.0433504991233348,298758016.0,2850217017.91,2018-02-28T00:00:00.000Z,2018-02-28T20:34:14.000Z,2018-02-28T13:09:15.000Z,2018-02-28T23:59:59.999Z,3,0
2018-03-02,102,0,0.0241458333333333,0.8824479166666667,0.0933854166666666,27.27083333333333,8.395833333333334,0.0486999005079269,0.0564742982387542,0.0475944988429546,0.052946500480175,824566016.0,3481136672.9,2018-03-02T00:00:00.000Z,2018-03-02T01:39:15.000Z,2018-03-02T06:04:14.000Z,2018-03-02T23:59:59.999Z,3,0
2018-03-03,103,1,0.0160555555555555,0.8685,0.1154444444444444,9.11111111111111,3.6666666666666665,0.0525248013436794,0.0527371987700462,0.0477508008480072,0.0489179007709026,399204992.0,3216263504.7,2018-03-03T00:00:00.000Z,2018-03-03T01:19:13.000Z,2018-03-03T14:04:12.000Z,2018-03-03T23:59:59.999Z,3,0
2018-03-04,104,0,0.032171875,0.898046875,0.06978125,5.953125,2.796875,0.0487890988588333,0.0496749989688396,0.0471617989242076,0.0478009991347789,314648992.0,3142829348.52,2018-03-04T00:00:00.000Z,2018-03-04T00:14:13.000Z,2018-03-04T17:14:12.000Z,2018-03-04T23:59:59.999Z,3,0
2018-03-05,105,1,0.0,0.8331,0.1669,4.6,1.7,0.0477549992501735,0.0479048006236553,0.0463895983994007,0.0467762984335422,284713984.0,3075457175.69,2018-03-05T00:00:00.000Z,2018-03-05T04:19:12.000Z,2018-03-05T07:59:13.000Z,2018-03-05T23:59:59.999Z,3,0
2018-03-06,106,0,0.0239625,0.8972,0.078825,74.275,23.0875,0.0467435009777545,0.0476263016462326,0.0435670986771583,0.0439581982791423,262251008.0,2890172194.48,2018-03-06T00:00:00.000Z,2018-03-06T06:24:12.000Z,2018-03-06T23:39:13.000Z,2018-03-06T23:59:59.999Z,3,0
2018-03-07,107,0,0.0288611111111111,0.8735833333333334,0.0975555555555555,54.69444444444444,16.61111111111111,0.0439442992210388,0.0448988005518913,0.0348160006105899,0.0386012010276317,290193984.0,2537959127.39,2018-03-07T00:00:00.000Z,2018-03-07T01:59:13.000Z,2018-03-07T17:24:18.000Z,2018-03-07T23:59:59.999Z,3,0
2018-03-08,108,0,0.0169019607843137,0.9116078431372548,0.0714901960784313,25.62745098039216,9.764705882352942,0.0384875014424324,0.0395944006741046,0.0352781005203723,0.0364250987768173,236262000.0,2394884485.74,2018-03-08T00:00:00.000Z,2018-03-08T09:39:14.000Z,2018-03-08T17:24:13.000Z,2018-03-08T23:59:59.999Z,3,0
2018-03-09,109,0,0.0419642857142857,0.8626785714285715,0.0953571428571428,44.35714285714285,14.142857142857142,0.0363634005188941,0.0374023988842964,0.0308292005211114,0.0369805991649627,295228992.0,2431407606.66,2018-03-09T00:00:00.000Z,2018-03-09T23:54:13.000Z,2018-03-09T06:09:13.000Z,2018-03-09T23:59:59.999Z,3,0
2018-03-10,110,1,0.0250169491525423,0.8723389830508474,0.1026779661016949,15.423728813559322,3.8983050847457625,0.036940798163414,0.0381824001669883,0.0344843007624149,0.034927699714899,253447008.0,2296433142.33,2018-03-10T00:00:00.000Z,2018-03-10T07:59:12.000Z,2018-03-10T22:14:13.000Z,2018-03-10T23:59:59.999Z,3,0
2018-03-11,111,1,0.0187826086956521,0.8804347826086957,0.1007826086956521,259.5652173913044,67.73913043478261,0.0347510986030101,0.0393205992877483,0.0334916003048419,0.0387157015502452,266342000.0,2545487295.42,2018-03-11T00:00:00.000Z,2018-03-11T22:24:12.000Z,2018-03-11T01:04:13.000Z,2018-03-11T23:59:59.999Z,3,0
2018-03-12,112,0,0.0342295081967213,0.8812786885245902,0.0844754098360655,39.14754098360656,13.81967213114754,0.0385611988604068,0.0395082011818885,0.0346443988382816,0.0361318998038768,228564992.0,2375607115.71,2018-03-12T00:00:00.000Z,2018-03-12T10:24:13.000Z,2018-03-12T20:19:13.000Z,2018-03-12T23:59:59.999Z,3,0
2018-03-13,113,0,0.037090909090909,0.8888181818181818,0.074090909090909,5.515151515151516,1.93939393939394,0.0359684005379676,0.0371221005916595,0.0345251001417636,0.035726398229599,200526000.0,2348946223.66,2018-03-13T00:00:00.000Z,2018-03-13T06:14:14.000Z,2018-03-13T12:59:13.000Z,2018-03-13T23:59:59.999Z,3,0
2018-03-14,114,1,0.0112553191489361,0.8848085106382978,0.1039361702127659,61.59574468085106,14.404255319148936,0.035700500011444,0.0363229997456073,0.0302365999668836,0.0310564991086721,197406000.0,2041908739.62,2018-03-14T00:00:00.000Z,2018-03-14T00:54:12.000Z,2018-03-14T21:59:14.000Z,2018-03-14T23:59:59.999Z,3,0
2018-03-15,115,1,0.0177058823529411,0.8705686274509804,0.1117254901960784,44.01960784313726,13.235294117647058,0.031046999618411,0.0311901997774839,0.0283566992729902,0.0301188994199037,169547008.0,1980263234.35,2018-03-15T00:00:00.000Z,2018-03-15T00:14:13.000Z,2018-03-15T06:14:13.000Z,2018-03-15T23:59:59.999Z,3,0
2018-03-16,116,0,0.01925,0.90375,0.077025,30.125,7.3,0.0300488006323575,0.0312446001917123,0.0289539992809295,0.0301187001168727,149356000.0,1980250084.71,2018-03-16T00:00:00.000Z,2018-03-16T22:14:13.000Z,2018-03-16T02:04:14.000Z,2018-03-16T23:59:59.999Z,3,0
2018-03-17,117,1,0.0341785714285714,0.8729285714285714,0.0928928571428571,185.75,47.85714285714285,0.0301639009267091,0.0303093008697032,0.0280022993683815,0.0283580999821424,116472000.0,1864493817.04,2018-03-17T00:00:00.000Z,2018-03-17T09:34:13.000Z,2018-03-17T20:14:13.000Z,2018-03-17T23:59:59.999Z,3,0
2018-03-18,118,1,0.0101636363636363,0.9040181818181816,0.0858363636363636,11.236363636363636,5.236363636363636,0.0282854996621608,0.0293866991996765,0.0231170002371072,0.0286209993064403,127381000.0,1881779016.84,2018-03-18T00:00:00.000Z,2018-03-18T22:04:13.000Z,2018-03-18T14:39:13.000Z,2018-03-18T23:59:59.999Z,3,0
2018-03-19,119,1,0.012030303030303,0.8944545454545454,0.0934848484848484,237.24242424242425,85.3030303030303,0.0289702005684375,0.0329947993159294,0.0282208006829023,0.0323638990521431,183591008.0,2127867926.46,2018-03-19T00:00:00.000Z,2018-03-19T14:29:14.000Z,2018-03-19T01:34:13.000Z,2018-03-19T23:59:59.999Z,3,0
2018-03-20,120,0,0.0259636363636363,0.8910545454545455,0.083,165.4181818181818,92.87272727272727,0.0327281989157199,0.0403538011014461,0.0314292982220649,0.038112498819828,250396992.0,2505827985.72,2018-03-20T00:00:00.000Z,2018-03-20T22:14:13.000Z,2018-03-20T09:19:14.000Z,2018-03-20T23:59:59.999Z,3,0
2018-03-21,121,1,0.0120975609756097,0.8832439024390244,0.1046341463414634,132.8048780487805,75.21951219512195,0.0380849987268447,0.0400394015014171,0.0363490991294384,0.0371064990758895,232926000.0,2439685304.09,2018-03-21T00:00:00.000Z,2018-03-21T04:34:14.000Z,2018-03-21T17:44:14.000Z,2018-03-21T23:59:59.999Z,3,0
2018-03-22,122,1,0.012906976744186,0.871093023255814,0.116,159.7906976744186,75.67441860465117,0.0371589995920658,0.0390769988298416,0.0345224998891353,0.037924401462078,227472000.0,2493460750.72,2018-03-22T00:00:00.000Z,2018-03-22T01:54:13.000Z,2018-03-22T14:54:13.000Z,2018-03-22T23:59:59.999Z,3,0
2018-03-23,123,0,0.027375,0.9435625,0.0290624999999999,11.75,4.4375,0.0378529988229274,0.0411373004317283,0.0350801981985569,0.0411373004317283,230134000.0,2704703118.32,2018-03-23T00:00:00.000Z,2018-03-23T23:59:13.000Z,2018-03-23T03:29:13.000Z,2018-03-23T23:59:59.999Z,3,0
2018-03-24,124,0,0.0179078947368421,0.8922236842105263,0.0899078947368421,141.14473684210526,69.57894736842105,0.0417172014713287,0.0529887005686759,0.0410911999642849,0.0497796013951301,706931008.0,3272918722.15,2018-03-24T00:00:00.000Z,2018-03-24T06:19:13.000Z,2018-03-24T00:59:13.000Z,2018-03-24T23:59:59.999Z,3,0
2018-03-25,125,0,0.034076923076923,0.8767692307692309,0.089025641025641,9.974358974358974,2.4615384615384617,0.0494181998074054,0.0496121011674404,0.0448605008423328,0.0453108996152877,320430016.0,2979109774.44,2018-03-25T00:00:00.000Z,2018-03-25T01:14:13.000Z,2018-03-25T20:39:13.000Z,2018-03-25T23:59:59.999Z,3,0
2018-03-26,126,0,0.008,0.907340425531915,0.0846382978723404,197.5744680851064,75.93617021276596,0.0453406013548374,0.0464476011693477,0.0394603982567787,0.0443781986832618,327374016.0,2917786435.32,2018-03-26T00:00:00.000Z,2018-03-26T00:09:13.000Z,2018-03-26T12:14:14.000Z,2018-03-26T23:59:59.999Z,3,0
2018-03-27,127,1,0.0092571428571428,0.8942857142857144,0.0964857142857142,115.02857142857142,62.285714285714285,0.0443732999265193,0.0461320988833904,0.0404707007110118,0.0430750995874404,274910016.0,2832109965.7,2018-03-27T00:00:00.000Z,2018-03-27T15:49:13.000Z,2018-03-27T04:59:12.000Z,2018-03-27T23:59:59.999Z,3,0
2018-03-28,128,0,0.0179074074074074,0.9045185185185184,0.077574074074074,122.77777777777776,42.37037037037037,0.0428544990718364,0.0495054014027118,0.0425997003912925,0.0488172993063926,280836000.0,3209649236.53,2018-03-28T00:00:00.000Z,2018-03-28T23:24:14.000Z,2018-03-28T00:39:13.000Z,2018-03-28T23:59:59.999Z,3,0
2018-03-29,129,0,0.0193666666666666,0.9063,0.0743333333333333,64.43333333333334,47.63333333333333,0.0489660017192363,0.0506095997989177,0.0430022999644279,0.0430022999644279,483100992.0,2827323497.29,2018-03-29T00:00:00.000Z,2018-03-29T12:24:14.000Z,2018-03-29T23:59:13.000Z,2018-03-29T23:59:59.999Z,3,0
2018-03-30,130,1,0.0238305084745762,0.8626101694915254,0.1135593220338983,234.9322033898305,94.15254237288136,0.0426306016743183,0.0456091985106468,0.0391269996762275,0.0412774011492729,349432992.0,2713914440.09,2018-03-30T00:00:00.000Z,2018-03-30T08:14:14.000Z,2018-03-30T17:29:14.000Z,2018-03-30T23:59:59.999Z,3,0
2018-03-31,131,0,0.0408653846153846,0.8764615384615385,0.0826538461538461,107.46153846153848,39.92307692307692,0.0412826016545295,0.0429711006581783,0.0335911996662616,0.0339719988405704,358492000.0,2233597594.78,2018-03-31T00:00:00.000Z,2018-03-31T00:54:13.000Z,2018-03-31T20:34:14.000Z,2018-03-31T23:59:59.999Z,3,0
2018-04-01,132,1,0.0308611111111111,0.8305277777777778,0.1386111111111111,14.22222222222222,3.638888888888889,0.0339546985924243,0.0348417982459068,0.0286068990826606,0.032151598483324,219372992.0,2113909585.2,2018-04-01T00:00:00.000Z,2018-04-01T00:34:14.000Z,2018-04-01T14:29:13.000Z,2018-04-01T23:59:59.999Z,3,0
2018-04-02,133,0,0.03,0.8684411764705883,0.1015588235294117,255.5,84.3529411764706,0.0322708003222942,0.0357550010085105,0.0310213007032871,0.0357550010085105,241103008.0,2350826621.96,2018-04-02T00:00:00.000Z,2018-04-02T23:59:13.000Z,2018-04-02T06:54:13.000Z,2018-04-02T23:59:59.999Z,3,0
2018-04-03,134,1,0.0086603773584905,0.8855660377358491,0.1057735849056603,180.96226415094333,52.0,0.0356907993555069,0.035826601088047,0.0334705002605915,0.0348008014261722,240608000.0,2288089696.7,2018-04-03T00:00:00.000Z,2018-04-03T13:39:14.000Z,2018-04-03T02:19:14.000Z,2018-04-03T23:59:59.999Z,3,0
2018-04-04,135,0,0.0311,0.8664,0.1025,255.2,65.0,0.0346839018166065,0.0351583994925022,0.0297161005437374,0.0301363002508878,157468992.0,1981407252.9,2018-04-04T00:00:00.000Z,2018-04-04T01:14:13.000Z,2018-04-04T16:04:14.000Z,2018-04-04T23:59:59.999Z,3,0
2018-04-05,136,0,0.0250126582278481,0.8743291139240507,0.1006582278481012,91.34177215189874,26.27848101265823,0.030095599591732,0.0501305982470512,0.0290246997028589,0.04001360014081,1488739968.0,2630818640.12,2018-04-05T00:00:00.000Z,2018-04-05T07:49:14.000Z,2018-04-05T01:34:13.000Z,2018-04-05T23:59:59.999Z,3,0
2018-04-06,137,1,0.0351304347826086,0.8498913043478261,0.1149565217391304,245.3695652173913,60.369565217391305,0.0392937995493412,0.0441052988171577,0.03585160151124,0.0369183011353015,661966976.0,2427308510.15,2018-04-06T00:00:00.000Z,2018-04-06T05:09:14.000Z,2018-04-06T10:59:13.000Z,2018-04-06T23:59:59.999Z,3,0
2018-04-07,138,0,0.0215,0.8985833333333333,0.0799444444444444,84.72222222222223,20.22222222222222,0.0368792004883289,0.0381503999233245,0.0362620986998081,0.0370635986328125,245334000.0,2436861710.77,2018-04-07T00:00:00.000Z,2018-04-07T13:04:14.000Z,2018-04-07T10:14:13.000Z,2018-04-07T23:59:59.999Z,3,0
2018-04-08,139,0,0.028,0.8855172413793103,0.086551724137931,94.20689655172414,24.24137931034483,0.0369774997234344,0.0386844016611576,0.0367345996201038,0.0376319997012615,215712992.0,2474232937.43,2018-04-08T00:00:00.000Z,2018-04-08T12:19:13.000Z,2018-04-08T03:24:13.000Z,2018-04-08T23:59:59.999Z,3,0
2018-04-09,140,1,0.0124821428571428,0.8828214285714286,0.1046785714285714,121.91071428571428,58.23214285714285,0.037645399570465,0.0379860997200012,0.0343382991850376,0.0357562005519866,295115008.0,2350902629.6,2018-04-09T00:00:00.000Z,2018-04-09T02:34:14.000Z,2018-04-09T14:14:14.000Z,2018-04-09T23:59:59.999Z,3,0
2018-04-10,141,1,0.0158529411764705,0.8857058823529412,0.0984705882352941,68.94117647058823,16.558823529411764,0.0357915982604026,0.037168700248003,0.0350075997412204,0.0369275994598865,303561984.0,2427919967.59,2018-04-10T00:00:00.000Z,2018-04-10T11:34:13.000Z,2018-04-10T04:44:13.000Z,2018-04-10T23:59:59.999Z,3,0
2018-04-11,142,0,0.0241551724137931,0.9070689655172414,0.0687413793103448,94.94827586206895,46.08620689655172,0.0368508994579315,0.037493098527193,0.0360006988048553,0.0362709984183311,301439008.0,2384749757.48,2018-04-11T00:00:00.000Z,2018-04-11T14:44:16.000Z,2018-04-11T18:39:17.000Z,2018-04-11T23:59:59.999Z,3,0
2018-04-12,143,1,0.015090909090909,0.869340909090909,0.1155454545454545,99.36363636363636,46.61363636363637,0.036142598837614,0.039870198816061,0.0352387987077236,0.0395643003284931,415956992.0,2601278013.56,2018-04-12T00:00:00.000Z,2018-04-12T23:09:16.000Z,2018-04-12T07:04:17.000Z,2018-04-12T23:59:59.999Z,3,0
2018-04-13,144,0,0.024475,0.8756,0.099975,71.525,36.35,0.0394144989550113,0.0432256981730461,0.0382242016494274,0.0390057004988193,484566016.0,2564551118.4,2018-04-13T00:00:00.000Z,2018-04-13T08:59:16.000Z,2018-04-13T02:44:16.000Z,2018-04-13T23:59:59.999Z,3,0
2018-04-14,145,0,0.030076923076923,0.8861282051282051,0.0838205128205128,127.05128205128206,46.71794871794872,0.0386848002672195,0.0415146984159946,0.0385670997202396,0.0400106012821197,307575008.0,2630621395.79,2018-04-14T00:00:00.000Z,2018-04-14T04:29:16.000Z,2018-04-14T00:14:17.000Z,2018-04-14T23:59:59.999Z,3,0
2018-04-15,146,1,0.0135098039215686,0.8483137254901961,0.1381960784313725,228.3921568627451,52.372549019607845,0.0400622002780437,0.0432788990437984,0.0400130003690719,0.0429710000753402,306262016.0,2825262105.5,2018-04-15T00:00:00.000Z,2018-04-15T19:59:15.000Z,2018-04-15T01:09:16.000Z,2018-04-15T23:59:59.999Z,3,0
2018-04-16,147,1,0.0207297297297297,0.8714864864864864,0.1078108108108108,107.56756756756756,18.27027027027027,0.0428979992866516,0.0439027994871139,0.0402205996215343,0.0412560999393463,296337984.0,2712510668.84,2018-04-16T00:00:00.000Z,2018-04-16T00:44:15.000Z,2018-04-16T13:34:15.000Z,2018-04-16T23:59:59.999Z,3,0
2018-04-17,148,0,0.0127454545454545,0.8894727272727273,0.0977636363636363,166.5818181818182,35.85454545454545,0.0412753000855445,0.0433999001979827,0.0406999997794628,0.0421160012483596,359111008.0,2769047470.05,2018-04-17T00:00:00.000Z,2018-04-17T14:29:15.000Z,2018-04-17T02:34:16.000Z,2018-04-17T23:59:59.999Z,3,0
2018-04-18,149,1,0.0152820512820512,0.8886923076923077,0.096,144.71794871794873,27.41025641025641,0.0420060008764267,0.0475212000310421,0.0419959016144275,0.0475212000310421,475425984.0,3124429163.11,2018-04-18T00:00:00.000Z,2018-04-18T23:59:16.000Z,2018-04-18T00:09:16.000Z,2018-04-18T23:59:59.999Z,3,0
2018-04-19,150,1,0.01302,0.8813,0.10566,70.58,26.78,0.0474294982850551,0.0518069006502628,0.0469104014337062,0.0493921004235744,587153984.0,3247437305.19,2018-04-19T00:00:00.000Z,2018-04-19T02:39:15.000Z,2018-04-19T00:29:15.000Z,2018-04-19T23:59:59.999Z,3,0
2018-04-20,151,1,0.0035,0.8655909090909091,0.1309318181818181,256.95454545454544,43.45454545454545,0.0491340011358261,0.0536732003092765,0.0481988005340099,0.0536732003092765,477675008.0,3528911545.95,2018-04-20T00:00:00.000Z,2018-04-20T23:59:16.000Z,2018-04-20T05:09:15.000Z,2018-04-20T23:59:59.999Z,3,0
2018-04-21,152,1,0.0185333333333333,0.8922888888888889,0.0891555555555555,161.2,29.88888888888889,0.053659301251173,0.0566193014383316,0.049720998853445,0.0536766983568668,715849024.0,3529141664.34,2018-04-21T00:00:00.000Z,2018-04-21T03:34:15.000Z,2018-04-21T11:19:16.000Z,2018-04-21T23:59:59.999Z,3,0
2018-04-22,153,1,0.01946875,0.8509375,0.12953125,93.84375,24.375,0.0534065999090671,0.054509799927473,0.0518371015787124,0.0524200014770031,319432000.0,3446516012.44,2018-04-22T00:00:00.000Z,2018-04-22T11:49:13.000Z,2018-04-22T01:14:14.000Z,2018-04-22T23:59:59.999Z,3,0
2018-04-23,154,1,0.0113620689655172,0.8848620689655173,0.1037758620689655,100.93103448275862,28.05172413793104,0.0524301007390022,0.0585455000400543,0.0523837991058826,0.0585455000400543,472464000.0,3849256070.32,2018-04-23T00:00:00.000Z,2018-04-23T23:59:16.000Z,2018-04-23T00:09:14.000Z,2018-04-23T23:59:59.999Z,3,0
2018-04-24,155,0,0.0411379310344827,0.8752068965517241,0.0836896551724138,114.20689655172414,25.93103448275862,0.0583491995930671,0.0774687007069587,0.0572207011282444,0.0733600035309791,1561020032.0,4823281470.28,2018-04-24T00:00:00.000Z,2018-04-24T22:29:20.000Z,2018-04-24T00:29:15.000Z,2018-04-24T23:59:59.999Z,3,0
2018-04-25,156,0,0.0270508474576271,0.8819322033898305,0.0910338983050847,116.2542372881356,31.8135593220339,0.071681298315525,0.081392303109169,0.0664673000574112,0.0700146034359932,2124440064.0,4603327737.59,2018-04-25T00:00:00.000Z,2018-04-25T02:54:19.000Z,2018-04-25T10:24:20.000Z,2018-04-25T23:59:59.999Z,3,0
2018-04-26,157,0,0.0082083333333333,0.9430416666666668,0.0487499999999999,19.83333333333333,6.791666666666667,0.069982998073101,0.074565902352333,0.0667499974370002,0.074565902352333,759337024.0,4902567118.12,2018-04-26T00:00:00.000Z,2018-04-26T23:59:17.000Z,2018-04-26T00:34:17.000Z,2018-04-26T23:59:59.999Z,3,0
2018-04-27,158,1,0.0251935483870967,0.8661612903225806,0.1086290322580645,118.53225806451611,36.62903225806452,0.0748941004276275,0.0791542008519172,0.0718396008014679,0.0740369036793708,717529984.0,4867786367.06,2018-04-27T00:00:00.000Z,2018-04-27T16:09:17.000Z,2018-04-27T04:04:17.000Z,2018-04-27T23:59:59.999Z,3,0
2018-04-28,159,1,0.0147391304347826,0.8790869565217392,0.1062173913043478,43.391304347826086,13.652173913043478,0.0738070011138916,0.0842228010296821,0.0738070011138916,0.0816621035337448,718297984.0,5369128867.97,2018-04-28T00:00:00.000Z,2018-04-28T14:34:17.000Z,2018-04-28T00:04:17.000Z,2018-04-28T23:59:59.999Z,3,0
2018-04-29,160,1,0.0166349206349206,0.8536666666666667,0.1297142857142857,40.96825396825397,13.841269841269842,0.0816958025097847,0.0903306007385253,0.0806839019060134,0.0891451984643936,1161459968.0,5861128562.22,2018-04-29T00:00:00.000Z,2018-04-29T08:19:17.000Z,2018-04-29T10:49:18.000Z,2018-04-29T23:59:59.999Z,3,0
2018-04-30,161,0,0.0276666666666666,0.896,0.0763333333333333,16.37037037037037,5.37037037037037,0.0896560028195381,0.1011969968676567,0.0861020013689994,0.0937767028808593,1749639936.0,6165640941.31,2018-04-30T00:00:00.000Z,2018-04-30T17:49:16.000Z,2018-04-30T04:04:18.000Z,2018-04-30T23:59:59.999Z,3,0
2018-05-01,162,1,0.027765625,0.872515625,0.09975,151.296875,38.625,0.0937452986836433,0.0942789986729621,0.0867734029889106,0.0933604016900062,1043369984.0,6138270002.43,2018-05-01T00:00:00.000Z,2018-05-01T02:39:14.000Z,2018-05-01T14:54:15.000Z,2018-05-01T23:59:59.999Z,3,0
2018-05-02,163,0,0.0109772727272727,0.9225909090909092,0.0664318181818181,21.02272727272728,10.318181818181818,0.0927643030881881,0.09303779900074,0.0901734977960586,0.0913968980312347,401505984.0,6009173585.22,2018-05-02T00:00:00.000Z,2018-05-02T00:09:16.000Z,2018-05-02T19:44:16.000Z,2018-05-02T23:59:59.999Z,3,0
2018-05-03,164,0,0.0160434782608695,0.8998043478260869,0.0841739130434782,167.8913043478261,33.130434782608695,0.0913218036293983,0.0914380997419357,0.0845327004790306,0.0873403996229171,789150976.0,5742466370.33,2018-05-03T00:00:00.000Z,2018-05-03T00:09:15.000Z,2018-05-03T08:19:15.000Z,2018-05-03T23:59:59.999Z,3,0
2018-05-04,165,1,0.0036,0.9054,0.0910222222222222,76.13333333333334,14.311111111111112,0.0870847031474113,0.0888665989041328,0.0810829997062683,0.0868104994297027,727056000.0,5707626445.97,2018-05-04T00:00:00.000Z,2018-05-04T00:14:15.000Z,2018-05-04T13:59:17.000Z,2018-05-04T23:59:59.999Z,3,0
2018-05-05,166,1,0.0167631578947368,0.8778947368421053,0.1053421052631579,88.07894736842105,28.84210526315789,0.0862120985984802,0.0908747017383575,0.0861866027116775,0.0871021971106529,476743008.0,5726805170.13,2018-05-05T00:00:00.000Z,2018-05-05T06:09:15.000Z,2018-05-05T00:09:15.000Z,2018-05-05T23:59:59.999Z,3,0
2018-05-06,167,0,0.0115833333333333,0.9147083333333332,0.07375,11.958333333333334,3.4166666666666665,0.0870980024337768,0.0870980024337768,0.0819068029522895,0.0847780033946037,388707008.0,5573993409.05,2018-05-06T00:00:00.000Z,2018-05-06T00:04:16.000Z,2018-05-06T08:59:15.000Z,2018-05-06T23:59:59.999Z,3,0
2018-05-07,168,1,0.0233157894736842,0.8582982456140351,0.1184210526315789,69.49122807017544,17.912280701754387,0.0849656984210014,0.0849656984210014,0.0797165036201477,0.0830862000584602,412406016.0,5462760753.77,2018-05-07T00:00:00.000Z,2018-05-07T00:04:16.000Z,2018-05-07T03:34:16.000Z,2018-05-07T23:59:59.999Z,3,0
2018-05-08,169,1,0.0087727272727272,0.8807727272727273,0.1104545454545454,14.0,4.954545454545454,0.0834046006202697,0.0860354006290435,0.0807595029473304,0.0830710008740425,372063008.0,5461761382.47,2018-05-08T00:00:00.000Z,2018-05-08T03:54:16.000Z,2018-05-08T12:09:16.000Z,2018-05-08T23:59:59.999Z,3,0
2018-05-09,170,1,0.0091343283582089,0.873955223880597,0.1169253731343283,136.44776119402985,55.1044776119403,0.0829792022705078,0.0829792022705078,0.078888401389122,0.0810061991214752,357911008.0,5326004681.55,2018-05-09T00:00:00.000Z,2018-05-09T00:04:15.000Z,2018-05-09T04:34:15.000Z,2018-05-09T23:59:59.999Z,3,0
2018-05-10,171,0,0.0099761904761904,0.8988571428571429,0.0911904761904762,47.95238095238095,16.023809523809526,0.0810068026185035,0.0816086009144783,0.0731564983725547,0.0735737979412078,352612992.0,4837338416.55,2018-05-10T00:00:00.000Z,2018-05-10T04:54:17.000Z,2018-05-10T23:49:15.000Z,2018-05-10T23:59:59.999Z,3,0
2018-05-11,172,1,0.0049090909090909,0.8911136363636364,0.1039772727272727,188.20454545454547,62.47727272727273,0.0736009031534195,0.0772091001272201,0.0639062002301216,0.0659331977367401,836388992.0,4334983394.72,2018-05-11T00:00:00.000Z,2018-05-11T01:44:15.000Z,2018-05-11T12:19:16.000Z,2018-05-11T23:59:59.999Z,3,0
2018-05-12,173,0,0.0325454545454545,0.9036363636363636,0.0638181818181818,45.87878787878788,20.57575757575757,0.0661818981170654,0.0716359987854957,0.0606358014047145,0.0687308013439178,615174016.0,4518920311.86,2018-05-12T00:00:00.000Z,2018-05-12T12:54:14.000Z,2018-05-12T06:24:14.000Z,2018-05-12T23:59:59.999Z,3,0
2018-05-13,174,0,0.0262181818181818,0.8847818181818181,0.0889818181818181,69.69090909090909,22.381818181818183,0.0691531971096992,0.077010802924633,0.0679818987846374,0.0756129026412963,601064000.0,4971405391.01,2018-05-13T00:00:00.000Z,2018-05-13T16:39:15.000Z,2018-05-13T02:34:15.000Z,2018-05-13T23:59:59.999Z,3,0
2018-05-14,175,0,0.0283999999999999,0.9100285714285714,0.0616,57.22857142857143,24.37142857142857,0.0761084035038948,0.0761084035038948,0.0706719011068344,0.0728121995925903,463712000.0,4787264654.73,2018-05-14T00:00:00.000Z,2018-05-14T00:04:15.000Z,2018-05-14T13:34:16.000Z,2018-05-14T23:59:59.999Z,3,0
2018-05-15,176,0,0.0162448979591836,0.9193877551020408,0.0643877551020408,95.26530612244898,46.795918367346935,0.0728387981653213,0.0736192986369133,0.0675550028681755,0.0685655027627945,287628000.0,4508052149.0,2018-05-15T00:00:00.000Z,2018-05-15T00:29:16.000Z,2018-05-15T22:59:15.000Z,2018-05-15T23:59:59.999Z,3,0
2018-05-16,177,1,0.019,0.8856249999999999,0.095325,41.9,13.075,0.0681911036372184,0.0721831992268562,0.0640709996223449,0.0719541981816291,492396000.0,4730852774.93,2018-05-16T00:00:00.000Z,2018-05-16T23:34:15.000Z,2018-05-16T02:34:14.000Z,2018-05-16T23:59:59.999Z,3,0
2018-05-17,178,0,0.0054583333333333,0.92975,0.0647916666666666,80.875,36.770833333333336,0.0719124004244804,0.0734416991472244,0.066256396472454,0.0674369037151336,304225984.0,4433848830.2,2018-05-17T00:00:00.000Z,2018-05-17T03:14:14.000Z,2018-05-17T23:34:17.000Z,2018-05-17T23:59:59.999Z,3,0
2018-05-19,179,0,0.0113058823529411,0.8891882352941177,0.0995058823529411,5.7176470588235295,2.011764705882353,0.0694807991385459,0.0705640986561775,0.0676181986927986,0.0691438019275665,206880992.0,4546074281.97,2018-05-19T00:00:00.000Z,2018-05-19T13:19:15.000Z,2018-05-19T08:14:16.000Z,2018-05-19T23:59:59.999Z,3,0
2018-05-21,180,0,0.0072117647058823,0.930070588235294,0.0627176470588235,9.03529411764706,2.4,0.0776998996734619,0.0847280994057655,0.0773814991116523,0.0823775008320808,802233024.0,5416165067.04,2018-05-21T00:00:00.000Z,2018-05-21T04:49:16.000Z,2018-05-21T02:04:15.000Z,2018-05-21T23:59:59.999Z,3,0
2018-05-23,181,0,0.0120864197530864,0.8979259259259259,0.0899753086419753,19.02469135802469,7.802469135802469,0.0750721991062164,0.0766960978507995,0.0678113028407096,0.069847896695137,608060032.0,4592367527.38,2018-05-23T00:00:00.000Z,2018-05-23T03:39:15.000Z,2018-05-23T17:54:14.000Z,2018-05-23T23:59:59.999Z,3,0
2018-05-24,182,1,0.0205555555555555,0.850111111111111,0.1293333333333333,6.888888888888889,1.8888888888888888,0.0700865983963012,0.0743867009878158,0.0687004029750824,0.0730948001146316,587902016.0,4805845071.08,2018-05-24T00:00:00.000Z,2018-05-24T05:09:15.000Z,2018-05-24T09:19:15.000Z,2018-05-24T23:59:59.999Z,3,0
2018-05-25,183,0,0.0041882352941176,0.9269411764705884,0.0688705882352941,87.84705882352941,34.61176470588235,0.0732008963823318,0.073278896510601,0.0694668963551521,0.071278803050518,301519008.0,4686446500.33,2018-05-25T00:00:00.000Z,2018-05-25T02:39:16.000Z,2018-05-25T11:09:15.000Z,2018-05-25T23:59:59.999Z,3,0
2018-05-27,184,0,0.0187906976744186,0.901453488372093,0.0797674418604651,51.174418604651166,18.930232558139537,0.0729809999465942,0.0734509006142616,0.0693804994225502,0.0706012994050979,311443008.0,4641902154.69,2018-05-27T00:00:00.000Z,2018-05-27T10:24:15.000Z,2018-05-27T19:39:15.000Z,2018-05-27T23:59:59.999Z,3,0
2018-05-29,185,1,0.0216746987951807,0.8802048192771085,0.0981204819277108,45.795180722891565,15.08433734939759,0.0610966011881828,0.0659437030553817,0.0573858991265296,0.0650094002485275,569742976.0,4274245289.18,2018-05-29T00:00:00.000Z,2018-05-29T22:14:23.000Z,2018-05-29T02:49:23.000Z,2018-05-29T23:59:59.999Z,3,0
2018-05-31,186,1,0.0109090909090909,0.8992386363636363,0.089875,33.90909090909091,12.420454545454543,0.0624362006783485,0.0640015974640846,0.0594491995871067,0.0605411008000373,371256992.0,3980463001.92,2018-05-31T00:00:00.000Z,2018-05-31T03:14:24.000Z,2018-05-31T04:24:23.000Z,2018-05-31T23:59:59.999Z,3,0
2018-06-01,187,0,0.0,0.944,0.056,0.0,0.0,0.0606124997138977,0.0616047009825706,0.0564154982566833,0.0587070994079113,268287008.0,3859880965.16,2018-06-01T00:00:00.000Z,2018-06-01T00:44:23.000Z,2018-06-01T18:44:23.000Z,2018-06-01T23:59:59.999Z,3,0
2018-06-02,188,1,0.0167951807228915,0.8843132530120481,0.0988915662650602,10.542168674698797,3.746987951807229,0.0588169991970062,0.0632373020052909,0.0577386990189552,0.0611842013895511,297120992.0,4022745612.52,2018-06-02T00:00:00.000Z,2018-06-02T12:14:24.000Z,2018-06-02T01:34:24.000Z,2018-06-02T23:59:59.999Z,3,0
2018-06-04,189,0,0.0120224719101123,0.9270786516853932,0.0608876404494381,31.43820224719101,7.617977528089888,0.0620181001722812,0.0624877996742725,0.0582588016986846,0.0591788999736309,216791008.0,3890900924.23,2018-06-04T00:00:00.000Z,2018-06-04T00:39:26.000Z,2018-06-04T14:29:28.000Z,2018-06-04T23:59:59.999Z,3,0
2018-06-05,190,1,0.0,0.922,0.078,1.0,1.0,0.0592196993529796,0.0608232989907264,0.057337399572134,0.0605770982801914,220480992.0,3982829933.94,2018-06-05T00:00:00.000Z,2018-06-05T17:49:27.000Z,2018-06-05T05:14:28.000Z,2018-06-05T23:59:59.999Z,3,0
2018-06-06,191,0,0.0133023255813953,0.924046511627907,0.0626511627906976,27.337209302325583,6.674418604651163,0.0606213994324207,0.06064959987998,0.0584346987307071,0.0594084002077579,188314000.0,3905990115.86,2018-06-06T00:00:00.000Z,2018-06-06T00:09:28.000Z,2018-06-06T17:09:27.000Z,2018-06-06T23:59:59.999Z,3,0
2018-06-07,192,1,0.0124999999999999,0.8921666666666667,0.0953333333333333,6.5,1.0,0.0594325996935367,0.0603487007319927,0.0583909004926681,0.0588191002607345,164796000.0,3867244753.66,2018-06-07T00:00:00.000Z,2018-06-07T01:19:27.000Z,2018-06-07T22:24:27.000Z,2018-06-07T23:59:59.999Z,3,0
2018-06-08,193,0,0.0124146341463414,0.9061341463414634,0.0814390243902439,17.365853658536587,5.280487804878049,0.0586800016462802,0.0587912015616893,0.0567932017147541,0.0575766004621982,176148000.0,3785552724.95,2018-06-08T00:00:00.000Z,2018-06-08T00:09:26.000Z,2018-06-08T11:09:28.000Z,2018-06-08T23:59:59.999Z,3,0
2018-06-09,194,1,0.0169285714285714,0.9020714285714284,0.0810714285714285,8.285714285714286,2.7857142857142856,0.0577199012041091,0.0592207014560699,0.0571573004126548,0.0571573004126548,171568992.0,3757984541.73,2018-06-09T00:00:00.000Z,2018-06-09T03:09:28.000Z,2018-06-09T23:59:27.000Z,2018-06-09T23:59:59.999Z,3,0
2018-06-10,195,1,0.0101643835616438,0.8957123287671233,0.0941232876712328,33.657534246575345,8.04109589041096,0.0571379996836185,0.0571379996836185,0.0458584986627101,0.0480028018355369,330216000.0,3156093453.68,2018-06-10T00:00:00.000Z,2018-06-10T00:04:42.000Z,2018-06-10T23:09:26.000Z,2018-06-10T23:59:59.999Z,3,0
2018-06-11,196,1,0.0348571428571428,0.8332857142857143,0.132,17.571428571428573,14.0,0.0478602983057498,0.0491157993674278,0.0456961989402771,0.0488294996321201,254203008.0,3210447417.57,2018-06-11T00:00:00.000Z,2018-06-11T02:34:26.000Z,2018-06-11T15:44:27.000Z,2018-06-11T23:59:59.999Z,3,0
2018-06-12,197,0,0.0167701149425287,0.9075747126436782,0.0756551724137931,24.24137931034483,4.896551724137931,0.0487717017531394,0.0488128997385501,0.0428415015339851,0.0439820997416973,199435008.0,2891740021.19,2018-06-12T00:00:00.000Z,2018-06-12T02:14:27.000Z,2018-06-12T23:24:38.000Z,2018-06-12T23:59:59.999Z,3,0
2018-06-13,198,0,0.0337,0.9195333333333332,0.0467666666666666,13.066666666666666,3.9,0.0440080985426902,0.0444075986742973,0.0389497987926006,0.0415327996015548,242384000.0,2730703171.33,2018-06-13T00:00:00.000Z,2018-06-13T00:29:27.000Z,2018-06-13T16:34:26.000Z,2018-06-13T23:59:59.999Z,3,0
2018-06-14,199,0,0.0058064516129032,0.9104354838709676,0.083758064516129,49.70967741935484,10.225806451612904,0.0414595007896423,0.0457316003739833,0.0405661985278129,0.0454168990254402,283351008.0,2986075411.77,2018-06-14T00:00:00.000Z,2018-06-14T21:49:28.000Z,2018-06-14T01:59:27.000Z,2018-06-14T23:59:59.999Z,3,0
2018-06-15,200,1,0.0182857142857142,0.8702,0.1115428571428571,3.4,1.3714285714285714,0.0456172004342079,0.0460737012326717,0.0425339005887508,0.0428702011704444,210247008.0,2818634695.85,2018-06-15T00:00:00.000Z,2018-06-15T00:29:26.000Z,2018-06-15T23:09:26.000Z,2018-06-15T23:59:59.999Z,3,0
2018-06-16,201,0,0.0236530612244897,0.886,0.0903061224489795,44.61224489795919,9.36734693877551,0.0427987985312938,0.0436851009726524,0.0418086014688015,0.0432148016989231,137208000.0,2841291495.12,2018-06-16T00:00:00.000Z,2018-06-16T22:59:27.000Z,2018-06-16T15:59:26.000Z,2018-06-16T23:59:59.999Z,3,0
2018-06-17,202,0,0.0197692307692307,0.894,0.0862307692307692,9.615384615384617,3.0,0.0431630983948707,0.0436048991978168,0.0425582006573677,0.0426481999456882,114357000.0,2804038615.06,2018-06-17T00:00:00.000Z,2018-06-17T03:44:26.000Z,2018-06-17T23:44:27.000Z,2018-06-17T23:59:59.999Z,3,0
2018-06-18,203,0,0.0154936708860759,0.9111139240506329,0.0733924050632911,42.31645569620253,5.962025316455696,0.0425694994628429,0.0456781983375549,0.0414984002709388,0.0450959987938404,173063008.0,2964976842.75,2018-06-18T00:00:00.000Z,2018-06-18T17:44:27.000Z,2018-06-18T13:24:27.000Z,2018-06-18T23:59:59.999Z,3,0
2018-06-19,204,0,0.0416,0.9062,0.0522,84.75,25.05,0.045177899301052,0.0511065982282161,0.0448082014918327,0.0495029985904693,360852000.0,3254728770.77,2018-06-19T00:00:00.000Z,2018-06-19T13:14:27.000Z,2018-06-19T03:24:26.000Z,2018-06-19T23:59:59.999Z,3,0
2018-06-20,205,0,0.0217808219178082,0.8818767123287671,0.0963698630136986,46.0958904109589,11.219178082191782,0.0495806001126766,0.0496453009545803,0.0451330989599227,0.0493937991559505,400321984.0,3247549076.98,2018-06-20T00:00:00.000Z,2018-06-20T15:04:27.000Z,2018-06-20T04:34:25.000Z,2018-06-20T23:59:59.999Z,3,0
2018-06-21,206,0,0.0226428571428571,0.8598214285714285,0.1176071428571428,5.5,1.4285714285714286,0.0492059998214244,0.0501805990934371,0.0474799983203411,0.0486197993159294,214723008.0,3196660038.56,2018-06-21T00:00:00.000Z,2018-06-21T02:19:25.000Z,2018-06-21T13:44:25.000Z,2018-06-21T23:59:59.999Z,3,0
2018-06-22,207,0,0.0218805970149253,0.878223880597015,0.0998955223880597,42.04477611940298,9.71641791044776,0.0486105009913444,0.0489327013492584,0.042247399687767,0.0431355014443397,242306000.0,2836077669.87,2018-06-22T00:00:00.000Z,2018-06-22T01:19:26.000Z,2018-06-22T21:59:27.000Z,2018-06-22T23:59:59.999Z,3,0
2018-06-23,208,0,0.0458333333333333,0.8482222222222222,0.1059444444444444,18.77777777777778,5.222222222222222,0.0432781986892223,0.0447209998965263,0.0425308011472225,0.0441788993775844,151474000.0,2904679249.56,2018-06-23T00:00:00.000Z,2018-06-23T22:04:25.000Z,2018-06-23T06:34:26.000Z,2018-06-23T23:59:59.999Z,3,0
2018-06-24,209,0,0.0200454545454545,0.8850303030303031,0.0949242424242424,33.24242424242424,8.075757575757576,0.0441963002085685,0.0443384982645511,0.0385516993701458,0.0424598008394241,235740000.0,2791651670.83,2018-06-24T00:00:00.000Z,2018-06-24T00:09:26.000Z,2018-06-24T16:04:25.000Z,2018-06-24T23:59:59.999Z,3,0
2018-06-25,210,0,0.0216190476190476,0.8862380952380953,0.0920952380952381,23.23809523809524,6.333333333333333,0.042391300201416,0.043504100292921,0.0412151999771595,0.0423493012785911,146474000.0,2784386504.49,2018-06-25T00:00:00.000Z,2018-06-25T12:04:25.000Z,2018-06-25T03:04:26.000Z,2018-06-25T23:59:59.999Z,3,0
2018-06-26,211,0,0.0123731343283582,0.9178955223880596,0.0697164179104477,58.46268656716418,16.52238805970149,0.0424020998179912,0.0424490012228488,0.0382617004215717,0.0382617004215717,93775000.0,2515634523.33,2018-06-26T00:00:00.000Z,2018-06-26T00:09:25.000Z,2018-06-26T23:59:15.000Z,2018-06-26T23:59:59.999Z,3,0
2018-06-27,212,1,0.0,0.8734482758620689,0.126551724137931,11.827586206896552,3.965517241379312,0.0381865017116069,0.0396899990737438,0.0376849994063377,0.0389867015182971,99853600.0,2563301904.27,2018-06-27T00:00:00.000Z,2018-06-27T10:49:20.000Z,2018-06-27T04:04:21.000Z,2018-06-27T23:59:59.999Z,3,0
2018-06-28,213,0,0.02571875,0.87953125,0.09478125,74.015625,18.421875,0.0390871986746788,0.0397058017551898,0.0363436006009578,0.0366651006042957,104241000.0,2410661088.28,2018-06-28T00:00:00.000Z,2018-06-28T07:54:20.000Z,2018-06-28T23:49:01.000Z,2018-06-28T23:59:59.999Z,3,0
2018-06-29,214,0,0.0187619047619047,0.9177619047619048,0.0634761904761904,30.714285714285715,7.166666666666667,0.0365656018257141,0.0376206003129482,0.0347063988447189,0.0372368991374969,149928992.0,2448255858.52,2018-06-29T00:00:00.000Z,2018-06-29T23:44:01.000Z,2018-06-29T19:19:01.000Z,2018-06-29T23:59:59.999Z,3,0
2018-06-30,215,0,0.0191111111111111,0.9392444444444444,0.0416222222222222,55.422222222222224,12.977777777777778,0.0372790992259979,0.0400017984211444,0.0371723994612693,0.0384234003722667,182466000.0,2526265992.98,2018-06-30T00:00:00.000Z,2018-06-30T01:49:01.000Z,2018-06-30T00:09:01.000Z,2018-06-30T23:59:59.999Z,3,0
2018-07-01,216,1,0.0058421052631578,0.9241578947368422,0.07,9.526315789473683,4.526315789473684,0.0384389013051986,0.0387194007635116,0.0369355008006095,0.0378850996494293,112292000.0,2490873784.49,2018-07-01T00:00:00.000Z,2018-07-01T00:24:01.000Z,2018-07-01T15:04:01.000Z,2018-07-01T23:59:59.999Z,3,0
2018-07-02,217,0,0.0073285714285714,0.9268428571428572,0.0658,41.42857142857143,9.728571428571428,0.0376432016491889,0.0404670014977455,0.037048801779747,0.0395287983119487,174376992.0,2598943955.6,2018-07-02T00:00:00.000Z,2018-07-02T14:14:01.000Z,2018-07-02T06:14:01.000Z,2018-07-02T23:59:59.999Z,3,0
2018-07-03,218,0,0.0159729729729729,0.9184864864864866,0.0655405405405405,14.62162162162162,5.675675675675675,0.0395285002887249,0.0407393015921115,0.0384946018457412,0.0388672016561031,182019008.0,2555445004.93,2018-07-03T00:00:00.000Z,2018-07-03T05:34:05.000Z,2018-07-03T23:09:01.000Z,2018-07-03T23:59:59.999Z,3,0
2018-07-04,219,0,0.0172807017543859,0.8981929824561404,0.0845438596491228,51.70175438596491,27.98245614035088,0.0388517007231712,0.0402403995394706,0.0374682992696762,0.0388949997723102,132730000.0,2557272802.44,2018-07-04T00:00:00.000Z,2018-07-04T13:39:01.000Z,2018-07-04T01:19:01.000Z,2018-07-04T23:59:59.999Z,3,0
2018-07-05,220,0,0.0199032258064516,0.9083225806451614,0.0718064516129032,18.64516129032258,6.096774193548387,0.0391993001103401,0.039767000824213,0.0374055989086627,0.0378612987697124,118836000.0,2489308979.43,2018-07-05T00:00:00.000Z,2018-07-05T02:04:01.000Z,2018-07-05T19:19:01.000Z,2018-07-05T23:59:59.999Z,3,0
2018-07-06,221,0,0.03685,0.8541000000000001,0.1090166666666666,14.483333333333333,4.066666666666666,0.0378432981669902,0.037925899028778,0.0352995991706848,0.0369751006364822,119639000.0,2431043002.89,2018-07-06T00:00:00.000Z,2018-07-06T00:24:01.000Z,2018-07-06T07:39:01.000Z,2018-07-06T23:59:59.999Z,3,0
2018-07-07,222,0,0.0191190476190476,0.8620476190476192,0.1188333333333333,94.52380952380952,22.428571428571427,0.0369272008538246,0.038333598524332,0.036107201129198,0.038333598524332,96368304.0,2520361812.56,2018-07-07T00:00:00.000Z,2018-07-07T23:59:01.000Z,2018-07-07T20:44:01.000Z,2018-07-07T23:59:59.999Z,3,0
2018-07-08,223,0,0.0344285714285714,0.8849761904761904,0.0806190476190476,12.30952380952381,3.5476190476190474,0.0383098013699054,0.0385884009301662,0.0370458997786045,0.0371001996099948,104921000.0,2439268091.66,2018-07-08T00:00:00.000Z,2018-07-08T15:39:01.000Z,2018-07-08T23:49:04.000Z,2018-07-08T23:59:59.999Z,3,0
2018-07-09,224,0,0.01575,0.8928571428571429,0.0913571428571428,18.964285714285715,7.464285714285714,0.0371025018393993,0.0371644012629985,0.0357819013297557,0.0357979014515876,144390000.0,2353644325.86,2018-07-09T00:00:00.000Z,2018-07-09T00:29:10.000Z,2018-07-09T23:54:13.000Z,2018-07-09T23:59:59.999Z,3,0
2018-07-10,225,0,0.0165901639344262,0.907344262295082,0.0760655737704917,36.114754098360656,10.491803278688524,0.0358259007334709,0.036056000739336,0.0328155010938644,0.0335876010358333,132760000.0,2208321274.69,2018-07-10T00:00:00.000Z,2018-07-10T00:44:15.000Z,2018-07-10T11:49:12.000Z,2018-07-10T23:59:59.999Z,3,0
2018-07-11,226,1,0.0193428571428571,0.8894285714285713,0.0911714285714285,42.51428571428571,8.685714285714285,0.0335238017141819,0.0345320999622345,0.0328776016831398,0.03357819840312,173036992.0,2207703242.44,2018-07-11T00:00:00.000Z,2018-07-11T01:04:07.000Z,2018-07-11T06:54:03.000Z,2018-07-11T23:59:59.999Z,3,0
2018-07-12,227,1,0.0065454545454545,0.886909090909091,0.1065636363636363,86.54545454545455,24.87272727272727,0.0335698015987873,0.0335703007876873,0.0313986018300056,0.032227698713541,162156992.0,2118910417.66,2018-07-12T00:00:00.000Z,2018-07-12T00:19:16.000Z,2018-07-12T23:39:05.000Z,2018-07-12T23:59:59.999Z,3,0
2018-07-13,228,0,0.0102894736842105,0.9128684210526316,0.0768421052631578,41.1578947368421,10.289473684210526,0.0322783999145031,0.0344551987946033,0.0322783999145031,0.033339500427246,179488000.0,2192009168.19,2018-07-13T00:00:00.000Z,2018-07-13T18:29:12.000Z,2018-07-13T00:04:09.000Z,2018-07-13T23:59:59.999Z,3,0
2018-07-14,229,1,0.0077169811320754,0.8984528301886793,0.0938490566037735,26.71698113207547,8.18867924528302,0.0332931987941265,0.0338293984532356,0.0326660014688968,0.0334288999438285,170704000.0,2197887049.37,2018-07-14T00:00:00.000Z,2018-07-14T01:39:12.000Z,2018-07-14T09:49:09.000Z,2018-07-14T23:59:59.999Z,3,0
2018-07-15,230,0,0.0207419354838709,0.9097096774193548,0.069516129032258,16.032258064516128,6.290322580645161,0.0334210991859436,0.0349540002644062,0.0331665016710758,0.0343642011284828,180511008.0,2259381258.19,2018-07-15T00:00:00.000Z,2018-07-15T16:49:06.000Z,2018-07-15T02:29:11.000Z,2018-07-15T23:59:59.999Z,3,0
2018-07-16,231,1,0.0065737704918032,0.8846393442622951,0.1087868852459016,60.83606557377049,17.262295081967213,0.0344038009643554,0.0375207997858524,0.0341781005263328,0.0375207997858524,211212000.0,2466921747.41,2018-07-16T00:00:00.000Z,2018-07-16T23:59:02.000Z,2018-07-16T02:29:08.000Z,2018-07-16T23:59:59.999Z,3,0
2018-07-17,232,0,0.02615625,0.8955,0.07834375,14.34375,4.5,0.0374545007944107,0.0405469015240669,0.0361546985805034,0.039759200066328,228396992.0,2614092320.52,2018-07-17T00:00:00.000Z,2018-07-17T21:59:06.000Z,2018-07-17T06:19:08.000Z,2018-07-17T23:59:59.999Z,3,0
2018-07-18,233,0,0.01145,0.90395,0.0845833333333333,93.51666666666668,19.916666666666668,0.0396453998982906,0.0430765002965927,0.0391297005116939,0.0396611988544464,284600992.0,2607649005.58,2018-07-18T00:00:00.000Z,2018-07-18T17:39:17.000Z,2018-07-18T22:34:13.000Z,2018-07-18T23:59:59.999Z,3,0
2018-07-19,234,1,0.0011428571428571,0.8758928571428571,0.1229642857142857,18.25,6.142857142857143,0.0394560992717742,0.0394571013748645,0.0375034995377063,0.0379168987274169,259096992.0,2492964574.44,2018-07-19T00:00:00.000Z,2018-07-19T13:34:07.000Z,2018-07-19T16:59:09.000Z,2018-07-19T23:59:59.999Z,3,0
2018-07-20,235,1,0.01196875,0.84953125,0.138515625,45.109375,13.609375,0.0379026010632514,0.0379026010632514,0.0345924012362957,0.0349062010645866,225139008.0,2295016734.71,2018-07-20T00:00:00.000Z,2018-07-20T00:04:11.000Z,2018-07-20T22:29:02.000Z,2018-07-20T23:59:59.999Z,3,0
2018-07-21,236,1,0.010560975609756,0.8686829268292683,0.1207560975609756,47.707317073170735,13.073170731707316,0.0349348001182079,0.0363130010664463,0.0339916981756687,0.0356031991541385,210056992.0,2340843168.52,2018-07-21T00:00:00.000Z,2018-07-21T18:34:08.000Z,2018-07-21T01:04:09.000Z,2018-07-21T23:59:59.999Z,3,0
2018-07-22,237,1,0.0125918367346938,0.8927755102040816,0.0946326530612245,44.16326530612245,12.16326530612245,0.0355435013771057,0.0363398008048534,0.0350615009665489,0.035123199224472,189920992.0,2309284074.93,2018-07-22T00:00:00.000Z,2018-07-22T15:24:12.000Z,2018-07-22T22:29:08.000Z,2018-07-22T23:59:59.999Z,3,0
2018-07-23,238,1,0.0050588235294117,0.905470588235294,0.0894705882352941,28.529411764705884,8.235294117647058,0.0350936986505985,0.0361105985939502,0.0340415015816688,0.034061100333929,194284000.0,2239453005.55,2018-07-23T00:00:00.000Z,2018-07-23T02:39:04.000Z,2018-07-23T23:19:07.000Z,2018-07-23T23:59:59.999Z,3,0
2018-07-24,239,1,0.0227435897435897,0.8771410256410257,0.1001153846153846,57.26923076923077,19.33333333333333,0.0340800993144512,0.0388748012483119,0.0329048000276088,0.0381067991256713,323728992.0,2505450140.84,2018-07-24T00:00:00.000Z,2018-07-24T14:24:07.000Z,2018-07-24T05:39:07.000Z,2018-07-24T23:59:59.999Z,3,0
2018-07-25,240,0,0.0,1.0,0.0,8.5,1.5,0.0377985015511512,0.0387790985405445,0.0362902991473674,0.0371217988431453,221752992.0,2440688250.87,2018-07-25T00:00:00.000Z,2018-07-25T03:09:06.000Z,2018-07-25T10:14:12.000Z,2018-07-25T23:59:59.999Z,3,0
2018-07-26,241,1,0.0130869565217391,0.8832282608695653,0.1036739130434782,30.20652173913044,12.782608695652174,0.0370942987501621,0.038509801030159,0.0354478992521762,0.0359959006309509,190784992.0,2366662451.97,2018-07-26T00:00:00.000Z,2018-07-26T09:29:20.000Z,2018-07-26T23:19:17.000Z,2018-07-26T23:59:59.999Z,3,0
2018-07-27,242,1,0.0291666666666666,0.8615,0.1093333333333333,64.16666666666667,16.833333333333332,0.0359373986721038,0.0370451994240284,0.0352122001349926,0.0365041010081768,218420992.0,2400075642.3,2018-07-27T00:00:00.000Z,2018-07-27T19:09:20.000Z,2018-07-27T14:59:21.000Z,2018-07-27T23:59:59.999Z,3,0
2018-07-28,243,1,0.0151392405063291,0.8562278481012657,0.128632911392405,58.48101265822785,33.74683544303797,0.0365057997405529,0.0368683002889156,0.0359055995941162,0.0367817990481853,183664000.0,2418333892.91,2018-07-28T00:00:00.000Z,2018-07-28T22:14:27.000Z,2018-07-28T15:29:24.000Z,2018-07-28T23:59:59.999Z,3,0
2018-07-30,244,0,0.0089,0.9217666666666668,0.0693666666666666,41.977777777777774,13.255555555555556,0.0390962,0.0394225,0.0353868,0.0364521,254606000.0,2396656740.5,2018-07-30T00:00:00.000Z,2018-07-30T02:14:23.000Z,2018-07-30T18:04:10.000Z,2018-07-30T23:59:59.999Z,3,0
2018-08-01,245,0,0.0122727272727272,0.9067272727272728,0.081,10.920454545454543,2.9318181818181817,0.0339669,0.0340354,0.0318285,0.0326433,140270000.0,2146235332.86,2018-08-01T00:00:00.000Z,2018-08-01T00:44:09.000Z,2018-08-01T22:04:12.000Z,2018-08-01T23:59:59.999Z,3,0
2018-08-02,246,1,0.0,0.9025,0.0975,80.5,14.75,0.0326767,0.0333242,0.0309938,0.0315386,148160000.0,2073603393.93,2018-08-02T00:00:00.000Z,2018-08-02T01:14:07.000Z,2018-08-02T16:24:48.000Z,2018-08-02T23:59:59.999Z,3,0
2018-08-03,247,0,0.016,0.9045222222222222,0.0794777777777777,71.57777777777778,13.1,0.031528,0.0316586,0.0295319,0.0306018,154910000.0,2012010562.94,2018-08-03T00:00:00.000Z,2018-08-03T18:39:04.000Z,2018-08-03T04:54:16.000Z,2018-08-03T23:59:59.999Z,3,0
