Date,Open,High,Low,Close,Volume,market_cap,Time Open,Time High,Time Low,Time Close
2021-12-30,0.8179193235980395,0.8563138716526091,0.8045000709625929,0.8396488730617828,1880399926.4,39913518999.66,2021-12-30T00:00:00.000Z,2021-12-30T18:17:03.000Z,2021-12-30T00:19:14.000Z,2021-12-30T23:59:59.999Z
2021-12-29,0.8530769342496966,0.8650494169519017,0.8137101102859975,0.8167142355821615,2050248751.32,38823298887.23,2021-12-29T00:00:00.000Z,2021-12-29T01:24:03.000Z,2021-12-29T23:46:03.000Z,2021-12-29T23:59:59.999Z
2021-12-28,0.9267564415973074,0.9267564415973074,0.8486641673154253,0.8529604162070252,2281985956.49,40546296041.7,2021-12-28T00:00:00.000Z,2021-12-28T00:00:03.000Z,2021-12-28T19:20:03.000Z,2021-12-28T23:59:59.999Z
2021-12-27,0.9208038924155446,0.9558846183745233,0.9145084525778264,0.92618449717409,1788981448.58,44027073353.12,2021-12-27T00:00:00.000Z,2021-12-27T17:01:03.000Z,2021-12-27T09:43:03.000Z,2021-12-27T23:59:59.999Z
2021-12-26,0.9256862635729477,0.9340420076337981,0.9072808936976088,0.9211802100004101,1324703098.02,43789189735.82,2021-12-26T00:00:00.000Z,2021-12-26T02:09:03.000Z,2021-12-26T04:01:03.000Z,2021-12-26T23:59:59.999Z
2021-12-25,0.9123938015946365,0.9339138258800924,0.9023149577101551,0.9248186820696246,1747049348.42,43962148014.83,2021-12-25T00:00:00.000Z,2021-12-25T12:34:03.000Z,2021-12-25T00:04:03.000Z,2021-12-25T23:59:59.999Z
2021-12-24,0.9947904859747819,0.9967253604775587,0.8990513737742093,0.9120466336315561,3864725087.11,43355016374.03,2021-12-24T00:00:00.000Z,2021-12-24T00:04:03.000Z,2021-12-24T23:14:03.000Z,2021-12-24T23:59:59.999Z
2021-12-23,0.9548241623442559,1.0165589642967523,0.9408233872570639,0.9932854500242769,4257231145.21,47216781863.91,2021-12-23T00:00:00.000Z,2021-12-23T19:49:03.000Z,2021-12-23T00:33:03.000Z,2021-12-23T23:59:59.999Z
2021-12-22,0.9481009283716499,0.9728088283870546,0.9271779936832378,0.9546987027481485,3317199426.62,45106931979.03,2021-12-22T00:00:00.000Z,2021-12-22T05:16:03.000Z,2021-12-22T13:01:03.000Z,2021-12-22T23:59:59.999Z
2021-12-21,0.8794333955350743,0.9608588215924576,0.8543700777582817,0.9476464341646752,3748952692.05,44773731359.42,2021-12-21T00:00:00.000Z,2021-12-21T22:57:03.000Z,2021-12-21T01:24:03.000Z,2021-12-21T23:59:59.999Z
2021-12-20,0.835938715945761,0.9142707245594979,0.8263760251962244,0.8798283733247816,4587029517.77,41569511380.44,2021-12-20T00:00:00.000Z,2021-12-20T04:01:03.000Z,2021-12-20T00:19:03.000Z,2021-12-20T23:59:59.999Z
2021-12-19,0.8271785283457296,0.8483337481939046,0.8213096020371161,0.8350331837757853,1576121375.25,39453059810.79,2021-12-19T00:00:00.000Z,2021-12-19T23:10:03.000Z,2021-12-19T01:31:03.000Z,2021-12-19T23:59:59.999Z
2021-12-18,0.7990073970503907,0.8346776052960836,0.7928083322125952,0.8273789355820146,1806931648.17,39091417282.49,2021-12-18T00:00:00.000Z,2021-12-18T11:39:03.000Z,2021-12-18T00:13:03.000Z,2021-12-18T23:59:59.999Z
2021-12-17,0.8059900805341766,0.828594227443332,0.7804215562340582,0.7992909491749818,2364224847.48,37764335881.16,2021-12-17T00:00:00.000Z,2021-12-17T05:29:03.000Z,2021-12-17T14:46:03.000Z,2021-12-17T23:59:59.999Z
2021-12-16,0.8277360276886132,0.8370393315208171,0.8046319339136332,0.8062298984414668,2178245899.74,38092182469.48,2021-12-16T00:00:00.000Z,2021-12-16T02:08:03.000Z,2021-12-16T23:58:03.000Z,2021-12-16T23:59:59.999Z
2021-12-15,0.8117229831812002,0.8400844440893267,0.7798139792999267,0.82743075304947,3088068967.79,39093865517.7,2021-12-15T00:00:00.000Z,2021-12-15T20:40:03.000Z,2021-12-15T15:59:03.000Z,2021-12-15T23:59:59.999Z
2021-12-14,0.7827989740448558,0.8175892171373054,0.7755896587738198,0.7962491258558733,3477802545.45,37620617955.13,2021-12-14T00:00:00.000Z,2021-12-14T12:06:03.000Z,2021-12-14T06:49:03.000Z,2021-12-14T23:59:59.999Z
2021-12-13,0.8413526816241628,0.8459352101569204,0.7644913127576639,0.7828943855092314,2509034504.01,36989642588.05,2021-12-13T00:00:00.000Z,2021-12-13T00:16:03.000Z,2021-12-13T19:43:03.000Z,2021-12-13T23:59:59.999Z
2021-12-12,0.8387451462537729,0.8568213869096303,0.8112060054611554,0.8413235680176845,1628060313.23,39750263455.57,2021-12-12T00:00:00.000Z,2021-12-12T18:15:03.000Z,2021-12-12T10:14:03.000Z,2021-12-12T23:59:59.999Z
2021-12-11,0.8020615812642671,0.8443103520006551,0.7893854736474945,0.8393128698767091,2056974460.77,39655263405.8,2021-12-11T00:00:00.000Z,2021-12-11T16:27:03.000Z,2021-12-11T00:19:03.000Z,2021-12-11T23:59:59.999Z
2021-12-10,0.8610252334857895,0.883410957627647,0.7963275380452138,0.8010973827916161,3267095313.95,37849684984.53,2021-12-10T00:00:00.000Z,2021-12-10T00:36:03.000Z,2021-12-10T23:56:03.000Z,2021-12-10T23:59:59.999Z
2021-12-09,0.8621431095823548,0.9305411166682037,0.8351285901806423,0.8612721395724603,4555815212.81,40692779515.98,2021-12-09T00:00:00.000Z,2021-12-09T10:00:03.000Z,2021-12-09T09:39:03.000Z,2021-12-09T23:59:59.999Z
2021-12-08,0.8175385909031686,0.885621542640935,0.8058975614737439,0.8633072586041923,3038966909.38,40788933386.8,2021-12-08T00:00:00.000Z,2021-12-08T18:40:03.000Z,2021-12-08T03:58:03.000Z,2021-12-08T23:59:59.999Z
2021-12-07,0.8290920785923829,0.8457670124810194,0.8071731818642568,0.8185884371081472,2720124734.87,38676090001.14,2021-12-07T00:00:00.000Z,2021-12-07T11:12:03.000Z,2021-12-07T22:55:03.000Z,2021-12-07T23:59:59.999Z
2021-12-06,0.8060473162734993,0.8318636160962471,0.7523323488292961,0.8282879906666055,3447952787.99,39134367676.94,2021-12-06T00:00:00.000Z,2021-12-06T22:56:03.000Z,2021-12-06T11:16:03.000Z,2021-12-06T23:59:59.999Z
2021-12-05,0.8467088122996064,0.8637749518035726,0.7803999395534011,0.8055949215549653,3553480780.08,38062181528.72,2021-12-05T00:00:00.000Z,2021-12-05T00:19:03.000Z,2021-12-05T15:36:03.000Z,2021-12-05T23:59:59.999Z
2021-12-04,0.9240922050914316,0.9266641694587888,0.6145046853091677,0.8470291953067601,6970805725.87,40019838915.64,2021-12-04T00:00:00.000Z,2021-12-04T00:22:03.000Z,2021-12-04T05:28:03.000Z,2021-12-04T23:59:59.999Z
2021-12-03,0.9734532569253869,0.9853202816088167,0.9059680038008984,0.9222437869873696,2714612021.98,43573524974.92,2021-12-03T00:00:00.000Z,2021-12-03T13:36:03.000Z,2021-12-03T20:20:03.000Z,2021-12-03T23:59:59.999Z
2021-12-02,0.9909150231482798,0.9909150231482798,0.959876726344205,0.9723124130313265,2250871710.75,45908803254.81,2021-12-02T00:00:00.000Z,2021-12-02T00:00:20.000Z,2021-12-02T03:21:18.000Z,2021-12-02T23:59:59.999Z
2021-12-01,0.9981898138256347,1.0182686175365088,0.9820228037763492,0.9909296247448917,2570587577.4,46787835444.72,2021-12-01T00:00:00.000Z,2021-12-01T16:20:08.000Z,2021-12-01T21:31:25.000Z,2021-12-01T23:59:59.999Z
2021-11-30,0.9914879186733307,1.030121065938034,0.9736733699542329,0.9987539217401573,2949826821.23,47100211146.6,2021-11-30T00:00:00.000Z,2021-11-30T15:31:26.000Z,2021-11-30T08:26:10.000Z,2021-11-30T23:59:59.999Z
2021-11-29,0.9698217976727854,1.0029054692062753,0.9663278744914837,0.9919607407690262,2917313727.24,46779851695.56,2021-11-29T00:00:00.000Z,2021-11-29T21:32:04.000Z,2021-11-29T09:45:03.000Z,2021-11-29T23:59:59.999Z
2021-11-28,0.947748513311578,0.9697721208416221,0.8965731680143237,0.9687512756558438,2605488238.82,45685317112.38,2021-11-28T00:00:00.000Z,2021-11-28T23:47:03.000Z,2021-11-28T18:43:03.000Z,2021-11-28T23:59:59.999Z
2021-11-27,0.9400134371922118,0.9672768807674248,0.9365614576594072,0.9471583622366552,2410404613.99,44667017449.99,2021-11-27T00:00:00.000Z,2021-11-27T08:37:03.000Z,2021-11-27T21:22:06.000Z,2021-11-27T23:59:59.999Z
2021-11-26,1.0449163201771703,1.0481365323405034,0.9254455820381833,0.9363501985108245,4293461689.48,44157315527.91,2021-11-26T00:00:00.000Z,2021-11-26T00:16:05.000Z,2021-11-26T08:29:03.000Z,2021-11-26T23:59:59.999Z
2021-11-25,1.0341068041153387,1.0646774994865975,1.0241566967454871,1.0318878289253934,3107133470.81,48662772244.55,2021-11-25T00:00:00.000Z,2021-11-25T18:43:03.000Z,2021-11-25T09:19:03.000Z,2021-11-25T23:59:59.999Z
2021-11-24,1.0671534338560085,1.074548608024025,1.011680684067289,1.0420753002690286,3151964355.91,49143202950.14,2021-11-24T00:00:00.000Z,2021-11-24T00:12:03.000Z,2021-11-24T14:50:03.000Z,2021-11-24T23:59:59.999Z
2021-11-23,1.0370944193762637,1.0717510259148466,1.0233464120262221,1.0670567357905913,3098367613.04,50321301841.37,2021-11-23T00:00:00.000Z,2021-11-23T23:04:03.000Z,2021-11-23T09:37:03.000Z,2021-11-23T23:59:59.999Z
2021-11-22,1.0601256254819202,1.069919180099547,1.0279282543856219,1.0366219718145626,2844568484.55,48886029570.33,2021-11-22T00:00:00.000Z,2021-11-22T13:42:03.000Z,2021-11-22T05:11:03.000Z,2021-11-22T23:59:59.999Z
2021-11-21,1.0967475411737972,1.0980785006164766,1.0591535960175522,1.0601730569955143,2213864918.06,49996674605.72,2021-11-21T00:00:00.000Z,2021-11-21T00:01:03.000Z,2021-11-21T23:56:03.000Z,2021-11-21T23:59:59.999Z
2021-11-20,1.091061530991113,1.101396299737047,1.064302225691639,1.0976460662681873,2575832703.44,51763863310.18,2021-11-20T00:00:00.000Z,2021-11-20T01:57:03.000Z,2021-11-20T15:56:03.000Z,2021-11-20T23:59:59.999Z
2021-11-19,1.040922510574563,1.0991929944535705,1.0205850854713385,1.0914922308644175,3716379231.11,51473654740.71,2021-11-19T00:00:00.000Z,2021-11-19T17:26:03.000Z,2021-11-19T03:45:03.000Z,2021-11-19T23:59:59.999Z
2021-11-18,1.0962808483091262,1.1583310380823615,1.0229195617568985,1.0419540622809151,5394362497.81,49137485490.9,2021-11-18T00:00:00.000Z,2021-11-18T01:41:03.000Z,2021-11-18T17:12:03.000Z,2021-11-18T23:59:59.999Z
2021-11-17,1.0901042756909767,1.1132862650047826,1.0699483670447645,1.0962907156767228,3701959224.93,51699946365.63,2021-11-17T00:00:00.000Z,2021-11-17T13:03:03.000Z,2021-11-17T09:43:03.000Z,2021-11-17T23:59:59.999Z
2021-11-16,1.1746535431121519,1.1746535431121519,1.0537176041061216,1.0909337967347803,4829173280.74,51447319559.6,2021-11-16T00:00:00.000Z,2021-11-16T00:00:03.000Z,2021-11-16T10:14:03.000Z,2021-11-16T23:59:59.999Z
2021-11-15,1.1888237873665466,1.2198826163019185,1.1703198187203845,1.1713707238264741,2850390389.06,55240642586.96,2021-11-15T00:00:00.000Z,2021-11-15T07:02:03.000Z,2021-11-15T21:04:03.000Z,2021-11-15T23:59:59.999Z
2021-11-14,1.1911954082431615,1.199936324212347,1.169415145747045,1.1885967283565175,2210065757.16,56053003302.56,2021-11-14T00:00:00.000Z,2021-11-14T00:25:03.000Z,2021-11-14T17:40:03.000Z,2021-11-14T23:59:59.999Z
2021-11-13,1.1894685753631389,1.2041241636813043,1.1687652582616859,1.1919376939514734,2889142419.42,56210559815.27,2021-11-13T00:00:00.000Z,2021-11-13T16:44:03.000Z,2021-11-13T13:54:03.000Z,2021-11-13T23:59:59.999Z
2021-11-12,1.2162479032801654,1.2338813169520169,1.1570486967275007,1.189354747853632,4230289447.99,56088750725.02,2021-11-12T00:00:00.000Z,2021-11-12T00:26:03.000Z,2021-11-12T16:46:03.000Z,2021-11-12T23:59:59.999Z
2021-11-11,1.1927985674683919,1.2532926315618031,1.178312836594302,1.2183635462305453,4904300952.87,57456775920.13,2021-11-11T00:00:00.000Z,2021-11-11T07:27:03.000Z,2021-11-11T02:42:03.000Z,2021-11-11T23:59:59.999Z
2021-11-10,1.2571854684896975,1.3476618487007666,1.1258284926695539,1.1933728810295776,7430166330.4,56186000040.88,2021-11-10T00:00:00.000Z,2021-11-10T17:31:03.000Z,2021-11-10T21:25:03.000Z,2021-11-10T23:59:59.999Z
2021-11-09,1.2825324367507003,1.2875780616090626,1.232059830546819,1.2589302742109294,5211033825.09,59272552244.73,2021-11-09T00:00:00.000Z,2021-11-09T00:03:03.000Z,2021-11-09T12:15:03.000Z,2021-11-09T23:59:59.999Z
2021-11-08,1.221030163733072,1.2963776001761538,1.221030163733072,1.282377221381555,5547697295.9,60376473907.13,2021-11-08T00:00:00.000Z,2021-11-08T05:29:03.000Z,2021-11-08T00:00:03.000Z,2021-11-08T23:59:59.999Z
2021-11-07,1.1532003416674503,1.2375817819096022,1.1481024070717563,1.2175338844113168,3384556620.17,57323540669.27,2021-11-07T00:00:00.000Z,2021-11-07T19:33:03.000Z,2021-11-07T00:34:03.000Z,2021-11-07T23:59:59.999Z
2021-11-06,1.1606339841496662,1.1733029272737747,1.1087739200492317,1.1524544554442655,2630197378.39,54259491823.57,2021-11-06T00:00:00.000Z,2021-11-06T01:01:03.000Z,2021-11-06T11:06:03.000Z,2021-11-06T23:59:59.999Z
2021-11-05,1.2019171406542906,1.2024041348272907,1.1413748112334126,1.1615327048088728,3572443865.62,54686911054.63,2021-11-05T00:00:00.000Z,2021-11-05T00:01:03.000Z,2021-11-05T15:10:03.000Z,2021-11-05T23:59:59.999Z
2021-11-04,1.2105186559973615,1.253728221991136,1.1669325129648012,1.202002503929923,5210115532.46,56592297184.32,2021-11-04T00:00:00.000Z,2021-11-04T02:04:03.000Z,2021-11-04T15:22:03.000Z,2021-11-04T23:59:59.999Z
2021-11-03,1.1359381555153378,1.2330253645849651,1.1269614659941767,1.208795870180902,6526803610.47,56912140279.91,2021-11-03T00:00:00.000Z,2021-11-03T05:07:03.000Z,2021-11-03T00:24:03.000Z,2021-11-03T23:59:59.999Z
2021-11-02,1.0925768419529027,1.1450940403521812,1.086117090801726,1.1361959054497728,3609677729.0,53494011976.35,2021-11-02T00:00:00.000Z,2021-11-02T16:31:03.000Z,2021-11-02T00:45:03.000Z,2021-11-02T23:59:59.999Z
2021-11-01,1.113152790978179,1.1312152925086856,1.0726574305239265,1.0928674247945191,3655823942.64,51381421184.11,2021-11-01T00:00:00.000Z,2021-11-01T00:53:03.000Z,2021-11-01T04:03:03.000Z,2021-11-01T23:59:59.999Z
2021-10-31,1.0859257162748355,1.1524499058887334,1.0727641031158885,1.1132473431667256,4607785326.87,52339587880.11,2021-10-31T00:00:00.000Z,2021-10-31T05:55:03.000Z,2021-10-31T13:37:03.000Z,2021-10-31T23:59:59.999Z
2021-10-30,1.0813781963739937,1.1142850066082215,1.0643895422026821,1.083949185300819,3261273037.79,50962128039.07,2021-10-30T00:00:00.000Z,2021-10-30T06:00:03.000Z,2021-10-30T22:37:03.000Z,2021-10-30T23:59:59.999Z
2021-10-29,1.0590470754411054,1.0901660379894416,1.05617889340793,1.0815032607309605,3549325709.34,50847132315.3,2021-10-29T00:00:00.000Z,2021-10-29T20:44:03.000Z,2021-10-29T00:17:03.000Z,2021-10-29T23:59:59.999Z
2021-10-28,0.9952387286907394,1.0819390053162345,0.984114480996732,1.0588204558022543,5528214768.08,49780694861.64,2021-10-28T00:00:00.000Z,2021-10-28T09:03:03.000Z,2021-10-28T00:59:03.000Z,2021-10-28T23:59:59.999Z
2021-10-27,1.1079413580046846,1.1251920091786292,0.9702048814608252,0.9954520841355458,6433932055.54,46801415837.96,2021-10-27T00:00:00.000Z,2021-10-27T01:33:03.000Z,2021-10-27T08:10:03.000Z,2021-10-27T23:59:59.999Z
2021-10-26,1.0951105904694574,1.1583430485887265,1.093227930365463,1.1080933392936474,3933349796.39,52097271165.58,2021-10-26T00:00:00.000Z,2021-10-26T21:00:03.000Z,2021-10-26T00:11:03.000Z,2021-10-26T23:59:59.999Z
2021-10-25,1.083307193908181,1.1038673989584213,1.0792059613675988,1.095158037370361,2595663483.21,51413671451.17,2021-10-25T00:00:00.000Z,2021-10-25T16:00:03.000Z,2021-10-25T00:08:03.000Z,2021-10-25T23:59:59.999Z
2021-10-24,1.0948760147126615,1.0965532264189488,1.0580435660928529,1.0842826968060457,2240272601.54,50903113917.36,2021-10-24T00:00:00.000Z,2021-10-24T00:18:03.000Z,2021-10-24T18:44:03.000Z,2021-10-24T23:59:59.999Z
2021-10-23,1.0898362376452333,1.1023858541982452,1.0785052778695292,1.0944972711434728,2236173912.52,51382650889.26,2021-10-23T00:00:00.000Z,2021-10-23T16:21:03.000Z,2021-10-23T11:03:03.000Z,2021-10-23T23:59:59.999Z
2021-10-22,1.0899009803870958,1.1258789968596272,1.0791151167835666,1.0883741190147442,3296407031.51,51095191252.34,2021-10-22T00:00:00.000Z,2021-10-22T15:02:03.000Z,2021-10-22T14:26:03.000Z,2021-10-22T23:59:59.999Z
2021-10-21,1.1454064714071286,1.163670083882604,1.0880849686332408,1.0893153063403513,4035726860.09,51139376561.02,2021-10-21T00:00:00.000Z,2021-10-21T01:39:03.000Z,2021-10-21T23:26:03.000Z,2021-10-21T23:59:59.999Z
2021-10-20,1.0919119951041847,1.1529840742573525,1.0885711456917047,1.1423281216521048,3394782025.04,53550188925.46,2021-10-20T00:00:00.000Z,2021-10-20T19:16:03.000Z,2021-10-20T00:43:03.000Z,2021-10-20T23:59:59.999Z
2021-10-19,1.0838923019663833,1.0999854871741765,1.0723561701421764,1.0920804144180112,2586014628.05,51194671132.94,2021-10-19T00:00:00.000Z,2021-10-19T03:43:03.000Z,2021-10-19T14:27:03.000Z,2021-10-19T23:59:59.999Z
2021-10-18,1.0948344140584079,1.1062191042616265,1.0671028203933477,1.0838420818754702,3186066187.89,50808473633.53,2021-10-18T00:00:00.000Z,2021-10-18T00:41:03.000Z,2021-10-18T13:06:03.000Z,2021-10-18T23:59:59.999Z
2021-10-17,1.1346921016516156,1.1399039673847504,1.0273646550094455,1.0934680948071502,3227519874.1,51259722973.64,2021-10-17T00:00:00.000Z,2021-10-17T10:53:03.000Z,2021-10-17T20:22:03.000Z,2021-10-17T23:59:59.999Z
2021-10-16,1.1414729274264173,1.185520009151314,1.1321191681339062,1.1350961604461802,3776545069.01,53211168217.19,2021-10-16T00:00:00.000Z,2021-10-16T12:20:03.000Z,2021-10-16T02:14:03.000Z,2021-10-16T23:59:59.999Z
2021-10-15,1.1335354893048377,1.1643300816904933,1.103971744165023,1.140550030743107,5364938374.95,53466835375.55,2021-10-15T00:00:00.000Z,2021-10-15T06:19:03.000Z,2021-10-15T09:06:03.000Z,2021-10-15T23:59:59.999Z
2021-10-14,1.127490832968002,1.1564227876830004,1.1193041243613449,1.1323155978570463,3184675622.79,53080820684.69,2021-10-14T00:00:00.000Z,2021-10-14T14:29:03.000Z,2021-10-14T08:00:03.000Z,2021-10-14T23:59:59.999Z
2021-10-13,1.1019657817102673,1.1376895387672012,1.0769792985390676,1.1283921360827949,3675636699.26,52815266691.03,2021-10-13T00:00:00.000Z,2021-10-13T22:25:03.000Z,2021-10-13T09:07:03.000Z,2021-10-13T23:59:59.999Z
2021-10-12,1.1383397082697662,1.1383397082697662,1.0676105234024138,1.101859192676922,3959747372.73,51573371752.85,2021-10-12T00:00:00.000Z,2021-10-12T00:00:03.000Z,2021-10-12T12:41:03.000Z,2021-10-12T23:59:59.999Z
2021-10-11,1.1372996737332983,1.1811038133067588,1.109963188892498,1.1378884395249607,4022773987.56,53259748518.61,2021-10-11T00:00:00.000Z,2021-10-11T07:38:03.000Z,2021-10-11T20:13:03.000Z,2021-10-11T23:59:59.999Z
2021-10-10,1.1602764614998538,1.2276626967059503,1.131306995629221,1.1384529522966635,5165905722.91,53286170975.52,2021-10-10T00:00:00.000Z,2021-10-10T06:58:03.000Z,2021-10-10T23:52:03.000Z,2021-10-10T23:59:59.999Z
2021-10-09,1.0618542451593311,1.2082144651085869,1.059254359238906,1.1599257885700773,4844564004.06,54291223685.59,2021-10-09T00:00:00.000Z,2021-10-09T16:54:03.000Z,2021-10-09T00:08:03.000Z,2021-10-09T23:59:59.999Z
2021-10-08,1.0677635195321715,1.0913702311514215,1.0569268419117361,1.062891293334139,2577289115.24,49749449084.16,2021-10-08T00:00:00.000Z,2021-10-08T09:01:03.000Z,2021-10-08T21:10:03.000Z,2021-10-08T23:59:59.999Z
2021-10-07,1.0771858327768877,1.0932087801501549,1.0462201132762783,1.0680260831838988,3192050513.12,49989786894.61,2021-10-07T00:00:00.000Z,2021-10-07T09:01:03.000Z,2021-10-07T01:35:03.000Z,2021-10-07T23:59:59.999Z
2021-10-06,1.084932690994435,1.1059048523285175,1.0215984613429598,1.0776559470964786,3806090853.55,50440520123.31,2021-10-06T00:00:00.000Z,2021-10-06T15:08:03.000Z,2021-10-06T08:39:03.000Z,2021-10-06T23:59:59.999Z
2021-10-05,1.0416879400758143,1.087493474542641,1.0387896539394237,1.0855031046719563,3251465578.54,50747746963.68,2021-10-05T00:00:00.000Z,2021-10-05T23:53:03.000Z,2021-10-05T00:06:03.000Z,2021-10-05T23:59:59.999Z
2021-10-04,1.055771395523486,1.0598595984904722,1.0107050312064543,1.0430042849274135,3164260800.04,48760908472.51,2021-10-04T00:00:00.000Z,2021-10-04T00:10:03.000Z,2021-10-04T15:03:03.000Z,2021-10-04T23:59:59.999Z
2021-10-03,1.0376884673363136,1.0884383776967816,1.0224916864144022,1.0551699438246798,3496121109.11,49329658369.87,2021-10-03T00:00:00.000Z,2021-10-03T18:45:03.000Z,2021-10-03T00:51:03.000Z,2021-10-03T23:59:59.999Z
2021-10-02,1.0420601324604173,1.0717598502941388,1.0095378851659396,1.0386753065146885,3884936924.25,48558526830.16,2021-10-02T00:00:00.000Z,2021-10-02T20:05:03.000Z,2021-10-02T08:36:03.000Z,2021-10-02T23:59:59.999Z
2021-10-01,0.9537644767463181,1.0639968368442834,0.9453554668468095,1.0426236143412335,5125674348.85,48743111955.39,2021-10-01T00:00:00.000Z,2021-10-01T13:31:03.000Z,2021-10-01T02:51:03.000Z,2021-10-01T23:59:59.999Z
2021-09-30,0.9275130048131083,0.9640814201320438,0.9229191706817989,0.9526360495574208,3051316850.03,44536153773.63,2021-09-30T00:00:00.000Z,2021-09-30T04:04:03.000Z,2021-09-30T00:07:03.000Z,2021-09-30T23:59:59.999Z
2021-09-29,0.894590704612796,0.9903496510439415,0.8879481617746038,0.9283493691670602,3558174319.64,43400740797.17,2021-09-29T00:00:00.000Z,2021-09-29T13:09:03.000Z,2021-09-29T00:20:03.000Z,2021-09-29T23:59:59.999Z
2021-09-28,0.92305890897963,0.9425933080235958,0.8924989473277539,0.8936890053846386,2818990506.0,41780353565.36,2021-09-28T00:00:00.000Z,2021-09-28T11:23:03.000Z,2021-09-28T23:58:03.000Z,2021-09-28T23:59:59.999Z
2021-09-27,0.94595802453465,0.98148704027035,0.92108313020043,0.9236852972927,3014579575.06,43152397719.64,2021-09-27T00:00:00.000Z,2021-09-27T02:03:03.000Z,2021-09-27T20:05:03.000Z,2021-09-27T23:59:59.999Z
2021-09-26,0.94157138921997,0.95669208695029,0.89483353594531,0.94472127725877,3142032668.82,44135149070.76,2021-09-26T00:00:00.000Z,2021-09-26T22:11:03.000Z,2021-09-26T08:23:03.000Z,2021-09-26T23:59:59.999Z
2021-09-25,0.94545720583676,0.95685763807546,0.91962512368694,0.94134180154237,3067009121.19,43977267938.92,2021-09-25T00:00:00.000Z,2021-09-25T04:31:03.000Z,2021-09-25T08:44:03.000Z,2021-09-25T23:59:59.999Z
2021-09-24,1.00245518215691,1.00319651157658,0.89239308750939,0.94592421790621,4425027059.07,44191347619.55,2021-09-24T00:00:00.000Z,2021-09-24T00:08:03.000Z,2021-09-24T11:19:03.000Z,2021-09-24T23:59:59.999Z
2021-09-23,1.00452488011798,1.01647129054877,0.97047867737863,1.00204017563657,3734263357.9,46812952763.1,2021-09-23T00:00:00.000Z,2021-09-23T03:21:16.000Z,2021-09-23T11:52:03.000Z,2021-09-23T23:59:59.999Z
2021-09-22,0.87382439117091,1.00935651323634,0.86962003848664,1.00407600756448,4813963291.54,46908062027.37,2021-09-22T00:00:00.000Z,2021-09-22T22:10:20.000Z,2021-09-22T00:47:08.000Z,2021-09-22T23:59:59.999Z
2021-09-21,0.92234350827221,0.95930818046377,0.86073431844519,0.87632852366318,4787985414.22,40940000990.62,2021-09-21T00:00:00.000Z,2021-09-21T12:14:23.000Z,2021-09-21T21:20:25.000Z,2021-09-21T23:59:59.999Z
2021-09-20,1.04898411765389,1.05040577065412,0.8878504519086,0.91715188861218,5775337510.83,42759674554.77,2021-09-20T00:00:00.000Z,2021-09-20T00:02:03.000Z,2021-09-20T12:40:03.000Z,2021-09-20T23:59:59.999Z
2021-09-19,1.07516813070014,1.08203627325378,1.04180667534547,1.04842798773919,2148537762.63,48880060223.91,2021-09-19T00:00:00.000Z,2021-09-19T08:02:03.000Z,2021-09-19T23:32:03.000Z,2021-09-19T23:59:59.999Z
2021-09-18,1.06591256742751,1.0946164791201,1.05738802219362,1.07566755023888,2308814475.73,50150029617.16,2021-09-18T00:00:00.000Z,2021-09-18T06:21:03.000Z,2021-09-18T00:41:03.000Z,2021-09-18T23:59:59.999Z
2021-09-17,1.09087838302964,1.10231364185911,1.05317063096386,1.06559782291702,2989925803.96,49680556383.25,2021-09-17T00:00:00.000Z,2021-09-17T05:03:03.000Z,2021-09-17T12:09:03.000Z,2021-09-17T23:59:59.999Z
2021-09-16,1.12124418102598,1.12920151470086,1.06809823182116,1.09149754219614,3168621353.7,50888059285.64,2021-09-16T00:00:00.000Z,2021-09-16T00:15:03.000Z,2021-09-16T20:54:03.000Z,2021-09-16T23:59:59.999Z
2021-09-15,1.09693869772486,1.12932146972685,1.08056455126053,1.12135279587976,2997048679.83,52279978058.44,2021-09-15T00:00:00.000Z,2021-09-15T20:05:03.000Z,2021-09-15T06:24:03.000Z,2021-09-15T23:59:59.999Z
2021-09-14,1.06536971566885,1.09765283547902,1.058841546315,1.09657447177768,3378813326.75,51124757110.01,2021-09-14T00:00:00.000Z,2021-09-14T23:39:03.000Z,2021-09-14T00:04:03.000Z,2021-09-14T23:59:59.999Z
2021-09-13,1.11942288,1.12591424,1.02964666938574,1.06467826477805,4391908806.05,49598337463.74,2021-09-13T00:00:00.000Z,2021-09-13T00:06:03.000Z,2021-09-13T14:24:03.000Z,2021-09-13T23:59:59.999Z
2021-09-12,1.08027844,1.12724511,1.0598676,1.11963609,3403286575.57,52158563410.7,2021-09-12T00:00:00.000Z,2021-09-12T23:25:03.000Z,2021-09-12T01:25:03.000Z,2021-09-12T23:59:59.999Z
2021-09-11,1.05659683,1.11130144,1.05330614,1.07990638,3986494411.89,50307743576.21,2021-09-11T00:00:00.000Z,2021-09-11T12:23:03.000Z,2021-09-11T03:44:03.000Z,2021-09-11T23:59:59.999Z
2021-09-10,1.08757358,1.24171894,1.03431682,1.05726704,7726257542.62,49253083572.93,2021-09-10T00:00:00.000Z,2021-09-10T01:46:03.000Z,2021-09-10T21:54:03.000Z,2021-09-10T23:59:59.999Z
2021-09-09,1.0902823,1.13610509,0.83825457,1.08940061,5171653352.18,50750034997.25,2021-09-09T00:00:00.000Z,2021-09-09T08:28:03.000Z,2021-09-09T01:39:54.000Z,2021-09-09T23:59:59.999Z
2021-09-08,1.12668542,1.14864165,1.02017462,1.10071997,7367876460.04,51277350704.47,2021-09-08T00:00:00.000Z,2021-09-08T02:30:03.000Z,2021-09-08T08:25:03.000Z,2021-09-08T23:59:59.999Z
2021-09-07,1.3894377,1.39149459,0.97545466,1.12509911,11310427430.44,52364743397.95,2021-09-07T00:00:00.000Z,2021-09-07T00:08:09.000Z,2021-09-07T15:10:03.000Z,2021-09-07T23:59:59.999Z
2021-09-06,1.30731654,1.4137667,1.30731654,1.38941299,7403887685.13,64666529504.63,2021-09-06T00:00:00.000Z,2021-09-06T21:53:09.000Z,2021-09-06T00:00:03.000Z,2021-09-06T23:59:59.999Z
2021-09-05,1.25513006,1.30840172,1.23748264,1.30549751,4077886190.4,60760906594.86,2021-09-05T00:00:00.000Z,2021-09-05T21:02:03.000Z,2021-09-05T06:23:03.000Z,2021-09-05T23:59:59.999Z
2021-09-04,1.29070149,1.29591721,1.24095727,1.255779,4284360887.71,58446890874.13,2021-09-04T00:00:00.000Z,2021-09-04T00:24:03.000Z,2021-09-04T17:27:03.000Z,2021-09-04T23:59:59.999Z
2021-09-03,1.25413744,1.32152136,1.22612691,1.29143479,5896982947.38,60106394915.11,2021-09-03T00:00:00.000Z,2021-09-03T15:28:03.000Z,2021-09-03T00:43:03.000Z,2021-09-03T23:59:59.999Z
2021-09-02,1.23754203,1.29429624,1.22290461,1.25632386,5456908791.87,58472249962.86,2021-09-02T00:00:00.000Z,2021-09-02T12:20:03.000Z,2021-09-02T00:50:43.000Z,2021-09-02T23:59:59.999Z
2021-09-01,1.18691484,1.23488941,1.15912742,1.23488941,4937053998.16,57474640799.6,2021-09-01T00:00:00.000Z,2021-09-01T23:59:01.000Z,2021-09-01T01:03:47.000Z,2021-09-01T23:59:59.999Z
2021-08-31,1.1013357,1.24010363,1.09225007,1.18759253,5897781232.79,55273333180.72,2021-08-31T00:00:00.000Z,2021-08-31T16:18:05.000Z,2021-08-31T00:32:29.000Z,2021-08-31T23:59:59.999Z
2021-08-30,1.14233633,1.14868514,1.09871106,1.10143492,3635181352.38,51231708606.43,2021-08-30T00:00:00.000Z,2021-08-30T20:31:41.000Z,2021-08-30T23:58:45.000Z,2021-08-30T23:59:59.999Z
2021-08-29,1.14592418,1.16768253,1.11666162,1.14083203,3456541618.6,53064210217.42,2021-08-29T00:00:00.000Z,2021-08-29T02:01:13.000Z,2021-08-29T04:06:09.000Z,2021-08-29T23:59:59.999Z
2021-08-28,1.19235091,1.1977039,1.13669834,1.14550451,3655937721.41,53281544266.3,2021-08-28T00:00:00.000Z,2021-08-28T00:04:14.000Z,2021-08-28T14:42:25.000Z,2021-08-28T23:59:59.999Z
2021-08-27,1.07329785,1.1884733,1.05264177,1.1884733,5062671613.16,55280177530.94,2021-08-27T00:00:00.000Z,2021-08-27T23:59:13.000Z,2021-08-27T00:21:10.000Z,2021-08-27T23:59:59.999Z
2021-08-26,1.17458773,1.18631123,1.0699048,1.07526643,4914724770.43,50014517958.77,2021-08-26T00:00:00.000Z,2021-08-26T00:55:18.000Z,2021-08-26T18:24:10.000Z,2021-08-26T23:59:59.999Z
2021-08-25,1.13701103,1.17753044,1.1094305,1.17252883,4735020572.15,54538542684.19,2021-08-25T00:00:00.000Z,2021-08-25T06:01:16.000Z,2021-08-25T09:43:26.000Z,2021-08-25T23:59:59.999Z
2021-08-24,1.24814783,1.26328745,1.12815807,1.13735183,6109699877.12,52902333463.73,2021-08-24T00:00:00.000Z,2021-08-24T07:19:03.000Z,2021-08-24T16:17:15.000Z,2021-08-24T23:59:59.999Z
2021-08-23,1.22681196,1.3042195,1.22209397,1.24726952,6299948689.1,57962916947.4,2021-08-23T00:00:00.000Z,2021-08-23T08:56:03.000Z,2021-08-23T19:13:03.000Z,2021-08-23T23:59:59.999Z
2021-08-22,1.21739426,1.25466288,1.18475527,1.22772163,4452016856.08,57054490733.29,2021-08-22T00:00:00.000Z,2021-08-22T07:22:03.000Z,2021-08-22T15:01:03.000Z,2021-08-22T23:59:59.999Z
2021-08-21,1.26391765,1.28123456,1.20640515,1.21647276,4955470066.45,56531735089.87,2021-08-21T00:00:00.000Z,2021-08-21T02:38:02.000Z,2021-08-21T20:12:03.000Z,2021-08-21T23:59:59.999Z
2021-08-20,1.23345376,1.28697085,1.2010579,1.2632216,6600353563.6,58704239544.35,2021-08-20T00:00:00.000Z,2021-08-20T16:01:03.000Z,2021-08-20T03:25:03.000Z,2021-08-20T23:59:59.999Z
2021-08-19,1.14465801,1.23284153,1.09217067,1.23284153,6781867994.22,57292421910.15,2021-08-19T00:00:00.000Z,2021-08-19T23:59:03.000Z,2021-08-19T12:10:03.000Z,2021-08-19T23:59:59.999Z
2021-08-18,1.09766156,1.19419987,1.05677233,1.14609656,7559385803.01,53261223014.1,2021-08-18T00:00:00.000Z,2021-08-18T18:04:03.000Z,2021-08-18T01:14:03.000Z,2021-08-18T23:59:59.999Z
2021-08-17,1.1862784,1.22267782,1.08827319,1.09819929,7620119367.11,50975782194.47,2021-08-17T00:00:00.000Z,2021-08-17T10:13:03.000Z,2021-08-17T23:54:03.000Z,2021-08-17T23:59:59.999Z
2021-08-16,1.28492935,1.32689867,1.15103222,1.19099343,8364848220.87,55283063915.4,2021-08-16T00:00:00.000Z,2021-08-16T01:35:03.000Z,2021-08-16T20:24:03.000Z,2021-08-16T23:59:59.999Z
2021-08-15,1.28164424,1.34917433,1.23024327,1.28815972,10899164864.23,59793290470.88,2021-08-15T00:00:00.000Z,2021-08-15T02:14:02.000Z,2021-08-15T07:48:03.000Z,2021-08-15T23:59:59.999Z
2021-08-14,1.08983358,1.30921101,1.07102936,1.28041223,12107814480.27,59433670764.96,2021-08-14T00:00:00.000Z,2021-08-14T23:22:03.000Z,2021-08-14T00:46:03.000Z,2021-08-14T23:59:59.999Z
2021-08-13,0.96714617,1.0944956,0.95259082,1.08995993,6425779146.98,50593330595.19,2021-08-13T00:00:00.000Z,2021-08-13T23:47:03.000Z,2021-08-13T00:20:03.000Z,2021-08-13T23:59:59.999Z
2021-08-12,1.01256345,1.04273544,0.92474948,0.96454937,7613283957.04,44772072920.2,2021-08-12T00:00:00.000Z,2021-08-12T01:57:03.000Z,2021-08-12T22:57:03.000Z,2021-08-12T23:59:59.999Z
2021-08-11,0.85127961,1.0870533,0.84874913,1.01252408,8213874829.52,46998944149.47,2021-08-11T00:00:00.000Z,2021-08-11T19:58:03.000Z,2021-08-11T00:02:03.000Z,2021-08-11T23:59:59.999Z
2021-08-10,0.81733734,0.861588,0.80064131,0.85124656,4002349583.69,39512827526.75,2021-08-10T00:00:00.000Z,2021-08-10T22:13:03.000Z,2021-08-10T04:05:03.000Z,2021-08-10T23:59:59.999Z
2021-08-09,0.77901228,0.82739944,0.76090935,0.81855349,3739417342.79,37995293623.39,2021-08-09T00:00:00.000Z,2021-08-09T18:44:03.000Z,2021-08-09T01:15:02.000Z,2021-08-09T23:59:59.999Z
2021-08-08,0.81673393,0.83838137,0.77324615,0.77873938,3954749759.45,36147218021.42,2021-08-08T00:00:00.000Z,2021-08-08T00:24:02.000Z,2021-08-08T17:15:02.000Z,2021-08-08T23:59:59.999Z
2021-08-07,0.74713455,0.81804231,0.74143991,0.8162811,4067148039.93,37889814539.54,2021-08-07T00:00:00.000Z,2021-08-07T23:57:03.000Z,2021-08-07T00:08:02.000Z,2021-08-07T23:59:59.999Z
2021-08-06,0.73298205,0.75214588,0.72398664,0.74651303,2444020491.59,34651347981.71,2021-08-06T00:00:00.000Z,2021-08-06T19:41:02.000Z,2021-08-06T12:04:02.000Z,2021-08-06T23:59:59.999Z
2021-08-05,0.73092017,0.73862091,0.70240056,0.73315096,2387435274.52,33991279559.74,2021-08-05T00:00:00.000Z,2021-08-05T22:19:02.000Z,2021-08-05T12:46:02.000Z,2021-08-05T23:59:59.999Z
2021-08-04,0.71363285,0.73923828,0.69783626,0.73048751,2796312040.53,33867793512.02,2021-08-04T00:00:00.000Z,2021-08-04T22:04:03.000Z,2021-08-04T10:18:29.000Z,2021-08-04T23:59:59.999Z
2021-08-03,0.73846595,0.74441406,0.70187823,0.71272874,2857095374.46,33008209336.62,2021-08-03T00:00:00.000Z,2021-08-03T00:36:05.000Z,2021-08-03T18:24:26.000Z,2021-08-03T23:59:59.999Z
2021-08-02,0.72414532,0.77332468,0.71681753,0.73921951,2648561557.61,34235061801.12,2021-08-02T00:00:00.000Z,2021-08-02T06:47:03.000Z,2021-08-02T01:03:06.000Z,2021-08-02T23:59:59.999Z
2021-08-01,0.74594083,0.77628348,0.70728857,0.7259222,2529023488.35,33619230716.94,2021-08-01T00:00:00.000Z,2021-08-01T03:55:05.000Z,2021-08-01T23:29:05.000Z,2021-08-01T23:59:59.999Z
2021-07-31,0.7521622,0.75770083,0.73776931,0.74778631,2612372196.2,34631811110.68,2021-07-31T00:00:00.000Z,2021-07-31T00:28:19.000Z,2021-07-31T05:32:09.000Z,2021-07-31T23:59:59.999Z
2021-07-30,0.74984586,0.76814924,0.71578094,0.75211906,3328523560.84,34832471452.59,2021-07-30T00:00:00.000Z,2021-07-30T21:51:09.000Z,2021-07-30T09:29:09.000Z,2021-07-30T23:59:59.999Z
2021-07-29,0.73263645,0.76474192,0.69866867,0.74801728,3717954854.78,34642507877.9,2021-07-29T00:00:00.000Z,2021-07-29T23:14:03.000Z,2021-07-29T12:08:03.000Z,2021-07-29T23:59:59.999Z
2021-07-28,0.64557157,0.75184088,0.63222621,0.72544486,6452960526.63,33597124069.42,2021-07-28T00:00:00.000Z,2021-07-28T10:16:03.000Z,2021-07-28T06:44:03.000Z,2021-07-28T23:59:59.999Z
2021-07-27,0.62417374,0.65208338,0.61289327,0.64460404,2800102572.47,29853187866.78,2021-07-27T00:00:00.000Z,2021-07-27T13:02:03.000Z,2021-07-27T02:44:03.000Z,2021-07-27T23:59:59.999Z
2021-07-26,0.60689087,0.6778678,0.60529906,0.62561752,3879282540.66,28944383704.91,2021-07-26T00:00:00.000Z,2021-07-26T19:37:03.000Z,2021-07-26T00:04:06.000Z,2021-07-26T23:59:59.999Z
2021-07-25,0.60919516,0.61176816,0.5913757,0.60635684,1707767304.81,28053282512.2,2021-07-25T00:00:00.000Z,2021-07-25T00:16:04.000Z,2021-07-25T14:24:06.000Z,2021-07-25T23:59:59.999Z
2021-07-24,0.60899728,0.6206961,0.60097113,0.60982689,1967190259.86,28213825525.21,2021-07-24T00:00:00.000Z,2021-07-24T17:21:05.000Z,2021-07-24T20:44:04.000Z,2021-07-24T23:59:59.999Z
2021-07-23,0.59254646,0.60951498,0.5766899,0.60922353,2206128472.19,28185910678.1,2021-07-23T00:00:00.000Z,2021-07-23T23:57:05.000Z,2021-07-23T16:22:03.000Z,2021-07-23T23:59:59.999Z
2021-07-22,0.57155874,0.60253677,0.56172347,0.59220604,2520533539.08,27398591366.97,2021-07-22T00:00:00.000Z,2021-07-22T17:55:05.000Z,2021-07-22T02:37:07.000Z,2021-07-22T23:59:59.999Z
2021-07-21,0.52905386,0.5832967,0.52033766,0.56999841,2610318312.01,26371148756.06,2021-07-21T00:00:00.000Z,2021-07-21T18:14:08.000Z,2021-07-21T01:17:03.000Z,2021-07-21T23:59:59.999Z
2021-07-20,0.55762234,0.56837282,0.5179104,0.52933628,2026435205.8,24489903049.33,2021-07-20T00:00:00.000Z,2021-07-20T00:17:03.000Z,2021-07-20T10:01:03.000Z,2021-07-20T23:59:59.999Z
2021-07-19,0.58722514,0.5893529,0.55517825,0.55755601,1706406670.0,25795497464.92,2021-07-19T00:00:00.000Z,2021-07-19T00:07:03.000Z,2021-07-19T16:35:03.000Z,2021-07-19T23:59:59.999Z
2021-07-18,0.58259274,0.60120335,0.5734223,0.5879219,1567538722.2,27171802324.92,2021-07-18T00:00:00.000Z,2021-07-18T02:28:03.000Z,2021-07-18T14:42:03.000Z,2021-07-18T23:59:59.999Z
2021-07-17,0.58949372,0.5977188,0.57323882,0.58242751,1796242080.21,26917870004.62,2021-07-17T00:00:00.000Z,2021-07-17T01:01:03.000Z,2021-07-17T01:58:03.000Z,2021-07-17T23:59:59.999Z
2021-07-16,0.59754893,0.6167956,0.58882132,0.5907739,1902793057.9,27303612344.17,2021-07-16T00:00:00.000Z,2021-07-16T01:07:03.000Z,2021-07-16T11:45:04.000Z,2021-07-16T23:59:59.999Z
2021-07-15,0.62000492,0.62649976,0.58907204,0.5969413,2027622753.77,27588649221.54,2021-07-15T00:00:00.000Z,2021-07-15T01:03:03.000Z,2021-07-15T17:11:03.000Z,2021-07-15T23:59:59.999Z
2021-07-14,0.61946939,0.62472382,0.5874323,0.62032431,1945120120.81,28669334327.32,2021-07-14T00:00:00.000Z,2021-07-14T22:42:03.000Z,2021-07-14T03:32:03.000Z,2021-07-14T23:59:59.999Z
2021-07-13,0.6294455,0.6402414,0.61070465,0.61952302,1860938763.81,28632301527.4,2021-07-13T00:00:00.000Z,2021-07-13T06:41:03.000Z,2021-07-13T20:04:03.000Z,2021-07-13T23:59:59.999Z
2021-07-12,0.63634212,0.65721028,0.61845093,0.63017834,1908473825.1,29096477844.08,2021-07-12T00:00:00.000Z,2021-07-12T07:17:03.000Z,2021-07-12T19:35:03.000Z,2021-07-12T23:59:59.999Z
2021-07-11,0.62471984,0.64314876,0.61764779,0.63593453,1495491616.46,29362251755.45,2021-07-11T00:00:00.000Z,2021-07-11T22:02:03.000Z,2021-07-11T04:14:03.000Z,2021-07-11T23:59:59.999Z
2021-07-10,0.63722129,0.64817379,0.61470143,0.62546295,1788373888.62,28878759908.11,2021-07-10T00:00:00.000Z,2021-07-10T00:15:03.000Z,2021-07-10T17:36:03.000Z,2021-07-10T23:59:59.999Z
2021-07-09,0.62168783,0.64454703,0.59365983,0.63680389,2380083031.03,29402391753.52,2021-07-09T00:00:00.000Z,2021-07-09T15:15:03.000Z,2021-07-09T01:13:03.000Z,2021-07-09T23:59:59.999Z
2021-07-08,0.65269075,0.65430869,0.61298267,0.6230581,2348704557.7,28767723727.23,2021-07-08T00:00:00.000Z,2021-07-08T00:02:03.000Z,2021-07-08T22:30:03.000Z,2021-07-08T23:59:59.999Z
2021-07-07,0.66525554,0.67330738,0.65101681,0.65157523,2077976603.93,30084411207.13,2021-07-07T00:00:00.000Z,2021-07-07T05:06:03.000Z,2021-07-07T23:57:03.000Z,2021-07-07T23:59:59.999Z
2021-07-06,0.6530552,0.67992344,0.65267606,0.66540248,1938959238.79,30722840710.51,2021-07-06T00:00:00.000Z,2021-07-06T08:59:03.000Z,2021-07-06T00:01:03.000Z,2021-07-06T23:59:59.999Z
2021-07-05,0.69565342,0.69565342,0.64849214,0.65430037,2076373187.71,30193951998.35,2021-07-05T00:00:00.000Z,2021-07-05T00:00:03.000Z,2021-07-05T17:45:03.000Z,2021-07-05T23:59:59.999Z
2021-07-04,0.67321757,0.70778299,0.66580247,0.69494543,1885241526.85,32069596319.4,2021-07-04T00:00:00.000Z,2021-07-04T21:59:03.000Z,2021-07-04T01:32:03.000Z,2021-07-04T23:59:59.999Z
2021-07-03,0.65563879,0.683677,0.64465289,0.67288818,1872819597.06,31051722073.03,2021-07-03T00:00:00.000Z,2021-07-03T21:52:03.000Z,2021-07-03T03:49:03.000Z,2021-07-03T23:59:59.999Z
2021-07-02,0.65989024,0.66728684,0.63472596,0.65676289,2061607207.81,30307589485.09,2021-07-02T00:00:00.000Z,2021-07-02T00:12:02.000Z,2021-07-02T12:30:03.000Z,2021-07-02T23:59:59.999Z
2021-07-01,0.70478532,0.70478532,0.64679589,0.66118021,2553971176.92,30511435259.85,2021-07-01T00:00:00.000Z,2021-07-01T00:00:03.000Z,2021-07-01T19:45:02.000Z,2021-07-01T23:59:59.999Z
2021-06-30,0.70568132,0.71367337,0.6494562,0.70637445,3097076848.86,32597010800.59,2021-06-30T00:00:00.000Z,2021-06-30T00:40:03.000Z,2021-06-30T16:07:03.000Z,2021-06-30T23:59:59.999Z
2021-06-29,0.64394139,0.72772641,0.64235149,0.70172477,3325816845.38,32382442284.87,2021-06-29T00:00:00.000Z,2021-06-29T12:13:03.000Z,2021-06-29T00:02:03.000Z,2021-06-29T23:59:59.999Z
2021-06-28,0.64828473,0.65444544,0.62455104,0.64374639,2323398761.18,29769741286.42,2021-06-28T00:00:00.000Z,2021-06-28T17:19:03.000Z,2021-06-28T12:02:03.000Z,2021-06-28T23:59:59.999Z
2021-06-27,0.6169935,0.65177236,0.59764223,0.64692267,2329301222.1,29916626946.07,2021-06-27T00:00:00.000Z,2021-06-27T23:49:03.000Z,2021-06-27T18:10:03.000Z,2021-06-27T23:59:59.999Z
2021-06-26,0.61158601,0.63167604,0.58241476,0.61543549,2458620797.69,28460517497.9,2021-06-26T00:00:00.000Z,2021-06-26T05:05:03.000Z,2021-06-26T08:14:03.000Z,2021-06-26T23:59:59.999Z
2021-06-25,0.67291093,0.68846859,0.60338303,0.61332274,3120943105.12,28362814442.22,2021-06-25T00:00:00.000Z,2021-06-25T02:40:03.000Z,2021-06-25T17:45:03.000Z,2021-06-25T23:59:59.999Z
2021-06-24,0.63859048,0.69101019,0.61738169,0.67199983,2781916001.69,31076307997.52,2021-06-24T00:00:00.000Z,2021-06-24T17:25:03.000Z,2021-06-24T02:34:03.000Z,2021-06-24T23:59:59.999Z
2021-06-23,0.54694374,0.66054872,0.52366285,0.62653535,4239151745.3,28973825087.86,2021-06-23T00:00:00.000Z,2021-06-23T13:24:01.000Z,2021-06-23T00:19:03.000Z,2021-06-23T23:59:59.999Z
2021-06-22,0.60723167,0.64891896,0.5127098,0.54506708,4784173339.17,25206364296.26,2021-06-22T00:00:00.000Z,2021-06-22T03:41:03.000Z,2021-06-22T13:53:03.000Z,2021-06-22T23:59:59.999Z
2021-06-21,0.7747952,0.77979012,0.60517528,0.61038802,4048720475.04,28203450403.45,2021-06-21T00:00:00.000Z,2021-06-21T00:03:03.000Z,2021-06-21T23:00:03.000Z,2021-06-21T23:59:59.999Z
2021-06-20,0.76037673,0.78429488,0.69937224,0.77637699,3068578655.98,35873098743.8,2021-06-20T00:00:00.000Z,2021-06-20T21:34:03.000Z,2021-06-20T12:24:03.000Z,2021-06-20T23:59:59.999Z
2021-06-19,0.79830634,0.80686947,0.75870965,0.7616733,2208439278.43,35193703528.26,2021-06-19T00:00:00.000Z,2021-06-19T01:38:03.000Z,2021-06-19T23:49:03.000Z,2021-06-19T23:59:59.999Z
2021-06-18,0.842324,0.84491953,0.77498521,0.79764845,2509639517.66,36855962940.44,2021-06-18T00:00:00.000Z,2021-06-18T08:07:03.000Z,2021-06-18T18:55:03.000Z,2021-06-18T23:59:59.999Z
2021-06-17,0.83173338,0.86142898,0.8258751,0.84143816,2684672890.27,38879300577.46,2021-06-17T00:00:00.000Z,2021-06-17T02:18:03.000Z,2021-06-17T18:34:03.000Z,2021-06-17T23:59:59.999Z
2021-06-16,0.86685424,0.87337545,0.82755368,0.83190807,2916163481.02,38438955213.66,2021-06-16T00:00:00.000Z,2021-06-16T07:04:03.000Z,2021-06-16T15:15:03.000Z,2021-06-16T23:59:59.999Z
2021-06-15,0.88706886,0.90225335,0.86029048,0.88980016,3585820721.45,41113903951.96,2021-06-15T00:00:00.000Z,2021-06-15T00:25:10.000Z,2021-06-15T15:07:03.000Z,2021-06-15T23:59:59.999Z
2021-06-14,0.88304764,0.92611019,0.86381507,0.89289677,3005221040.25,41242521556.87,2021-06-14T00:00:00.000Z,2021-06-14T16:17:02.000Z,2021-06-14T12:21:02.000Z,2021-06-14T23:59:59.999Z
2021-06-13,0.83325198,0.88807749,0.81927254,0.88316045,3059837086.14,40792805237.05,2021-06-13T00:00:00.000Z,2021-06-13T21:40:03.000Z,2021-06-13T05:17:03.000Z,2021-06-13T23:59:59.999Z
2021-06-12,0.84787876,0.84787876,0.8076977,0.83268337,2731548389.57,38461290203.89,2021-06-12T00:00:00.000Z,2021-06-12T00:00:03.000Z,2021-06-12T02:32:03.000Z,2021-06-12T23:59:59.999Z
2021-06-11,0.8692466,0.87919072,0.83594306,0.84845025,2502880891.8,39189555813.07,2021-06-11T00:00:00.000Z,2021-06-11T13:54:03.000Z,2021-06-11T22:02:03.000Z,2021-06-11T23:59:59.999Z
2021-06-10,0.92132381,0.92782748,0.85379667,0.86918199,3157272779.96,40147146244.49,2021-06-10T00:00:00.000Z,2021-06-10T00:03:03.000Z,2021-06-10T20:34:03.000Z,2021-06-10T23:59:59.999Z
2021-06-09,0.87405799,0.92003365,0.83233097,0.92003365,3990884688.27,42495962615.16,2021-06-09T00:00:00.000Z,2021-06-09T23:59:03.000Z,2021-06-09T02:35:02.000Z,2021-06-09T23:59:59.999Z
2021-06-08,0.86278092,0.88549837,0.78864339,0.87578752,4491339500.53,40452252990.58,2021-06-08T00:00:00.000Z,2021-06-08T22:32:02.000Z,2021-06-08T15:22:03.000Z,2021-06-08T23:59:59.999Z
2021-06-07,0.94671788,0.97434637,0.84898196,0.86115488,3466113431.5,39743170141.6,2021-06-07T00:00:00.000Z,2021-06-07T00:16:03.000Z,2021-06-07T21:16:03.000Z,2021-06-07T23:59:59.999Z
2021-06-06,0.92348092,0.9495324,0.91875968,0.94528629,2308242806.66,43625920334.92,2021-06-06T00:00:00.000Z,2021-06-06T06:01:03.000Z,2021-06-06T00:03:03.000Z,2021-06-06T23:59:59.999Z
2021-06-05,0.96997903,0.99794697,0.89752881,0.92328578,3257149049.02,42610574444.44,2021-06-05T00:00:00.000Z,2021-06-05T07:09:03.000Z,2021-06-05T21:48:03.000Z,2021-06-05T23:59:59.999Z
2021-06-04,1.04510574,1.0452713,0.92016741,0.97019603,4638523696.86,44775529764.24,2021-06-04T00:00:00.000Z,2021-06-04T00:03:03.000Z,2021-06-04T12:11:03.000Z,2021-06-04T23:59:59.999Z
2021-06-03,1.02514565,1.07827517,1.00854876,1.04532119,3661357808.71,48242632209.39,2021-06-03T00:00:00.000Z,2021-06-03T10:18:03.000Z,2021-06-03T00:52:03.000Z,2021-06-03T23:59:59.999Z
2021-06-02,1.01121407,1.0497459,0.98136508,1.02440033,3598008181.75,47277113119.81,2021-06-02T00:00:00.000Z,2021-06-02T15:24:03.000Z,2021-06-02T01:11:03.000Z,2021-06-02T23:59:59.999Z
2021-06-01,1.04210205,1.09963865,0.97933673,1.01100086,5606414479.35,46658714117.18,2021-06-01T00:00:00.000Z,2021-06-01T00:44:03.000Z,2021-06-01T19:56:03.000Z,2021-06-01T23:59:59.999Z
2021-05-31,0.90638442,1.04902159,0.88255551,1.04658407,6277821473.87,48293159732.06,2021-05-31T00:00:00.000Z,2021-05-31T23:51:03.000Z,2021-05-31T03:11:03.000Z,2021-05-31T23:59:59.999Z
2021-05-30,0.83199443,0.93012743,0.79982496,0.90660881,4077064725.02,41834196844.25,2021-05-30T00:00:00.000Z,2021-05-30T20:35:03.000Z,2021-05-30T01:28:03.000Z,2021-05-30T23:59:59.999Z
2021-05-29,0.89949546,0.93979238,0.79506977,0.83178801,5156278121.01,38381695412.82,2021-05-29T00:00:00.000Z,2021-05-29T05:19:02.000Z,2021-05-29T20:21:03.000Z,2021-05-29T23:59:59.999Z
2021-05-28,0.97395242,0.98345998,0.84757099,0.90014845,6082828978.61,41536092428.01,2021-05-28T00:00:00.000Z,2021-05-28T00:20:02.000Z,2021-05-28T11:54:02.000Z,2021-05-28T23:59:59.999Z
2021-05-27,1.0335741,1.042896,0.93561635,0.97023464,5204084864.76,44770121605.38,2021-05-27T00:00:00.000Z,2021-05-27T00:04:03.000Z,2021-05-27T03:19:03.000Z,2021-05-27T23:59:59.999Z
2021-05-26,0.97583068,1.06694493,0.95010385,1.0337254,6376977398.38,47699814351.56,2021-05-26T00:00:00.000Z,2021-05-26T06:39:03.000Z,2021-05-26T00:30:02.000Z,2021-05-26T23:59:59.999Z
2021-05-25,0.9940301,1.05784017,0.88382712,0.97618689,8637179369.24,45044780046.37,2021-05-25T00:00:00.000Z,2021-05-25T00:41:03.000Z,2021-05-25T12:40:03.000Z,2021-05-25T23:59:59.999Z
2021-05-24,0.79316224,0.9985945,0.75859021,0.99283503,8239461925.5,45812985214.07,2021-05-24T00:00:00.000Z,2021-05-24T23:46:03.000Z,2021-05-24T01:14:03.000Z,2021-05-24T23:59:59.999Z
2021-05-23,0.90651086,0.96734611,0.65225395,0.79701534,10816054413.04,36770599361.44,2021-05-23T00:00:00.000Z,2021-05-23T01:18:03.000Z,2021-05-23T16:42:03.000Z,2021-05-23T23:59:59.999Z
2021-05-22,1.00957669,1.01533882,0.82644617,0.90631728,8750076614.11,41813285048.0,2021-05-22T00:00:00.000Z,2021-05-22T00:02:03.000Z,2021-05-22T05:31:03.000Z,2021-05-22T23:59:59.999Z
2021-05-21,1.18118321,1.21592606,0.86954786,1.0069763,10998911190.64,46457226450.41,2021-05-21T00:00:00.000Z,2021-05-21T00:42:02.000Z,2021-05-21T21:20:03.000Z,2021-05-21T23:59:59.999Z
2021-05-20,1.06153314,1.26844944,0.91181375,1.18553663,13626658451.75,54695173849.0,2021-05-20T00:00:00.000Z,2021-05-20T13:22:02.000Z,2021-05-20T00:54:02.000Z,2021-05-20T23:59:59.999Z
2021-05-19,1.59327046,1.64437979,0.87531797,1.07031315,20523476458.45,37576904035.11,2021-05-19T00:00:00.000Z,2021-05-19T00:28:02.000Z,2021-05-19T12:56:02.000Z,2021-05-19T23:59:59.999Z
2021-05-18,1.49410413,1.70220928,1.4769588,1.5907339,14847139298.17,55848005958.76,2021-05-18T00:00:00.000Z,2021-05-18T11:44:03.000Z,2021-05-18T00:03:03.000Z,2021-05-18T23:59:59.999Z
2021-05-17,1.44920368,1.55932523,1.32827902,1.49630034,13573485605.69,52532601631.21,2021-05-17T00:00:00.000Z,2021-05-17T12:12:03.000Z,2021-05-17T04:07:03.000Z,2021-05-17T23:59:59.999Z
2021-05-16,1.4874566,1.60798174,1.35151583,1.45260573,12405363634.24,50998556787.35,2021-05-16T00:00:00.000Z,2021-05-16T09:42:02.000Z,2021-05-16T19:55:02.000Z,2021-05-16T23:59:59.999Z
2021-05-15,1.40170561,1.58247834,1.32481202,1.48588012,13321419261.16,52166765090.56,2021-05-15T00:00:00.000Z,2021-05-15T15:36:02.000Z,2021-05-15T10:28:02.000Z,2021-05-15T23:59:59.999Z
2021-05-14,1.36334726,1.44222893,1.32454504,1.40291747,7570332416.97,49254085094.24,2021-05-14T00:00:00.000Z,2021-05-14T16:06:02.000Z,2021-05-14T04:45:02.000Z,2021-05-14T23:59:59.999Z
2021-05-13,1.27127315,1.388924,1.20945694,1.35891006,12358993945.77,47709058585.35,2021-05-13T00:00:00.000Z,2021-05-13T07:15:03.000Z,2021-05-13T00:04:03.000Z,2021-05-13T23:59:59.999Z
2021-05-12,1.47913626,1.54245329,1.24786361,1.24786361,9272699845.72,43810403720.58,2021-05-12T00:00:00.000Z,2021-05-12T03:57:03.000Z,2021-05-12T23:59:03.000Z,2021-05-12T23:59:59.999Z
2021-05-11,1.39183542,1.48685968,1.36367565,1.47768244,7973181908.11,51878958423.65,2021-05-11T00:00:00.000Z,2021-05-11T18:45:03.000Z,2021-05-11T01:14:03.000Z,2021-05-11T23:59:59.999Z
2021-05-10,1.53440728,1.62574078,1.25000258,1.38900575,11181774843.99,48765667887.84,2021-05-10T00:00:00.000Z,2021-05-10T07:49:02.000Z,2021-05-10T20:06:03.000Z,2021-05-10T23:59:59.999Z
2021-05-09,1.5634791,1.59341471,1.44412707,1.53529288,8243079607.25,53901564261.5,2021-05-09T00:00:00.000Z,2021-05-09T02:14:02.000Z,2021-05-09T04:16:03.000Z,2021-05-09T23:59:59.999Z
2021-05-08,1.58093989,1.627185,1.54310028,1.56259835,6349608020.05,54860213883.37,2021-05-08T00:00:00.000Z,2021-05-08T08:28:02.000Z,2021-05-08T17:05:02.000Z,2021-05-08T23:59:59.999Z
2021-05-07,1.60397992,1.69125827,1.51129109,1.58175517,10400571927.49,55532777769.36,2021-05-07T00:00:00.000Z,2021-05-07T12:31:02.000Z,2021-05-07T04:38:03.000Z,2021-05-07T23:59:59.999Z
2021-05-06,1.61550712,1.75881964,1.54732448,1.60058065,16099528279.11,72672809670.93,2021-05-06T00:00:00.000Z,2021-05-06T01:08:03.000Z,2021-05-06T18:42:03.000Z,2021-05-06T23:59:59.999Z
2021-05-05,1.38806972,1.62253647,1.37127434,1.61451155,13318453320.15,73305328517.53,2021-05-05T00:00:00.000Z,2021-05-05T23:03:03.000Z,2021-05-05T00:03:03.000Z,2021-05-05T23:59:59.999Z
2021-05-04,1.55595423,1.55723142,1.33866397,1.39237606,12855752789.49,63219482673.43,2021-05-04T00:00:00.000Z,2021-05-04T00:01:03.000Z,2021-05-04T16:49:02.000Z,2021-05-04T23:59:59.999Z
2021-05-03,1.56249349,1.62159853,1.5285558,1.5559947,7612512785.49,70648428003.59,2021-05-03T00:00:00.000Z,2021-05-03T05:28:03.000Z,2021-05-03T13:52:03.000Z,2021-05-03T23:59:59.999Z
2021-05-02,1.65196036,1.65633093,1.53361988,1.56264103,6933641360.86,70950198082.15,2021-05-02T00:00:00.000Z,2021-05-02T00:01:03.000Z,2021-05-02T04:05:03.000Z,2021-05-02T23:59:59.999Z
2021-05-01,1.59840905,1.66501101,1.529947,1.65102495,8206771323.36,74963184004.41,2021-05-01T00:00:00.000Z,2021-05-01T22:58:03.000Z,2021-05-01T09:07:03.000Z,2021-05-01T23:59:59.999Z
2021-04-30,1.39849999,1.63552098,1.37646807,1.59167357,14160854005.08,72268392381.27,2021-04-30T00:00:00.000Z,2021-04-30T12:39:03.000Z,2021-04-30T01:03:03.000Z,2021-04-30T23:59:59.999Z
2021-04-29,1.35796493,1.41833098,1.33094667,1.3993598,7633164142.11,63536572211.27,2021-04-29T00:00:00.000Z,2021-04-29T10:59:03.000Z,2021-04-29T01:11:03.000Z,2021-04-29T23:59:59.999Z
2021-04-28,1.40156322,1.44697452,1.28870135,1.35860097,9272726011.3,61685957512.58,2021-04-28T00:00:00.000Z,2021-04-28T02:27:03.000Z,2021-04-28T06:36:03.000Z,2021-04-28T23:59:59.999Z
2021-04-27,1.36674334,1.45973609,1.33118985,1.40095461,13584693516.6,63608983018.9,2021-04-27T00:00:00.000Z,2021-04-27T11:18:03.000Z,2021-04-27T14:11:03.000Z,2021-04-27T23:59:59.999Z
2021-04-26,1.03518329,1.3690773,1.01692068,1.36850552,15417459290.17,62135663610.22,2021-04-26T00:00:00.000Z,2021-04-26T23:54:03.000Z,2021-04-26T00:04:03.000Z,2021-04-26T23:59:59.999Z
2021-04-25,1.04948955,1.1530248,0.95291451,1.03225582,8573604939.48,46868572792.79,2021-04-25T00:00:00.000Z,2021-04-25T16:02:03.000Z,2021-04-25T21:43:03.000Z,2021-04-25T23:59:59.999Z
2021-04-24,1.17018987,1.17028365,1.02441676,1.04870583,8586287311.87,47615469344.14,2021-04-24T00:00:00.000Z,2021-04-24T00:01:03.000Z,2021-04-24T11:09:03.000Z,2021-04-24T23:59:59.999Z
2021-04-23,1.15713867,1.19400409,0.90107929,1.1696597,20235915090.16,53107262635.37,2021-04-23T00:00:00.000Z,2021-04-23T00:30:03.000Z,2021-04-23T02:26:03.000Z,2021-04-23T23:59:59.999Z
2021-04-22,1.29180686,1.4131924,1.11908634,1.15968188,14899537552.08,52654229110.91,2021-04-22T00:00:00.000Z,2021-04-22T17:06:03.000Z,2021-04-22T21:12:03.000Z,2021-04-22T23:59:59.999Z
2021-04-21,1.38615723,1.45853957,1.28282336,1.29649777,12545052976.99,58866221973.52,2021-04-21T00:00:00.000Z,2021-04-21T02:48:03.000Z,2021-04-21T23:12:03.000Z,2021-04-21T23:59:59.999Z
2021-04-20,1.30995108,1.44563629,1.18622792,1.38329899,15562116614.52,62807347013.17,2021-04-20T00:00:00.000Z,2021-04-20T20:38:03.000Z,2021-04-20T00:41:03.000Z,2021-04-20T23:59:59.999Z
2021-04-19,1.40945697,1.53038051,1.25830678,1.31504432,17637508685.03,59708309820.39,2021-04-19T00:00:00.000Z,2021-04-19T05:00:03.000Z,2021-04-19T14:43:03.000Z,2021-04-19T23:59:59.999Z
2021-04-18,1.55910369,1.57856653,1.17466477,1.4059981,22933939681.62,63837977820.22,2021-04-18T00:00:00.000Z,2021-04-18T00:17:03.000Z,2021-04-18T11:57:03.000Z,2021-04-18T23:59:59.999Z
2021-04-17,1.55302723,1.74052804,1.5415027,1.56005467,14507135285.07,70832766981.07,2021-04-17T00:00:00.000Z,2021-04-17T07:25:03.000Z,2021-04-17T00:04:03.000Z,2021-04-17T23:59:59.999Z
2021-04-16,1.75930329,1.80894771,1.44954797,1.55752673,20594074868.65,70717988350.98,2021-04-16T00:00:00.000Z,2021-04-16T00:32:03.000Z,2021-04-16T11:22:03.000Z,2021-04-16T23:59:59.999Z
2021-04-15,1.83728053,1.88281943,1.65810336,1.76606672,15403982671.33,80186544121.73,2021-04-15T00:00:00.000Z,2021-04-15T00:06:03.000Z,2021-04-15T11:01:03.000Z,2021-04-15T23:59:59.999Z
2021-04-14,1.79424796,1.96499722,1.57907721,1.83923574,29025829007.44,83508712025.6,2021-04-14T00:00:00.000Z,2021-04-14T05:25:03.000Z,2021-04-14T14:15:03.000Z,2021-04-14T23:59:59.999Z
2021-04-13,1.47008036,1.88843866,1.42303428,1.79400136,31123574741.03,81454889101.26,2021-04-13T00:00:00.000Z,2021-04-13T18:23:03.000Z,2021-04-13T01:29:03.000Z,2021-04-13T23:59:59.999Z
2021-04-12,1.35400393,1.47014512,1.32407719,1.46773497,13216559311.98,66641080474.15,2021-04-12T00:00:00.000Z,2021-04-12T23:53:03.000Z,2021-04-12T00:45:03.000Z,2021-04-12T23:59:59.999Z
2021-04-11,1.3720684,1.49207181,1.30882764,1.36053004,21224874412.44,61773544985.43,2021-04-11T00:00:00.000Z,2021-04-11T05:27:03.000Z,2021-04-11T12:23:03.000Z,2021-04-11T23:59:59.999Z
2021-04-10,1.02028161,1.38995666,1.008636,1.37441607,25547794935.11,62404026788.11,2021-04-10T00:00:00.000Z,2021-04-10T16:20:03.000Z,2021-04-10T00:05:03.000Z,2021-04-10T23:59:59.999Z
2021-04-09,1.05341665,1.08315914,0.9865853,1.02083654,10235269531.24,46350091393.65,2021-04-09T00:00:00.000Z,2021-04-09T21:06:05.000Z,2021-04-09T14:31:03.000Z,2021-04-09T23:59:59.999Z
2021-04-08,0.91905523,1.0725679,0.90562745,1.05275643,12888349508.6,47799382930.05,2021-04-08T00:00:00.000Z,2021-04-08T22:41:11.000Z,2021-04-08T03:22:03.000Z,2021-04-08T23:59:59.999Z
2021-04-07,1.09754682,1.10448837,0.8694135,0.91757616,21942171677.96,41661654117.6,2021-04-07T00:00:00.000Z,2021-04-07T00:19:03.000Z,2021-04-07T12:17:03.000Z,2021-04-07T23:59:59.999Z
2021-04-06,0.91691841,1.11791594,0.82440791,1.09626562,36955175104.96,49774875598.27,2021-04-06T00:00:00.000Z,2021-04-06T23:54:03.000Z,2021-04-06T01:19:03.000Z,2021-04-06T23:59:59.999Z
2021-04-05,0.64670265,0.93685533,0.63397378,0.92047305,26415199262.5,41793184885.01,2021-04-05T00:00:00.000Z,2021-04-05T21:32:03.000Z,2021-04-05T01:03:03.000Z,2021-04-05T23:59:59.999Z
2021-04-04,0.59090917,0.64697732,0.58301267,0.64672914,4613898769.21,29364108460.55,2021-04-04T00:00:00.000Z,2021-04-04T23:57:03.000Z,2021-04-04T00:04:03.000Z,2021-04-04T23:59:59.999Z
2021-04-03,0.61677892,0.65335013,0.587748,0.59091504,6757992981.01,26829923528.05,2021-04-03T00:00:00.000Z,2021-04-03T06:10:03.000Z,2021-04-03T22:35:03.000Z,2021-04-03T23:59:59.999Z
2021-04-02,0.57935997,0.61738232,0.57520311,0.6165688,5404854335.67,27994707394.24,2021-04-02T00:00:00.000Z,2021-04-02T23:58:03.000Z,2021-04-02T06:39:03.000Z,2021-04-02T23:59:59.999Z
2021-04-01,0.5739587,0.59581686,0.55900232,0.57929188,4725008531.38,26302184998.9,2021-04-01T00:00:00.000Z,2021-04-01T01:11:03.000Z,2021-04-01T14:17:03.000Z,2021-04-01T23:59:59.999Z
2021-03-31,0.56683339,0.57922815,0.54474573,0.57386946,4849764989.58,26055985343.48,2021-03-31T00:00:00.000Z,2021-03-31T23:14:03.000Z,2021-03-31T10:32:03.000Z,2021-03-31T23:59:59.999Z
2021-03-30,0.56773738,0.58590329,0.56308406,0.56685858,3831603058.2,25737663164.89,2021-03-30T00:00:00.000Z,2021-03-30T04:19:03.000Z,2021-03-30T03:59:03.000Z,2021-03-30T23:59:59.999Z
2021-03-29,0.55064518,0.57071113,0.54818312,0.56787082,3549650230.84,25783622951.06,2021-03-29T00:00:00.000Z,2021-03-29T09:10:03.000Z,2021-03-29T00:11:03.000Z,2021-03-29T23:59:59.999Z
2021-03-28,0.5503772,0.56220472,0.54547788,0.55075583,2795107714.91,25006533341.54,2021-03-28T00:00:00.000Z,2021-03-28T08:04:03.000Z,2021-03-28T12:23:03.000Z,2021-03-28T23:59:59.999Z
2021-03-27,0.56719305,0.5759183,0.53982448,0.55044347,3684247474.83,24992351033.7,2021-03-27T00:00:00.000Z,2021-03-27T00:40:03.000Z,2021-03-27T12:43:03.000Z,2021-03-27T23:59:59.999Z
2021-03-26,0.51738933,0.57497524,0.51651503,0.56705516,5807865028.36,25746588636.17,2021-03-26T00:00:00.000Z,2021-03-26T11:49:03.000Z,2021-03-26T00:01:03.000Z,2021-03-26T23:59:59.999Z
2021-03-25,0.48823362,0.5273677,0.47112817,0.51749833,6061921453.84,23496509076.93,2021-03-25T00:00:00.000Z,2021-03-25T22:10:03.000Z,2021-03-25T02:01:03.000Z,2021-03-25T23:59:59.999Z
2021-03-24,0.5562654,0.56467728,0.46928451,0.48883678,5446433135.03,22195159228.16,2021-03-24T00:00:00.000Z,2021-03-24T13:33:03.000Z,2021-03-24T22:26:03.000Z,2021-03-24T23:59:59.999Z
2021-03-23,0.55013452,0.5993134,0.54396987,0.55659505,7610195004.82,25271657446.35,2021-03-23T00:00:00.000Z,2021-03-23T02:28:03.000Z,2021-03-23T21:32:03.000Z,2021-03-23T23:59:59.999Z
2021-03-22,0.51981021,0.60261755,0.505471,0.54994159,9732075815.54,24969563563.05,2021-03-22T00:00:00.000Z,2021-03-22T18:31:03.000Z,2021-03-22T00:55:03.000Z,2021-03-22T23:59:59.999Z
2021-03-21,0.52741578,0.54637661,0.49992842,0.51983541,5539749484.47,23602621698.97,2021-03-21T00:00:00.000Z,2021-03-21T00:19:03.000Z,2021-03-21T11:20:03.000Z,2021-03-21T23:59:59.999Z
2021-03-20,0.47110529,0.55292916,0.47016115,0.52699085,6757879312.33,23927507590.93,2021-03-20T00:00:00.000Z,2021-03-20T22:31:04.000Z,2021-03-20T00:13:03.000Z,2021-03-20T23:59:59.999Z
2021-03-19,0.47279708,0.47838826,0.46343189,0.4711709,2626051305.3,21393057090.54,2021-03-19T00:00:00.000Z,2021-03-19T12:10:03.000Z,2021-03-19T00:21:03.000Z,2021-03-19T23:59:59.999Z
2021-03-18,0.47238267,0.49080923,0.45583595,0.47291937,3265976424.64,21472444567.65,2021-03-18T00:00:00.000Z,2021-03-18T12:19:03.000Z,2021-03-18T13:31:03.000Z,2021-03-18T23:59:59.999Z
2021-03-17,0.46282248,0.48331168,0.45706138,0.47241705,4341765346.51,21449637130.47,2021-03-17T00:00:00.000Z,2021-03-17T03:28:03.000Z,2021-03-17T09:39:03.000Z,2021-03-17T23:59:59.999Z
2021-03-16,0.43745378,0.51495941,0.43007769,0.46259998,7382009786.12,21003902721.03,2021-03-16T00:00:00.000Z,2021-03-16T06:34:03.000Z,2021-03-16T01:09:03.000Z,2021-03-16T23:59:59.999Z
2021-03-15,0.4420871,0.44831422,0.4265467,0.43755501,3116009271.0,19866760407.52,2021-03-15T00:00:00.000Z,2021-03-15T04:31:03.000Z,2021-03-15T09:43:03.000Z,2021-03-15T23:59:59.999Z
2021-03-14,0.45963106,0.46209239,0.44211151,0.44211151,2509435799.58,20073643665.36,2021-03-14T00:00:00.000Z,2021-03-14T00:25:03.000Z,2021-03-14T23:59:03.000Z,2021-03-14T23:59:59.999Z
2021-03-13,0.44110948,0.4648238,0.43552157,0.45992445,3212270555.35,20882422749.77,2021-03-13T00:00:00.000Z,2021-03-13T21:05:03.000Z,2021-03-13T00:25:03.000Z,2021-03-13T23:59:59.999Z
2021-03-12,0.45299132,0.46369387,0.43301496,0.44113069,3326213717.01,20029110602.28,2021-03-12T00:00:00.000Z,2021-03-12T03:43:03.000Z,2021-03-12T13:34:03.000Z,2021-03-12T23:59:59.999Z
2021-03-11,0.46304905,0.46428151,0.44301661,0.45295964,3186670815.18,20566192322.65,2021-03-11T00:00:00.000Z,2021-03-11T00:22:03.000Z,2021-03-11T10:03:03.000Z,2021-03-11T23:59:59.999Z
2021-03-10,0.48590298,0.48764747,0.45883117,0.46316597,3271277630.62,21029601065.38,2021-03-10T00:00:00.000Z,2021-03-10T00:04:03.000Z,2021-03-10T21:11:03.000Z,2021-03-10T23:59:59.999Z
2021-03-09,0.47374483,0.48598773,0.47244166,0.48598773,3020728025.13,22065800899.46,2021-03-09T00:00:00.000Z,2021-03-09T23:59:03.000Z,2021-03-09T00:33:03.000Z,2021-03-09T23:59:59.999Z
2021-03-08,0.46688845,0.48598939,0.45731861,0.47359734,3587390974.86,21503227134.57,2021-03-08T00:00:00.000Z,2021-03-08T10:04:03.000Z,2021-03-08T09:40:03.000Z,2021-03-08T23:59:59.999Z
2021-03-07,0.4650942,0.4692861,0.45986601,0.46686727,2364586464.2,21197655054.81,2021-03-07T00:00:00.000Z,2021-03-07T10:28:03.000Z,2021-03-07T20:17:03.000Z,2021-03-07T23:59:59.999Z
2021-03-06,0.45786376,0.47068809,0.45249527,0.46510621,2758849692.45,21117695564.41,2021-03-06T00:00:00.000Z,2021-03-06T03:49:03.000Z,2021-03-06T13:29:03.000Z,2021-03-06T23:59:59.999Z
2021-03-05,0.48583084,0.48583084,0.44994799,0.45811912,4288262515.99,20800453451.03,2021-03-05T00:00:00.000Z,2021-03-05T00:00:03.000Z,2021-03-05T02:07:03.000Z,2021-03-05T23:59:59.999Z
2021-03-04,0.45005969,0.49314245,0.4380025,0.48660534,6027421636.99,22093842734.2,2021-03-04T00:00:00.000Z,2021-03-04T16:34:03.000Z,2021-03-04T04:58:03.000Z,2021-03-04T23:59:59.999Z
2021-03-03,0.43690301,0.4666524,0.43352588,0.45027913,3304301858.27,20444486466.19,2021-03-03T00:00:00.000Z,2021-03-03T11:31:03.000Z,2021-03-03T00:09:03.000Z,2021-03-03T23:59:59.999Z
2021-03-02,0.4464961,0.45476367,0.42484324,0.43683726,3388591213.18,19834171592.41,2021-03-02T00:00:00.000Z,2021-03-02T00:17:03.000Z,2021-03-02T17:15:03.000Z,2021-03-02T23:59:59.999Z
2021-03-01,0.41510926,0.45134755,0.41358698,0.44724414,3547533776.77,20306685603.42,2021-03-01T00:00:00.000Z,2021-03-01T16:26:03.000Z,2021-03-01T00:07:03.000Z,2021-03-01T23:59:59.999Z
2021-02-28,0.43776427,0.43944012,0.39769878,0.41495318,4325860134.43,18840545903.33,2021-02-28T00:00:00.000Z,2021-02-28T01:25:03.000Z,2021-02-28T16:16:03.000Z,2021-02-28T23:59:59.999Z
2021-02-27,0.42790433,0.45759649,0.42790433,0.43780898,4756622832.91,19878291691.35,2021-02-27T00:00:00.000Z,2021-02-27T13:13:03.000Z,2021-02-27T00:00:03.000Z,2021-02-27T23:59:59.999Z
2021-02-26,0.43494082,0.45043993,0.41555853,0.42790019,6476253874.48,19428392307.28,2021-02-26T00:00:00.000Z,2021-02-26T16:29:03.000Z,2021-02-26T00:38:03.000Z,2021-02-26T23:59:59.999Z
2021-02-25,0.47177568,0.48251693,0.42910328,0.43452354,5952353923.51,19729119199.09,2021-02-25T00:00:00.000Z,2021-02-25T00:46:03.000Z,2021-02-25T23:52:03.000Z,2021-02-25T23:59:59.999Z
2021-02-24,0.47420092,0.49936965,0.45475888,0.47183151,8015468859.3,21423051552.55,2021-02-24T00:00:00.000Z,2021-02-24T09:28:03.000Z,2021-02-24T22:15:04.000Z,2021-02-24T23:59:59.999Z
2021-02-23,0.57098918,0.57098918,0.37930209,0.47356259,14359021785.9,21501649334.26,2021-02-23T00:00:00.000Z,2021-02-23T00:00:03.000Z,2021-02-23T09:13:03.000Z,2021-02-23T23:59:59.999Z
2021-02-22,0.54832441,0.63985051,0.52006904,0.57174115,18769236631.59,25959351669.07,2021-02-22T00:00:00.000Z,2021-02-22T06:01:03.000Z,2021-02-22T04:46:03.000Z,2021-02-22T23:59:59.999Z
2021-02-21,0.51687934,0.55836731,0.50846391,0.54856014,6569716152.88,24906840533.95,2021-02-21T00:00:00.000Z,2021-02-21T11:43:03.000Z,2021-02-21T00:07:03.000Z,2021-02-21T23:59:59.999Z
2021-02-20,0.56688315,0.58242381,0.48244043,0.51751221,7892199926.39,23497139197.04,2021-02-20T00:00:00.000Z,2021-02-20T06:52:03.000Z,2021-02-20T22:45:04.000Z,2021-02-20T23:59:59.999Z
2021-02-19,0.53256997,0.57908432,0.52065491,0.56701857,6896487164.35,25744927541.23,2021-02-19T00:00:00.000Z,2021-02-19T12:30:03.000Z,2021-02-19T02:10:03.000Z,2021-02-19T23:59:59.999Z
2021-02-18,0.53509777,0.55864091,0.52387216,0.5324331,5621706994.69,24174607717.38,2021-02-18T00:00:00.000Z,2021-02-18T06:25:03.000Z,2021-02-18T12:16:03.000Z,2021-02-18T23:59:59.999Z
2021-02-17,0.52079846,0.55436056,0.49711614,0.53553723,9332962077.49,24315547799.14,2021-02-17T00:00:00.000Z,2021-02-17T17:01:03.000Z,2021-02-17T05:57:03.000Z,2021-02-17T23:59:59.999Z
2021-02-16,0.54859501,0.57731516,0.49003827,0.52084597,10310430731.87,23648505355.39,2021-02-16T00:00:00.000Z,2021-02-16T04:43:03.000Z,2021-02-16T21:22:03.000Z,2021-02-16T23:59:59.999Z
2021-02-15,0.59345348,0.600052,0.52156424,0.54891537,10563510365.06,24922969086.0,2021-02-15T00:00:00.000Z,2021-02-15T00:33:03.000Z,2021-02-15T02:35:03.000Z,2021-02-15T23:59:59.999Z
2021-02-14,0.62844966,0.63238589,0.56715511,0.5941931,10460949240.48,26978760718.17,2021-02-14T00:00:00.000Z,2021-02-14T00:07:03.000Z,2021-02-14T14:52:03.000Z,2021-02-14T23:59:59.999Z
2021-02-13,0.60810519,0.6370347,0.54991784,0.62899615,14161115004.6,28558959197.54,2021-02-13T00:00:00.000Z,2021-02-13T03:25:03.000Z,2021-02-13T11:13:03.000Z,2021-02-13T23:59:59.999Z
2021-02-12,0.52462749,0.61262968,0.51826489,0.60859231,13950086407.32,27632542729.79,2021-02-12T00:00:00.000Z,2021-02-12T23:40:04.000Z,2021-02-12T01:11:03.000Z,2021-02-12T23:59:59.999Z
2021-02-11,0.50305255,0.52761726,0.50113619,0.52478651,8979459920.35,23827421834.5,2021-02-11T00:00:00.000Z,2021-02-11T20:35:04.000Z,2021-02-11T00:04:03.000Z,2021-02-11T23:59:59.999Z
2021-02-10,0.47191863,0.53410474,0.46599033,0.5034453,13793347171.84,22858444785.12,2021-02-10T00:00:00.000Z,2021-02-10T08:46:03.000Z,2021-02-10T12:41:03.000Z,2021-02-10T23:59:59.999Z
2021-02-09,0.44765934,0.48519079,0.44757041,0.47199055,9634769935.39,21430272598.86,2021-02-09T00:00:00.000Z,2021-02-09T04:38:03.000Z,2021-02-09T01:10:03.000Z,2021-02-09T23:59:59.999Z
2021-02-08,0.4177655,0.45991625,0.412719,0.447702,8180714581.31,20327474410.0,2021-02-08T00:00:00.000Z,2021-02-08T14:11:03.000Z,2021-02-08T02:56:03.000Z,2021-02-08T23:59:59.999Z
2021-02-07,0.43912813,0.44551885,0.39876723,0.41795756,7495069764.55,18976956806.59,2021-02-07T00:00:00.000Z,2021-02-07T01:44:03.000Z,2021-02-07T16:19:03.000Z,2021-02-07T23:59:59.999Z
2021-02-06,0.45015712,0.4522818,0.42671043,0.43909568,7625571665.58,19936712821.83,2021-02-06T00:00:00.000Z,2021-02-06T00:04:03.000Z,2021-02-06T01:55:03.000Z,2021-02-06T23:59:59.999Z
2021-02-05,0.44532514,0.46470514,0.42510223,0.45004704,10229060639.55,20433948823.72,2021-02-05T00:00:00.000Z,2021-02-05T01:13:03.000Z,2021-02-05T11:07:03.000Z,2021-02-05T23:59:59.999Z
2021-02-04,0.3934106,0.47230557,0.37918058,0.4464491,13193400182.32,20270587944.5,2021-02-04T00:00:00.000Z,2021-02-04T22:11:03.000Z,2021-02-04T09:13:03.000Z,2021-02-04T23:59:59.999Z
2021-02-03,0.36936404,0.40806164,0.36936404,0.39348981,8672301822.06,17866022515.48,2021-02-03T00:00:00.000Z,2021-02-03T16:37:03.000Z,2021-02-03T00:00:03.000Z,2021-02-03T23:59:59.999Z
2021-02-02,0.37052046,0.40426357,0.34426852,0.36927,12756138062.39,16766345435.96,2021-02-02T00:00:00.000Z,2021-02-02T11:28:03.000Z,2021-02-02T01:55:03.000Z,2021-02-02T23:59:59.999Z
2021-02-01,0.49251245,0.74482054,0.3606929,0.37150866,34974233953.32,16867989811.86,2021-02-01T00:00:00.000Z,2021-02-01T11:14:03.000Z,2021-02-01T22:34:03.000Z,2021-02-01T23:59:59.999Z
2021-01-31,0.43783155,0.49970232,0.38949785,0.49231408,24394851755.58,22353042408.27,2021-01-31T00:00:00.000Z,2021-01-31T10:39:03.000Z,2021-01-31T03:26:03.000Z,2021-01-31T23:59:59.999Z
2021-01-30,0.28215207,0.48934619,0.27982525,0.44024444,24417465996.87,19988871042.99,2021-01-30T00:00:00.000Z,2021-01-30T16:28:03.000Z,2021-01-30T03:37:03.000Z,2021-01-30T23:59:59.999Z
2021-01-29,0.27053047,0.31019353,0.26048783,0.28218765,8031899348.05,12812456127.64,2021-01-29T00:00:00.000Z,2021-01-29T05:49:03.000Z,2021-01-29T04:22:03.000Z,2021-01-29T23:59:59.999Z
2021-01-28,0.25191458,0.26900863,0.24878647,0.26412208,2793379610.88,11992206363.03,2021-01-28T00:00:00.000Z,2021-01-28T23:28:03.000Z,2021-01-28T00:25:03.000Z,2021-01-28T23:59:59.999Z
2021-01-27,0.26885593,0.26897216,0.24553212,0.25194347,2940937078.98,11439248737.61861,2021-01-27T00:00:00.000Z,2021-01-27T00:04:03.000Z,2021-01-27T14:54:03.000Z,2021-01-27T23:59:59.999Z
2021-01-26,0.26904922,0.27110351,0.25970775,0.26882663,2790821503.11,12205812184.4594,2021-01-26T00:00:00.000Z,2021-01-26T02:01:03.000Z,2021-01-26T14:49:03.000Z,2021-01-26T23:59:59.999Z
2021-01-25,0.27347297,0.28241733,0.26880025,0.26908877,2925493997.19,12217714233.2147,2021-01-25T00:00:00.000Z,2021-01-25T14:23:03.000Z,2021-01-25T22:32:03.000Z,2021-01-25T23:59:59.999Z
2021-01-24,0.27183984,0.27742465,0.27021568,0.2735085,2472431874.99,12418387933.00315,2021-01-24T00:00:00.000Z,2021-01-24T05:41:03.000Z,2021-01-24T00:04:03.000Z,2021-01-24T23:59:59.999Z
2021-01-23,0.27261076,0.28262269,0.26697864,0.27182148,3018882841.38,12341790397.92694,2021-01-23T00:00:00.000Z,2021-01-23T01:01:03.000Z,2021-01-23T13:07:03.000Z,2021-01-23T23:59:59.999Z
2021-01-22,0.26877562,0.27784325,0.24491746,0.27279859,4501765714.33,12386155166.909834,2021-01-22T00:00:00.000Z,2021-01-22T21:14:03.000Z,2021-01-22T00:34:03.000Z,2021-01-22T23:59:59.999Z
2021-01-21,0.29646649,0.30621835,0.26312363,0.26894641,4453463443.36,12211250678.406933,2021-01-21T00:00:00.000Z,2021-01-21T03:07:03.000Z,2021-01-21T22:41:03.000Z,2021-01-21T23:59:59.999Z
2021-01-20,0.29421855,0.30862124,0.28198578,0.29651801,4528341598.21,13463112368.957293,2021-01-20T00:00:00.000Z,2021-01-20T07:23:03.000Z,2021-01-20T11:25:03.000Z,2021-01-20T23:59:59.999Z
2021-01-19,0.28482555,0.32618792,0.283997,0.2943137,5583136814.5,13363027568.889671,2021-01-19T00:00:00.000Z,2021-01-19T06:04:03.000Z,2021-01-19T00:40:03.000Z,2021-01-19T23:59:59.999Z
2021-01-18,0.27737195,0.28762379,0.27263674,0.28476919,3239112861.45,12929668503.959078,2021-01-18T00:00:00.000Z,2021-01-18T10:01:03.000Z,2021-01-18T03:55:03.000Z,2021-01-18T23:59:59.999Z
2021-01-17,0.28006687,0.28526809,0.27065174,0.27738365,3488557208.01,12594335138.243153,2021-01-17T00:00:00.000Z,2021-01-17T02:02:03.000Z,2021-01-17T10:04:03.000Z,2021-01-17T23:59:59.999Z
2021-01-16,0.28029241,0.29519115,0.27701007,0.28018836,4116256006.91,12721680325.523476,2021-01-16T00:00:00.000Z,2021-01-16T12:11:03.000Z,2021-01-16T05:49:03.000Z,2021-01-16T23:59:59.999Z
2021-01-15,0.29556898,0.30175669,0.26474733,0.2804055,4955409029.29,12731539390.993313,2021-01-15T00:00:00.000Z,2021-01-15T01:34:03.000Z,2021-01-15T16:10:03.000Z,2021-01-15T23:59:59.999Z
2021-01-14,0.3055364,0.30834329,0.28421144,0.29543791,5277189444.0,13414071297.72611,2021-01-14T00:00:00.000Z,2021-01-14T00:10:03.000Z,2021-01-14T02:25:03.000Z,2021-01-14T23:59:59.999Z
2021-01-13,0.2920282,0.30879798,0.28688895,0.30557979,4831812051.28,13874553414.057388,2021-01-13T00:00:00.000Z,2021-01-13T22:04:03.000Z,2021-01-13T01:00:03.000Z,2021-01-13T23:59:59.999Z
2021-01-12,0.28867655,0.30992366,0.27936977,0.29212313,6557418313.62,13263566886.863392,2021-01-12T00:00:00.000Z,2021-01-12T06:49:03.000Z,2021-01-12T14:38:03.000Z,2021-01-12T23:59:59.999Z
2021-01-11,0.31794093,0.31794093,0.25946787,0.28890503,9787288502.54,13117452413.857553,2021-01-11T00:00:00.000Z,2021-01-11T00:00:03.000Z,2021-01-11T03:40:03.000Z,2021-01-11T23:59:59.999Z
2021-01-10,0.32683349,0.36522057,0.29215909,0.31833641,9647740012.28,14453755388.352276,2021-01-10T00:00:00.000Z,2021-01-10T05:52:03.000Z,2021-01-10T20:31:03.000Z,2021-01-10T23:59:59.999Z
2021-01-09,0.32315641,0.33985872,0.30789503,0.32691622,7184429144.91,14843313423.838371,2021-01-09T00:00:00.000Z,2021-01-09T21:22:03.000Z,2021-01-09T01:28:03.000Z,2021-01-09T23:59:59.999Z
2021-01-08,0.32608857,0.34591582,0.29153925,0.32322959,9825829516.38,14675925484.653404,2021-01-08T00:00:00.000Z,2021-01-08T00:10:03.000Z,2021-01-08T02:46:03.000Z,2021-01-08T23:59:59.999Z
2021-01-07,0.25092553,0.36529635,0.24780984,0.32600198,15955049239.63,14801803204.921062,2021-01-07T00:00:00.000Z,2021-01-07T16:27:03.000Z,2021-01-07T00:16:03.000Z,2021-01-07T23:59:59.999Z
2021-01-06,0.22686629,0.26915805,0.22346416,0.25089517,7552726810.44,11391651582.061646,2021-01-06T00:00:00.000Z,2021-01-06T14:46:03.000Z,2021-01-06T00:25:03.000Z,2021-01-06T23:59:59.999Z
2021-01-05,0.23663584,0.2412511,0.22160197,0.22675012,5378491929.29,10295369035.413813,2021-01-05T00:00:00.000Z,2021-01-05T11:42:03.000Z,2021-01-05T14:13:03.000Z,2021-01-05T23:59:59.999Z
2021-01-04,0.22603832,0.25647683,0.21972166,0.23667712,6141918380.17,10746094507.999727,2021-01-04T00:00:00.000Z,2021-01-04T07:02:03.000Z,2021-01-04T10:20:03.000Z,2021-01-04T23:59:59.999Z
2021-01-03,0.22174389,0.23774116,0.21716681,0.22584819,5109898871.42,10254417776.80276,2021-01-03T00:00:00.000Z,2021-01-03T17:10:03.000Z,2021-01-03T07:52:03.000Z,2021-01-03T23:59:59.999Z
2021-01-02,0.23766997,0.23838778,0.21581639,0.22165492,4773658725.19,10064026551.104263,2021-01-02T00:00:00.000Z,2021-01-02T02:10:03.000Z,2021-01-02T21:04:03.000Z,2021-01-02T23:59:59.999Z
2021-01-01,0.21984463,0.24926978,0.21728764,0.23744438,5888429287.11,10780931627.255676,2021-01-01T00:00:00.000Z,2021-01-01T17:16:03.000Z,2021-01-01T00:16:03.000Z,2021-01-01T23:59:59.999Z